YRMO,FIPS,EVENT_COUNT
201102,20003,1
201102,20019,1
201102,20035,1
201102,20037,2
201102,20125,1
201102,20173,1
201103,31021,1
201103,31131,2
201104,20001,1
201104,20003,2
201104,20015,7
201104,20017,1
201104,20019,2
201104,20027,1
201104,20031,1
201104,20035,4
201104,20041,1
201104,20059,1
201104,20061,1
201104,20073,9
201104,20087,1
201104,20099,2
201104,20103,2
201104,20107,2
201104,20111,1
201104,20115,1
201104,20117,1
201104,20125,3
201104,20127,2
201104,20139,1
201104,20169,2
201104,20173,3
201104,20177,2
201104,20181,2
201104,20197,2
201104,31011,1
201105,20009,15
201105,20015,5
201105,20019,3
201105,20021,12
201105,20029,1
201105,20033,1
201105,20035,1
201105,20037,1
201105,20041,1
201105,20043,1
201105,20045,2
201105,20049,1
201105,20051,1
201105,20053,4
201105,20055,1
201105,20057,4
201105,20059,1
201105,20069,1
201105,20073,7
201105,20081,1
201105,20083,1
201105,20087,3
201105,20089,2
201105,20091,5
201105,20095,1
201105,20097,1
201105,20099,4
201105,20101,1
201105,20103,2
201105,20105,6
201105,20109,2
201105,20111,3
201105,20113,2
201105,20115,2
201105,20121,1
201105,20123,3
201105,20125,3
201105,20133,4
201105,20139,6
201105,20141,1
201105,20143,1
201105,20145,2
201105,20147,1
201105,20151,6
201105,20155,8
201105,20157,1
201105,20159,1
201105,20165,7
201105,20167,14
201105,20169,1
201105,20171,1
201105,20173,3
201105,20177,5
201105,20181,8
201105,20183,1
201105,20185,2
201105,20191,2
201105,31001,2
201105,31003,1
201105,31009,3
201105,31011,1
201105,31019,4
201105,31021,1
201105,31023,4
201105,31035,1
201105,31037,2
201105,31039,2
201105,31041,1
201105,31043,2
201105,31047,3
201105,31053,2
201105,31059,1
201105,31061,1
201105,31067,3
201105,31073,1
201105,31079,3
201105,31081,4
201105,31089,4
201105,31093,3
201105,31095,1
201105,31097,1
201105,31099,1
201105,31101,4
201105,31125,1
201105,31129,1
201105,31141,5
201105,31143,7
201105,31149,1
201105,31151,1
201105,31153,2
201105,31163,1
201105,31165,2
201105,31167,3
201105,31169,1
201105,31173,2
201105,31175,2
201105,31181,1
201105,31185,1
201106,20001,1
201106,20005,1
201106,20007,2
201106,20011,2
201106,20013,1
201106,20015,27
201106,20017,6
201106,20019,6
201106,20023,1
201106,20025,1
201106,20031,3
201106,20033,1
201106,20035,6
201106,20037,4
201106,20039,2
201106,20041,5
201106,20045,5
201106,20047,3
201106,20049,2
201106,20051,3
201106,20053,5
201106,20055,6
201106,20057,6
201106,20061,2
201106,20063,4
201106,20065,5
201106,20067,8
201106,20069,4
201106,20071,5
201106,20075,5
201106,20079,5
201106,20083,3
201106,20085,1
201106,20087,1
201106,20091,3
201106,20093,8
201106,20095,2
201106,20097,2
201106,20099,1
201106,20101,5
201106,20103,4
201106,20105,11
201106,20109,1
201106,20111,2
201106,20113,14
201106,20115,5
201106,20117,3
201106,20119,2
201106,20121,3
201106,20123,3
201106,20125,2
201106,20127,3
201106,20129,1
201106,20133,1
201106,20135,1
201106,20137,9
201106,20139,1
201106,20141,3
201106,20143,2
201106,20145,3
201106,20147,2
201106,20151,19
201106,20155,7
201106,20157,1
201106,20159,1
201106,20161,1
201106,20163,2
201106,20167,7
201106,20169,5
201106,20171,5
201106,20173,27
201106,20175,2
201106,20179,3
201106,20181,1
201106,20185,1
201106,20187,7
201106,20189,1
201106,20191,2
201106,20193,1
201106,20199,2
201106,20205,1
201106,20207,1
201106,31003,8
201106,31005,3
201106,31007,1
201106,31011,1
201106,31013,2
201106,31017,3
201106,31019,4
201106,31021,4
201106,31023,1
201106,31025,1
201106,31027,5
201106,31029,2
201106,31031,23
201106,31033,10
201106,31039,1
201106,31041,1
201106,31045,4
201106,31047,8
201106,31049,3
201106,31051,2
201106,31053,5
201106,31055,3
201106,31057,2
201106,31061,1
201106,31063,1
201106,31065,5
201106,31067,1
201106,31069,1
201106,31073,1
201106,31077,1
201106,31079,1
201106,31081,1
201106,31083,2
201106,31085,1
201106,31089,2
201106,31093,3
201106,31095,1
201106,31097,1
201106,31099,1
201106,31105,1
201106,31107,2
201106,31109,2
201106,31111,1
201106,31119,3
201106,31121,4
201106,31123,1
201106,31125,1
201106,31127,1
201106,31135,2
201106,31137,1
201106,31139,3
201106,31141,2
201106,31143,1
201106,31145,3
201106,31147,1
201106,31153,1
201106,31155,4
201106,31157,8
201106,31159,2
201106,31161,5
201106,31163,1
201106,31165,2
201106,31167,4
201106,31173,3
201106,31175,1
201106,31177,2
201106,31179,1
201106,31183,3
201106,31185,1
201107,20001,1
201107,20007,3
201107,20009,6
201107,20011,3
201107,20015,7
201107,20017,1
201107,20021,1
201107,20023,5
201107,20029,2
201107,20031,1
201107,20033,1
201107,20035,4
201107,20037,2
201107,20039,7
201107,20041,4
201107,20051,4
201107,20053,2
201107,20057,4
201107,20061,6
201107,20063,2
201107,20065,2
201107,20067,3
201107,20073,1
201107,20081,1
201107,20083,1
201107,20089,5
201107,20091,2
201107,20093,2
201107,20095,2
201107,20097,1
201107,20099,2
201107,20109,5
201107,20111,2
201107,20113,2
201107,20117,3
201107,20119,1
201107,20121,1
201107,20125,1
201107,20127,1
201107,20131,2
201107,20133,3
201107,20135,2
201107,20137,4
201107,20141,1
201107,20143,6
201107,20145,1
201107,20147,2
201107,20149,6
201107,20151,10
201107,20153,3
201107,20155,2
201107,20157,1
201107,20161,4
201107,20163,1
201107,20165,7
201107,20167,4
201107,20169,1
201107,20173,12
201107,20175,1
201107,20177,1
201107,20181,5
201107,20183,1
201107,20187,5
201107,20191,3
201107,20193,2
201107,20195,1
201107,20197,1
201107,20199,1
201107,20201,2
201107,20203,1
201107,20207,1
201107,31001,2
201107,31007,3
201107,31011,2
201107,31013,3
201107,31019,4
201107,31023,1
201107,31025,1
201107,31029,2
201107,31031,1
201107,31033,8
201107,31035,2
201107,31041,2
201107,31045,1
201107,31047,5
201107,31049,1
201107,31051,1
201107,31055,2
201107,31057,6
201107,31059,2
201107,31061,4
201107,31063,1
201107,31065,1
201107,31067,2
201107,31069,1
201107,31075,1
201107,31077,2
201107,31079,5
201107,31085,4
201107,31087,1
201107,31089,2
201107,31091,1
201107,31095,2
201107,31099,1
201107,31109,1
201107,31111,3
201107,31113,1
201107,31119,2
201107,31121,3
201107,31123,4
201107,31125,1
201107,31127,2
201107,31129,2
201107,31131,1
201107,31133,2
201107,31135,1
201107,31137,2
201107,31139,1
201107,31141,1
201107,31143,1
201107,31145,2
201107,31151,2
201107,31155,1
201107,31157,2
201107,31159,2
201107,31161,6
201107,31163,1
201107,31165,2
201107,31167,2
201107,31169,5
201107,31173,1
201107,31175,1
201107,31179,1
201107,31181,2
201107,31185,3
201108,20003,1
201108,20005,4
201108,20007,3
201108,20009,3
201108,20013,3
201108,20015,9
201108,20019,1
201108,20021,3
201108,20023,5
201108,20027,3
201108,20029,1
201108,20031,2
201108,20041,1
201108,20043,1
201108,20045,4
201108,20047,8
201108,20051,10
201108,20053,3
201108,20055,4
201108,20057,6
201108,20059,2
201108,20061,2
201108,20065,1
201108,20067,3
201108,20075,5
201108,20077,1
201108,20079,4
201108,20083,5
201108,20085,5
201108,20087,4
201108,20091,7
201108,20095,8
201108,20097,3
201108,20099,2
201108,20101,1
201108,20103,7
201108,20105,1
201108,20107,1
201108,20109,3
201108,20113,3
201108,20115,2
201108,20119,2
201108,20121,1
201108,20125,1
201108,20133,2
201108,20135,3
201108,20137,1
201108,20139,3
201108,20141,1
201108,20145,3
201108,20149,6
201108,20151,11
201108,20153,3
201108,20155,11
201108,20159,10
201108,20161,1
201108,20165,3
201108,20167,6
201108,20173,5
201108,20175,1
201108,20177,18
201108,20179,2
201108,20183,1
201108,20185,4
201108,20191,6
201108,20193,10
201108,20195,4
201108,20197,5
201108,20199,1
201108,20205,1
201108,20207,1
201108,31003,2
201108,31005,1
201108,31009,1
201108,31011,3
201108,31013,1
201108,31015,1
201108,31017,6
201108,31021,2
201108,31025,2
201108,31027,2
201108,31031,14
201108,31033,2
201108,31037,1
201108,31039,1
201108,31045,2
201108,31047,1
201108,31049,1
201108,31051,7
201108,31055,4
201108,31067,1
201108,31073,4
201108,31081,2
201108,31087,3
201108,31089,8
201108,31101,1
201108,31103,3
201108,31105,1
201108,31107,1
201108,31109,3
201108,31111,3
201108,31113,1
201108,31121,1
201108,31127,2
201108,31131,2
201108,31135,1
201108,31139,2
201108,31141,2
201108,31143,1
201108,31145,3
201108,31147,1
201108,31149,1
201108,31151,1
201108,31153,4
201108,31155,1
201108,31159,4
201108,31165,1
201108,31171,1
201108,31175,1
201108,31177,1
201109,20067,2
201109,20139,1
201109,20177,1
201110,20063,1
201110,20067,4
201110,20069,2
201110,20081,2
201110,20101,2
201110,20129,1
201110,20137,1
201110,20171,3
201110,20187,3
201110,20193,1
201110,31019,2
201110,31031,4
201110,31091,3
201110,31117,1
201110,31137,3
201112,20137,2
201112,31137,1
201202,20011,2
201202,20015,6
201202,20019,1
201202,20021,5
201202,20029,1
201202,20031,1
201202,20035,6
201202,20037,12
201202,20045,2
201202,20059,1
201202,20073,1
201202,20077,1
201202,20089,1
201202,20091,2
201202,20095,2
201202,20099,3
201202,20103,5
201202,20113,4
201202,20115,3
201202,20125,3
201202,20127,1
201202,20133,1
201202,20139,2
201202,20143,1
201202,20155,3
201202,20157,1
201202,20173,3
201202,20177,1
201202,20191,4
201202,20197,1
201202,20201,1
201202,20205,1
201202,20209,1
201202,31077,1
201202,31111,1
201202,31113,2
201202,31125,1
201202,31175,1
201203,20021,1
201203,20073,2
201203,20089,1
201203,20111,2
201203,20139,1
201203,20173,2
201203,31031,1
201203,31111,5
201203,31117,1
201204,20007,1
201204,20009,1
201204,20015,5
201204,20019,1
201204,20021,3
201204,20023,1
201204,20025,2
201204,20029,1
201204,20033,4
201204,20035,1
201204,20037,2
201204,20041,3
201204,20047,4
201204,20053,2
201204,20057,2
201204,20063,2
201204,20069,4
201204,20073,1
201204,20077,2
201204,20083,1
201204,20087,1
201204,20095,3
201204,20097,4
201204,20099,4
201204,20109,1
201204,20111,1
201204,20113,3
201204,20115,1
201204,20117,1
201204,20123,3
201204,20127,2
201204,20139,1
201204,20143,1
201204,20145,2
201204,20147,1
201204,20151,2
201204,20155,1
201204,20157,2
201204,20159,2
201204,20165,4
201204,20167,9
201204,20169,4
201204,20173,5
201204,20177,2
201204,20185,5
201204,20191,3
201204,20193,1
201204,31001,1
201204,31011,1
201204,31013,1
201204,31025,4
201204,31035,2
201204,31041,2
201204,31067,1
201204,31075,1
201204,31083,1
201204,31087,3
201204,31095,1
201204,31097,3
201204,31101,3
201204,31107,2
201204,31111,9
201204,31127,2
201204,31129,1
201204,31131,2
201204,31153,1
201204,31159,1
201204,31163,1
201204,31169,2
201204,31175,1
201204,31181,1
201204,31183,2
201205,20007,2
201205,20009,1
201205,20015,11
201205,20021,1
201205,20029,1
201205,20033,1
201205,20039,2
201205,20047,1
201205,20051,1
201205,20057,4
201205,20063,1
201205,20065,1
201205,20069,1
201205,20073,1
201205,20075,1
201205,20077,2
201205,20079,4
201205,20083,5
201205,20091,2
201205,20095,13
201205,20105,1
201205,20113,1
201205,20123,1
201205,20135,2
201205,20137,1
201205,20143,1
201205,20147,1
201205,20149,1
201205,20151,1
201205,20155,6
201205,20157,1
201205,20161,1
201205,20163,1
201205,20165,9
201205,20167,4
201205,20173,17
201205,20177,3
201205,20181,1
201205,20191,1
201205,20195,1
201205,31001,2
201205,31011,2
201205,31019,1
201205,31023,2
201205,31027,1
201205,31033,1
201205,31035,2
201205,31037,1
201205,31047,2
201205,31051,1
201205,31055,3
201205,31059,2
201205,31061,1
201205,31071,2
201205,31077,2
201205,31079,1
201205,31105,2
201205,31115,1
201205,31119,2
201205,31129,2
201205,31141,1
201205,31143,1
201205,31151,2
201205,31153,1
201205,31155,7
201205,31159,1
201205,31169,1
201205,31177,2
201205,31181,1
201205,31185,1
201206,20015,1
201206,20017,1
201206,20019,1
201206,20029,1
201206,20041,2
201206,20051,1
201206,20055,5
201206,20063,3
201206,20065,4
201206,20067,1
201206,20071,2
201206,20075,2
201206,20083,1
201206,20085,1
201206,20095,1
201206,20097,2
201206,20117,2
201206,20123,1
201206,20125,1
201206,20135,3
201206,20137,2
201206,20141,1
201206,20143,2
201206,20147,2
201206,20149,3
201206,20151,1
201206,20153,1
201206,20155,7
201206,20157,1
201206,20163,1
201206,20165,1
201206,20177,1
201206,20179,2
201206,20181,1
201206,20183,1
201206,20187,1
201206,20191,3
201206,20193,3
201206,20195,1
201206,20197,1
201206,20199,2
201206,20201,2
201206,31029,1
201206,31033,1
201206,31035,1
201206,31041,3
201206,31045,2
201206,31057,3
201206,31065,2
201206,31071,1
201206,31075,1
201206,31083,3
201206,31109,1
201206,31111,2
201206,31129,1
201206,31135,1
201206,31153,3
201206,31155,1
201206,31157,1
201206,31161,2
201206,31169,1
201206,31181,1
201207,20015,2
201207,20021,3
201207,20023,1
201207,20027,1
201207,20029,1
201207,20035,1
201207,20037,3
201207,20041,1
201207,20043,1
201207,20045,2
201207,20051,1
201207,20055,2
201207,20059,3
201207,20061,3
201207,20065,1
201207,20077,1
201207,20087,1
201207,20095,1
201207,20103,1
201207,20105,1
201207,20111,3
201207,20117,1
201207,20121,1
201207,20123,3
201207,20131,2
201207,20137,1
201207,20143,5
201207,20153,1
201207,20155,1
201207,20163,1
201207,20165,2
201207,20167,2
201207,20173,2
201207,20177,1
201207,20181,1
201207,20193,1
201207,20201,4
201207,31029,4
201207,31033,1
201207,31041,1
201207,31047,2
201207,31049,3
201207,31053,1
201207,31089,1
201207,31111,1
201207,31113,1
201207,31123,1
201207,31157,1
201207,31159,1
201207,31161,2
201207,31173,1
201208,20013,2
201208,20021,1
201208,20025,1
201208,20037,1
201208,20055,1
201208,20057,13
201208,20069,2
201208,20085,1
201208,20089,1
201208,20091,1
201208,20097,4
201208,20103,3
201208,20109,2
201208,20117,1
201208,20119,2
201208,20129,1
201208,20139,1
201208,20149,1
201208,20153,1
201208,20163,1
201208,20177,2
201208,20181,1
201208,20201,2
201208,31005,1
201208,31017,3
201208,31025,2
201208,31029,2
201208,31031,7
201208,31049,2
201208,31051,1
201208,31053,1
201208,31055,1
201208,31069,1
201208,31089,1
201208,31091,1
201208,31101,2
201208,31111,2
201208,31153,3
201208,31157,1
201208,31161,1
201208,31163,1
201208,31179,1
201209,20001,1
201209,20003,2
201209,20011,5
201209,20015,1
201209,20019,1
201209,20021,4
201209,20031,5
201209,20035,1
201209,20037,5
201209,20051,2
201209,20059,1
201209,20063,1
201209,20065,3
201209,20079,1
201209,20083,1
201209,20085,1
201209,20087,1
201209,20089,2
201209,20099,3
201209,20101,1
201209,20103,2
201209,20109,1
201209,20111,5
201209,20123,1
201209,20125,4
201209,20129,2
201209,20133,2
201209,20135,3
201209,20141,2
201209,20145,1
201209,20147,1
201209,20151,2
201209,20161,1
201209,20163,6
201209,20167,4
201209,20177,1
201209,20179,1
201209,20183,1
201209,20207,1
201209,31041,2
201209,31089,1
201209,31129,1
201209,31149,1
201209,31169,2
201210,20021,1
201210,20075,1
201210,20117,1
201210,20143,2
201211,20009,2
201211,20027,1
201211,20047,3
201211,20053,1
201211,20057,2
201211,20097,1
201211,20113,2
201211,20133,2
201211,20143,3
201211,20145,1
201211,20159,4
201211,20161,1
201211,20185,1
201211,31021,1
201211,31067,1
201211,31141,1
201211,31181,1
201301,20037,1
201303,31019,1
201303,31111,2
201304,20089,1
201304,20167,1
201304,20169,1
201304,20183,1
201304,31019,3
201304,31037,1
201304,31041,1
201304,31049,1
201304,31053,2
201304,31057,1
201304,31063,1
201304,31079,1
201304,31085,2
201304,31087,1
201304,31099,1
201304,31137,5
201304,31141,1
201304,31145,1
201304,31147,1
201305,20005,2
201305,20009,2
201305,20011,2
201305,20013,2
201305,20015,3
201305,20019,9
201305,20021,4
201305,20023,1
201305,20025,4
201305,20027,3
201305,20029,3
201305,20033,4
201305,20035,8
201305,20037,3
201305,20041,2
201305,20045,1
201305,20047,1
201305,20051,5
201305,20053,3
201305,20055,9
201305,20057,2
201305,20061,5
201305,20063,2
201305,20065,2
201305,20067,3
201305,20073,4
201305,20075,1
201305,20081,1
201305,20085,2
201305,20087,4
201305,20089,1
201305,20091,2
201305,20093,3
201305,20095,1
201305,20097,1
201305,20099,3
201305,20103,2
201305,20105,1
201305,20107,2
201305,20109,4
201305,20111,1
201305,20113,1
201305,20115,1
201305,20117,6
201305,20121,2
201305,20123,3
201305,20125,6
201305,20127,1
201305,20131,4
201305,20133,1
201305,20135,2
201305,20137,5
201305,20139,3
201305,20141,2
201305,20143,6
201305,20145,6
201305,20147,4
201305,20149,3
201305,20151,2
201305,20153,1
201305,20155,4
201305,20157,1
201305,20159,1
201305,20161,3
201305,20163,1
201305,20165,1
201305,20167,2
201305,20169,1
201305,20171,1
201305,20173,3
201305,20177,7
201305,20181,5
201305,20183,7
201305,20185,3
201305,20187,2
201305,20191,4
201305,20193,1
201305,20195,1
201305,20197,1
201305,20201,4
201305,20203,1
201305,20205,1
201305,31001,1
201305,31005,1
201305,31007,1
201305,31013,2
201305,31017,1
201305,31019,1
201305,31021,1
201305,31023,2
201305,31025,2
201305,31033,2
201305,31035,5
201305,31041,2
201305,31045,2
201305,31047,1
201305,31049,3
201305,31051,1
201305,31053,2
201305,31055,1
201305,31057,1
201305,31059,1
201305,31067,4
201305,31069,3
201305,31075,1
201305,31077,1
201305,31089,1
201305,31091,1
201305,31093,1
201305,31095,3
201305,31099,1
201305,31101,5
201305,31105,2
201305,31107,1
201305,31109,1
201305,31111,3
201305,31113,1
201305,31117,2
201305,31119,3
201305,31123,3
201305,31127,2
201305,31141,1
201305,31145,1
201305,31147,4
201305,31151,2
201305,31155,1
201305,31163,1
201305,31165,4
201305,31167,1
201305,31169,3
201305,31183,1
201305,31185,3
201306,20001,3
201306,20007,5
201306,20009,2
201306,20011,1
201306,20015,2
201306,20021,4
201306,20023,1
201306,20025,1
201306,20029,3
201306,20033,2
201306,20035,8
201306,20041,1
201306,20043,1
201306,20047,1
201306,20051,4
201306,20053,9
201306,20055,3
201306,20057,14
201306,20059,2
201306,20061,4
201306,20067,1
201306,20069,4
201306,20075,3
201306,20077,1
201306,20079,5
201306,20091,6
201306,20093,5
201306,20095,4
201306,20097,6
201306,20105,15
201306,20109,2
201306,20111,4
201306,20113,10
201306,20119,1
201306,20121,1
201306,20123,3
201306,20125,1
201306,20129,1
201306,20137,1
201306,20141,6
201306,20143,2
201306,20151,2
201306,20153,4
201306,20155,3
201306,20159,1
201306,20165,2
201306,20167,3
201306,20169,2
201306,20173,19
201306,20175,7
201306,20177,2
201306,20181,5
201306,20183,6
201306,20185,5
201306,20187,1
201306,20189,5
201306,20191,2
201306,20193,4
201306,20203,1
201306,20205,1
201306,31001,1
201306,31007,2
201306,31011,1
201306,31017,2
201306,31027,1
201306,31031,1
201306,31033,2
201306,31041,11
201306,31045,2
201306,31047,5
201306,31049,4
201306,31053,3
201306,31055,1
201306,31057,1
201306,31061,1
201306,31063,1
201306,31067,2
201306,31069,1
201306,31073,4
201306,31079,2
201306,31081,1
201306,31087,1
201306,31089,4
201306,31091,4
201306,31097,1
201306,31105,1
201306,31111,4
201306,31123,1
201306,31135,3
201306,31141,1
201306,31145,1
201306,31147,1
201306,31151,1
201306,31157,1
201306,31161,3
201306,31171,1
201306,31175,5
201306,31185,1
201307,20007,5
201307,20011,1
201307,20015,3
201307,20023,1
201307,20025,1
201307,20033,4
201307,20035,5
201307,20041,2
201307,20051,1
201307,20053,1
201307,20055,5
201307,20057,10
201307,20061,1
201307,20063,2
201307,20065,1
201307,20069,2
201307,20071,3
201307,20075,2
201307,20081,3
201307,20093,2
201307,20095,15
201307,20105,1
201307,20125,3
201307,20127,2
201307,20135,1
201307,20137,1
201307,20143,2
201307,20151,1
201307,20155,12
201307,20167,1
201307,20169,1
201307,20173,3
201307,20181,1
201307,20187,1
201307,20191,11
201307,31007,1
201307,31017,3
201307,31025,1
201307,31027,3
201307,31029,1
201307,31031,12
201307,31033,1
201307,31041,5
201307,31045,5
201307,31047,1
201307,31051,1
201307,31057,2
201307,31065,1
201307,31071,1
201307,31087,1
201307,31091,1
201307,31093,1
201307,31101,2
201307,31103,1
201307,31111,7
201307,31135,1
201307,31145,2
201307,31149,2
201307,31157,1
201307,31161,1
201307,31175,5
201308,20007,1
201308,20011,1
201308,20015,11
201308,20023,1
201308,20025,3
201308,20031,2
201308,20041,3
201308,20047,1
201308,20049,1
201308,20055,1
201308,20057,1
201308,20061,2
201308,20065,1
201308,20067,1
201308,20071,1
201308,20073,4
201308,20075,2
201308,20079,4
201308,20081,1
201308,20083,1
201308,20093,3
201308,20095,4
201308,20101,5
201308,20111,4
201308,20113,1
201308,20115,4
201308,20129,4
201308,20135,1
201308,20143,1
201308,20151,8
201308,20153,1
201308,20155,9
201308,20171,1
201308,20173,2
201308,20181,4
201308,20187,1
201308,20205,1
201308,31003,1
201308,31011,2
201308,31013,1
201308,31017,4
201308,31031,1
201308,31033,2
201308,31035,4
201308,31037,1
201308,31045,2
201308,31047,5
201308,31049,2
201308,31053,1
201308,31077,2
201308,31079,2
201308,31081,1
201308,31085,1
201308,31089,2
201308,31091,2
201308,31093,2
201308,31105,3
201308,31111,8
201308,31113,1
201308,31125,1
201308,31137,1
201308,31145,1
201308,31151,1
201308,31157,4
201308,31161,3
201308,31171,2
201308,31173,1
201308,31177,1
201308,31183,1
201309,20013,1
201309,20033,1
201309,20039,2
201309,20045,2
201309,20079,1
201309,20081,1
201309,20089,1
201309,20091,6
201309,20103,2
201309,20117,1
201309,20123,1
201309,20141,1
201309,20167,1
201309,20177,1
201309,20181,1
201309,31033,1
201309,31045,1
201309,31047,1
201309,31063,2
201309,31065,2
201309,31067,1
201309,31069,1
201309,31089,1
201309,31101,1
201309,31119,1
201309,31127,3
201309,31147,2
201309,31153,1
201309,31177,1
201310,20005,1
201310,20015,3
201310,20023,1
201310,20027,2
201310,20061,1
201310,20063,1
201310,20083,2
201310,20085,2
201310,20093,2
201310,20103,1
201310,20125,1
201310,20139,2
201310,20149,2
201310,20153,2
201310,20161,2
201310,20173,4
201310,20181,3
201310,20187,2
201310,20193,1
201310,20197,1
201310,20199,1
201310,31003,1
201310,31025,2
201310,31029,2
201310,31043,1
201310,31049,1
201310,31051,2
201310,31059,1
201310,31067,1
201310,31085,1
201310,31107,1
201310,31109,1
201310,31111,2
201310,31131,1
201310,31135,1
201310,31151,1
201310,31161,1
201310,31167,1
201310,31173,1
201310,31179,1
201404,20001,2
201404,20003,1
201404,20007,1
201404,20009,1
201404,20011,1
201404,20019,2
201404,20021,3
201404,20031,1
201404,20073,1
201404,20099,2
201404,20103,1
201404,20107,3
201404,20125,5
201404,20131,1
201404,20133,2
201404,20137,2
201404,20147,1
201404,20149,1
201404,20153,1
201404,20177,2
201404,20193,1
201404,20207,4
201404,31019,2
201404,31061,2
201404,31079,2
201404,31119,1
201404,31141,1
201404,31143,1
201404,31185,2
201405,20005,1
201405,20009,1
201405,20013,2
201405,20015,3
201405,20041,5
201405,20045,1
201405,20047,5
201405,20049,3
201405,20053,2
201405,20069,1
201405,20073,4
201405,20079,1
201405,20095,2
201405,20097,1
201405,20103,2
201405,20107,1
201405,20109,1
201405,20113,13
201405,20119,1
201405,20129,2
201405,20141,1
201405,20145,2
201405,20151,3
201405,20155,2
201405,20159,3
201405,20173,1
201405,20177,3
201405,20179,1
201405,20185,4
201405,31013,7
201405,31035,3
201405,31041,2
201405,31047,1
201405,31049,1
201405,31053,1
201405,31055,6
201405,31059,5
201405,31067,1
201405,31085,1
201405,31093,1
201405,31095,1
201405,31105,2
201405,31109,7
201405,31111,4
201405,31135,1
201405,31147,1
201405,31151,2
201405,31153,1
201405,31155,3
201405,31157,3
201405,31159,7
201405,31163,2
201405,31165,4
201405,31185,3
201406,20005,1
201406,20007,4
201406,20009,10
201406,20011,2
201406,20013,6
201406,20021,1
201406,20023,13
201406,20025,3
201406,20027,3
201406,20029,5
201406,20033,6
201406,20035,2
201406,20037,1
201406,20039,6
201406,20041,8
201406,20043,2
201406,20045,1
201406,20047,1
201406,20049,2
201406,20051,1
201406,20053,1
201406,20055,12
201406,20057,15
201406,20059,2
201406,20061,4
201406,20063,13
201406,20065,3
201406,20067,3
201406,20069,14
201406,20071,6
201406,20073,3
201406,20075,3
201406,20077,2
201406,20079,1
201406,20083,8
201406,20089,4
201406,20091,8
201406,20093,9
201406,20097,1
201406,20099,2
201406,20101,7
201406,20103,2
201406,20105,3
201406,20109,14
201406,20111,1
201406,20113,11
201406,20115,2
201406,20119,5
201406,20123,1
201406,20125,2
201406,20129,1
201406,20131,3
201406,20135,7
201406,20137,6
201406,20141,2
201406,20143,7
201406,20145,3
201406,20147,9
201406,20149,1
201406,20153,11
201406,20155,6
201406,20157,7
201406,20159,3
201406,20161,1
201406,20163,3
201406,20165,5
201406,20167,7
201406,20169,5
201406,20171,3
201406,20173,1
201406,20175,6
201406,20177,7
201406,20179,3
201406,20181,16
201406,20183,2
201406,20185,1
201406,20187,1
201406,20193,8
201406,20195,3
201406,20199,2
201406,20201,1
201406,20203,2
201406,20207,2
201406,20209,2
201406,31001,10
201406,31003,2
201406,31009,2
201406,31013,3
201406,31015,2
201406,31017,2
201406,31019,2
201406,31021,3
201406,31023,3
201406,31025,1
201406,31027,6
201406,31029,3
201406,31031,12
201406,31033,1
201406,31035,3
201406,31039,2
201406,31041,6
201406,31043,2
201406,31045,2
201406,31049,1
201406,31051,4
201406,31053,2
201406,31055,5
201406,31057,5
201406,31059,3
201406,31061,3
201406,31063,7
201406,31065,10
201406,31067,1
201406,31069,3
201406,31071,8
201406,31073,2
201406,31075,3
201406,31077,5
201406,31079,4
201406,31081,5
201406,31083,4
201406,31085,7
201406,31087,1
201406,31089,6
201406,31091,6
201406,31093,5
201406,31095,2
201406,31099,1
201406,31101,2
201406,31105,1
201406,31107,1
201406,31109,4
201406,31111,18
201406,31113,1
201406,31115,1
201406,31117,3
201406,31119,2
201406,31123,1
201406,31125,2
201406,31129,2
201406,31135,1
201406,31137,1
201406,31139,3
201406,31143,3
201406,31145,5
201406,31149,3
201406,31151,1
201406,31153,3
201406,31155,1
201406,31157,1
201406,31161,6
201406,31163,1
201406,31167,6
201406,31169,3
201406,31171,2
201406,31173,5
201406,31175,4
201406,31177,3
201406,31179,6
201406,31181,3
201406,31185,5
201407,20003,1
201407,20005,1
201407,20007,1
201407,20019,1
201407,20021,2
201407,20023,2
201407,20027,3
201407,20031,2
201407,20033,1
201407,20045,1
201407,20059,3
201407,20061,4
201407,20067,4
201407,20075,7
201407,20085,2
201407,20089,2
201407,20091,3
201407,20103,1
201407,20107,1
201407,20109,5
201407,20121,1
201407,20125,3
201407,20127,2
201407,20129,6
201407,20131,1
201407,20135,1
201407,20139,3
201407,20149,9
201407,20151,2
201407,20161,3
201407,20171,1
201407,20173,2
201407,20177,2
201407,20181,2
201407,20187,1
201407,20197,2
201407,20199,1
201407,20203,2
201407,20209,1
201407,31001,2
201407,31009,2
201407,31013,2
201407,31017,1
201407,31019,2
201407,31031,5
201407,31033,2
201407,31041,7
201407,31045,3
201407,31047,2
201407,31057,1
201407,31067,1
201407,31069,1
201407,31071,1
201407,31073,1
201407,31095,1
201407,31099,1
201407,31105,2
201407,31107,3
201407,31115,2
201407,31117,2
201407,31123,2
201407,31143,1
201407,31161,3
201407,31169,1
201407,31181,3
201408,20009,2
201408,20015,6
201408,20023,4
201408,20027,4
201408,20029,7
201408,20031,1
201408,20035,2
201408,20037,1
201408,20041,2
201408,20043,1
201408,20051,5
201408,20053,1
201408,20055,3
201408,20057,4
201408,20061,1
201408,20063,4
201408,20067,1
201408,20071,3
201408,20075,1
201408,20083,2
201408,20087,1
201408,20089,4
201408,20091,1
201408,20093,1
201408,20105,1
201408,20109,1
201408,20111,3
201408,20113,1
201408,20115,3
201408,20117,2
201408,20121,6
201408,20123,2
201408,20131,7
201408,20139,4
201408,20141,1
201408,20143,9
201408,20145,1
201408,20147,4
201408,20149,2
201408,20155,2
201408,20157,7
201408,20159,1
201408,20161,5
201408,20163,4
201408,20165,2
201408,20167,1
201408,20171,2
201408,20173,4
201408,20177,2
201408,20181,2
201408,20183,5
201408,20189,2
201408,20191,1
201408,20193,1
201408,20195,2
201408,20197,1
201408,20199,3
201408,20201,2
201408,31001,12
201408,31009,2
201408,31017,1
201408,31019,2
201408,31029,2
201408,31031,5
201408,31035,1
201408,31041,1
201408,31043,2
201408,31045,2
201408,31047,3
201408,31057,3
201408,31063,1
201408,31065,2
201408,31069,2
201408,31071,2
201408,31075,1
201408,31079,6
201408,31083,1
201408,31089,1
201408,31093,1
201408,31095,1
201408,31099,3
201408,31101,1
201408,31111,5
201408,31115,2
201408,31123,2
201408,31129,1
201408,31131,1
201408,31163,2
201408,31171,1
201408,31175,2
201408,31177,1
201408,31181,1
201409,20001,1
201409,20009,2
201409,20011,1
201409,20015,1
201409,20017,2
201409,20019,3
201409,20021,4
201409,20031,4
201409,20035,2
201409,20051,1
201409,20055,1
201409,20057,1
201409,20063,1
201409,20069,1
201409,20071,1
201409,20089,1
201409,20099,1
201409,20105,2
201409,20109,1
201409,20111,1
201409,20123,1
201409,20131,1
201409,20135,2
201409,20149,2
201409,20153,2
201409,20157,1
201409,20165,4
201409,20167,4
201409,20171,1
201409,20175,1
201409,20181,2
201409,20195,1
201409,20197,2
201409,31041,2
201409,31053,1
201409,31055,1
201409,31071,1
201409,31131,3
201409,31159,1
201409,31169,1
201410,20003,1
201410,20029,1
201410,20031,1
201410,20033,1
201410,20085,1
201410,20117,1
201410,20119,1
201410,20123,3
201410,20131,1
201410,20177,3
201410,20207,1
201410,31035,1
201410,31067,1
201410,31097,1
201410,31111,1
201412,20077,1
201503,31069,1
201504,20001,3
201504,20003,1
201504,20007,6
201504,20009,3
201504,20015,11
201504,20019,5
201504,20021,2
201504,20033,1
201504,20035,2
201504,20049,1
201504,20051,3
201504,20053,1
201504,20055,1
201504,20061,1
201504,20071,1
201504,20075,3
201504,20079,7
201504,20095,2
201504,20099,4
201504,20105,1
201504,20109,1
201504,20115,1
201504,20125,3
201504,20133,2
201504,20135,1
201504,20145,5
201504,20151,3
201504,20155,10
201504,20167,3
201504,20171,10
201504,20173,19
201504,20181,2
201504,20183,1
201504,20185,1
201504,20189,1
201504,20199,1
201504,20201,1
201504,20203,1
201504,20205,5
201504,31001,1
201504,31025,1
201504,31033,1
201504,31035,1
201504,31061,1
201504,31181,2
201505,20013,1
201505,20017,1
201505,20021,1
201505,20023,1
201505,20029,2
201505,20039,1
201505,20055,11
201505,20057,6
201505,20063,2
201505,20065,1
201505,20067,2
201505,20069,10
201505,20071,1
201505,20073,4
201505,20077,1
201505,20079,1
201505,20081,3
201505,20085,1
201505,20089,6
201505,20101,6
201505,20105,1
201505,20107,1
201505,20109,1
201505,20111,4
201505,20113,4
201505,20119,5
201505,20123,2
201505,20135,4
201505,20139,2
201505,20141,1
201505,20143,2
201505,20147,4
201505,20149,3
201505,20157,8
201505,20171,4
201505,20173,3
201505,20175,4
201505,20177,1
201505,20179,2
201505,20181,3
201505,20183,3
201505,20185,1
201505,20193,2
201505,20195,1
201505,20201,4
201505,20203,2
201505,31001,1
201505,31011,1
201505,31021,1
201505,31031,6
201505,31035,1
201505,31055,1
201505,31065,1
201505,31067,2
201505,31069,1
201505,31079,1
201505,31083,3
201505,31095,1
201505,31097,1
201505,31101,2
201505,31109,3
201505,31123,1
201505,31127,1
201505,31129,2
201505,31145,2
201505,31151,1
201505,31161,4
201505,31169,5
201505,31173,1
201505,31177,1
201506,20005,1
201506,20007,1
201506,20009,3
201506,20015,1
201506,20017,1
201506,20019,1
201506,20025,1
201506,20031,1
201506,20037,1
201506,20045,3
201506,20053,1
201506,20061,2
201506,20063,2
201506,20067,1
201506,20069,3
201506,20083,1
201506,20085,4
201506,20091,5
201506,20099,5
201506,20103,1
201506,20109,3
201506,20115,2
201506,20119,1
201506,20121,1
201506,20123,1
201506,20127,1
201506,20139,2
201506,20141,2
201506,20143,1
201506,20149,6
201506,20153,1
201506,20161,6
201506,20169,1
201506,20177,9
201506,20179,1
201506,20181,1
201506,20183,1
201506,20189,3
201506,20197,1
201506,20203,1
201506,20209,1
201506,31001,1
201506,31009,4
201506,31013,3
201506,31017,1
201506,31031,3
201506,31033,1
201506,31035,1
201506,31039,1
201506,31045,1
201506,31049,4
201506,31061,1
201506,31065,2
201506,31069,4
201506,31071,2
201506,31075,2
201506,31079,2
201506,31081,1
201506,31089,1
201506,31095,1
201506,31099,1
201506,31101,3
201506,31107,2
201506,31111,4
201506,31115,2
201506,31119,1
201506,31121,1
201506,31123,2
201506,31135,2
201506,31141,2
201506,31151,1
201506,31161,7
201506,31173,1
201506,31175,1
201506,31181,1
201506,31183,2
201507,20001,1
201507,20007,4
201507,20011,2
201507,20015,6
201507,20017,1
201507,20023,3
201507,20027,1
201507,20029,1
201507,20031,3
201507,20045,2
201507,20051,1
201507,20053,1
201507,20055,8
201507,20059,2
201507,20061,3
201507,20065,2
201507,20067,1
201507,20069,17
201507,20071,3
201507,20077,5
201507,20081,1
201507,20083,4
201507,20091,8
201507,20093,1
201507,20105,1
201507,20107,4
201507,20111,2
201507,20113,2
201507,20117,1
201507,20119,3
201507,20121,1
201507,20123,2
201507,20129,1
201507,20135,2
201507,20137,1
201507,20139,3
201507,20145,3
201507,20147,1
201507,20155,2
201507,20157,3
201507,20159,1
201507,20165,2
201507,20167,2
201507,20169,1
201507,20171,1
201507,20175,5
201507,20177,2
201507,20179,1
201507,20181,3
201507,20185,1
201507,20187,4
201507,20197,3
201507,20199,1
201507,20207,1
201507,20209,2
201507,31003,1
201507,31005,2
201507,31007,3
201507,31009,2
201507,31011,1
201507,31015,3
201507,31017,4
201507,31021,1
201507,31025,1
201507,31029,1
201507,31031,6
201507,31033,2
201507,31035,1
201507,31039,1
201507,31041,2
201507,31043,1
201507,31045,1
201507,31049,1
201507,31051,2
201507,31055,1
201507,31059,1
201507,31063,1
201507,31067,1
201507,31069,9
201507,31075,2
201507,31079,2
201507,31081,2
201507,31087,2
201507,31089,1
201507,31091,4
201507,31095,1
201507,31101,4
201507,31103,4
201507,31109,3
201507,31111,3
201507,31121,2
201507,31123,2
201507,31133,1
201507,31145,1
201507,31149,2
201507,31151,1
201507,31153,1
201507,31157,2
201507,31159,2
201507,31161,2
201507,31169,1
201507,31171,7
201507,31179,1
201507,31185,4
201508,20021,6
201508,20023,2
201508,20037,2
201508,20039,2
201508,20041,1
201508,20045,1
201508,20055,4
201508,20065,1
201508,20067,3
201508,20069,1
201508,20071,1
201508,20079,3
201508,20081,1
201508,20083,1
201508,20099,4
201508,20107,1
201508,20109,4
201508,20113,3
201508,20121,2
201508,20125,2
201508,20141,1
201508,20153,2
201508,20157,4
201508,20161,1
201508,20165,1
201508,20167,1
201508,20169,2
201508,20175,1
201508,20177,8
201508,20183,2
201508,20187,1
201508,20193,1
201508,20197,3
201508,20203,1
201508,31001,1
201508,31019,2
201508,31023,1
201508,31029,1
201508,31031,2
201508,31033,2
201508,31035,1
201508,31047,1
201508,31051,1
201508,31057,1
201508,31063,2
201508,31065,1
201508,31073,1
201508,31087,2
201508,31101,1
201508,31105,3
201508,31111,13
201508,31113,1
201508,31121,1
201508,31127,1
201508,31129,1
201508,31133,1
201508,31135,1
201508,31147,1
201508,31171,3
201508,31181,1
201508,31183,1
201509,20001,2
201509,20003,1
201509,20009,7
201509,20013,1
201509,20027,1
201509,20041,3
201509,20059,2
201509,20061,4
201509,20063,1
201509,20067,1
201509,20073,1
201509,20089,4
201509,20091,5
201509,20099,1
201509,20103,3
201509,20107,1
201509,20109,1
201509,20111,5
201509,20115,7
201509,20117,2
201509,20121,2
201509,20125,1
201509,20127,2
201509,20129,1
201509,20135,1
201509,20139,2
201509,20141,1
201509,20155,5
201509,20161,1
201509,20169,1
201509,20171,2
201509,20173,1
201509,20185,1
201509,20187,1
201509,20189,1
201509,20197,1
201509,20201,2
201509,20207,1
201509,31023,1
201509,31025,1
201509,31047,1
201509,31049,1
201509,31055,1
201509,31067,7
201509,31079,1
201509,31081,2
201509,31093,1
201509,31095,2
201509,31097,1
201509,31101,1
201509,31107,1
201509,31109,1
201509,31111,3
201509,31131,1
201509,31135,1
201509,31145,1
201509,31151,1
201509,31155,1
201509,31169,3
201509,31181,2
201510,20055,2
201510,20067,1
201510,20069,2
201511,20023,1
201511,20033,2
201511,20037,1
201511,20055,1
201511,20057,1
201511,20063,3
201511,20065,1
201511,20067,1
201511,20069,2
201511,20077,1
201511,20101,1
201511,20119,2
201511,20135,2
201511,20137,3
201511,20153,1
201511,20175,2
201511,20179,3
201511,20181,1
201511,20191,1
201511,20195,2
201511,31065,1
201511,31131,1
201511,31155,1
201603,20015,1
201603,20035,1
201603,20193,1
201604,20015,3
201604,20019,1
201604,20021,1
201604,20031,1
201604,20035,3
201604,20037,1
201604,20053,1
201604,20059,3
201604,20061,2
201604,20087,1
201604,20099,4
201604,20107,1
201604,20117,2
201604,20121,1
201604,20125,4
201604,20129,2
201604,20131,3
201604,20143,1
201604,20149,1
201604,20151,1
201604,20153,1
201604,20157,1
201604,20161,1
201604,20169,2
201604,20173,5
201604,20177,1
201604,20181,1
201604,20183,1
201604,20187,1
201604,20191,1
201604,20193,1
201604,20205,1
201604,31025,1
201604,31047,1
201604,31055,3
201604,31109,1
201604,31129,2
201604,31147,1
201604,31153,1
201604,31155,1
201604,31157,5
201604,31177,1
201605,20009,2
201605,20015,14
201605,20023,2
201605,20027,1
201605,20029,2
201605,20035,2
201605,20039,2
201605,20041,3
201605,20045,8
201605,20047,3
201605,20049,1
201605,20051,2
201605,20053,3
201605,20055,1
201605,20057,12
201605,20059,1
201605,20061,3
201605,20063,2
201605,20065,2
201605,20071,2
201605,20073,3
201605,20077,2
201605,20079,2
201605,20083,8
201605,20087,5
201605,20091,7
201605,20093,4
201605,20095,3
201605,20101,8
201605,20103,4
201605,20105,2
201605,20109,1
201605,20111,1
201605,20113,1
201605,20117,1
201605,20127,1
201605,20135,7
201605,20137,2
201605,20139,3
201605,20141,2
201605,20143,2
201605,20147,1
201605,20149,1
201605,20151,2
201605,20153,6
201605,20155,2
201605,20159,2
201605,20161,1
201605,20163,2
201605,20165,3
201605,20167,3
201605,20169,1
201605,20171,6
201605,20173,3
201605,20177,5
201605,20179,1
201605,20181,8
201605,20191,1
201605,20193,5
201605,20195,1
201605,20197,3
201605,20199,1
201605,20201,3
201605,20203,6
201605,20207,1
201605,20209,1
201605,31001,2
201605,31013,2
201605,31019,1
201605,31025,1
201605,31029,3
201605,31031,3
201605,31033,4
201605,31035,3
201605,31041,1
201605,31047,1
201605,31055,2
201605,31063,4
201605,31065,1
201605,31067,1
201605,31073,2
201605,31075,1
201605,31081,1
201605,31083,1
201605,31085,1
201605,31089,1
201605,31099,2
201605,31101,1
201605,31109,2
201605,31111,11
201605,31113,2
201605,31115,1
201605,31117,1
201605,31121,1
201605,31123,1
201605,31135,2
201605,31137,1
201605,31145,2
201605,31155,1
201605,31181,1
201605,31185,1
201606,20003,1
201606,20007,5
201606,20011,1
201606,20015,2
201606,20019,4
201606,20021,1
201606,20023,4
201606,20027,1
201606,20029,1
201606,20037,5
201606,20041,2
201606,20051,4
201606,20055,4
201606,20057,1
201606,20061,1
201606,20063,1
201606,20067,3
201606,20069,1
201606,20071,1
201606,20075,1
201606,20079,2
201606,20081,1
201606,20087,1
201606,20091,1
201606,20093,1
201606,20099,2
201606,20101,1
201606,20109,1
201606,20111,1
201606,20113,1
201606,20119,1
201606,20121,1
201606,20129,1
201606,20135,1
201606,20143,2
201606,20145,1
201606,20153,5
201606,20155,3
201606,20159,1
201606,20169,3
201606,20173,12
201606,20175,3
201606,20177,3
201606,20181,1
201606,20183,1
201606,20185,1
201606,20187,1
201606,20191,2
201606,20193,1
201606,20195,1
201606,31001,2
201606,31007,1
201606,31011,2
201606,31013,3
201606,31017,1
201606,31025,1
201606,31027,1
201606,31029,3
201606,31031,11
201606,31033,4
201606,31037,1
201606,31041,1
201606,31045,6
201606,31047,1
201606,31049,4
201606,31051,1
201606,31055,1
201606,31057,5
201606,31065,2
201606,31069,5
201606,31073,1
201606,31075,3
201606,31085,1
201606,31089,4
201606,31091,1
201606,31099,2
201606,31101,8
201606,31105,3
201606,31107,2
201606,31111,7
201606,31113,4
201606,31119,1
201606,31123,7
201606,31135,2
201606,31137,2
201606,31145,2
201606,31149,1
201606,31153,2
201606,31157,6
201606,31161,3
201606,31165,1
201606,31173,2
201606,31179,4
201606,31181,1
201607,20005,1
201607,20009,6
201607,20011,1
201607,20015,8
201607,20017,1
201607,20021,4
201607,20023,1
201607,20027,5
201607,20029,5
201607,20035,3
201607,20037,2
201607,20039,1
201607,20041,1
201607,20043,2
201607,20045,3
201607,20051,3
201607,20053,6
201607,20055,2
201607,20057,3
201607,20059,1
201607,20061,3
201607,20063,2
201607,20065,2
201607,20067,2
201607,20069,3
201607,20071,1
201607,20073,3
201607,20075,2
201607,20077,4
201607,20081,2
201607,20083,1
201607,20085,3
201607,20087,3
201607,20091,4
201607,20095,4
201607,20103,1
201607,20105,3
201607,20109,1
201607,20113,6
201607,20119,2
201607,20121,1
201607,20123,3
201607,20127,1
201607,20131,1
201607,20135,2
201607,20137,2
201607,20141,2
201607,20143,3
201607,20145,4
201607,20147,2
201607,20149,5
201607,20155,8
201607,20159,5
201607,20161,2
201607,20163,1
201607,20167,6
201607,20169,1
201607,20173,32
201607,20175,1
201607,20177,7
201607,20181,3
201607,20183,4
201607,20189,1
201607,20191,1
201607,20193,2
201607,20195,3
201607,20197,1
201607,20199,2
201607,20205,2
201607,20209,3
201607,31001,2
201607,31005,1
201607,31009,1
201607,31013,1
201607,31015,1
201607,31017,1
201607,31019,2
201607,31021,5
201607,31023,3
201607,31029,1
201607,31031,24
201607,31033,1
201607,31037,1
201607,31039,4
201607,31041,5
201607,31045,7
201607,31047,1
201607,31053,3
201607,31055,3
201607,31057,3
201607,31065,3
201607,31069,1
201607,31077,2
201607,31079,6
201607,31081,1
201607,31087,1
201607,31089,1
201607,31091,1
201607,31093,1
201607,31097,1
201607,31099,4
201607,31101,4
201607,31103,1
201607,31105,1
201607,31111,10
201607,31113,1
201607,31115,3
201607,31117,5
201607,31123,2
201607,31127,2
201607,31141,4
201607,31143,1
201607,31145,2
201607,31147,1
201607,31151,1
201607,31153,1
201607,31157,2
201607,31161,10
201607,31163,1
201607,31171,1
201607,31173,1
201607,31175,1
201607,31181,1
201608,20003,2
201608,20007,1
201608,20015,2
201608,20021,1
201608,20027,2
201608,20029,1
201608,20031,2
201608,20035,4
201608,20045,6
201608,20057,2
201608,20059,5
201608,20069,1
201608,20073,1
201608,20083,2
201608,20087,2
201608,20089,2
201608,20091,3
201608,20093,1
201608,20095,1
201608,20101,1
201608,20111,7
201608,20115,2
201608,20119,1
201608,20123,4
201608,20125,2
201608,20139,1
201608,20141,1
201608,20149,1
201608,20155,1
201608,20161,2
201608,20165,1
201608,20167,4
201608,20173,2
201608,20177,6
201608,20181,3
201608,20185,1
201608,20191,2
201608,20195,1
201608,20197,1
201608,31013,1
201608,31015,1
201608,31023,1
201608,31041,3
201608,31043,2
201608,31045,1
201608,31047,1
201608,31051,1
201608,31053,1
201608,31055,2
201608,31095,1
201608,31101,2
201608,31111,8
201608,31123,1
201608,31131,1
201608,31155,1
201608,31157,1
201608,31163,1
201608,31169,5
201608,31173,1
201608,31177,2
201608,31179,1
201609,20001,1
201609,20007,1
201609,20035,1
201609,20065,1
201609,20071,2
201609,20077,1
201609,20091,3
201609,20095,2
201609,20097,1
201609,20151,1
201609,20153,1
201609,20155,1
201609,20173,2
201609,20179,2
201609,20181,7
201609,20193,4
201609,31005,1
201609,31031,1
201609,31033,3
201609,31045,1
201609,31055,1
201609,31063,3
201609,31075,1
201609,31083,1
201609,31101,3
201609,31113,1
201609,31117,1
201609,31127,1
201609,31131,1
201609,31165,1
201609,31177,1
201609,31181,1
201609,31185,1
201610,20001,2
201610,20011,1
201610,20015,1
201610,20027,4
201610,20035,3
201610,20041,1
201610,20061,1
201610,20099,2
201610,20105,2
201610,20107,1
201610,20143,3
201610,20169,2
201610,20173,12
201610,20177,2
201610,20201,1
201610,31031,2
201610,31045,1
201610,31111,1
201610,31151,1
201611,20081,3
201611,20091,2
201611,20161,1
201611,31061,1
201611,31129,1
201611,31181,1
201612,20009,1
201612,20023,1
201612,20033,1
201612,20053,1
201612,20057,3
201612,20063,1
201612,20083,1
201612,20097,2
201612,20105,1
201612,20123,1
201612,20141,1
201612,20157,1
201612,20159,2
201612,20165,1
201612,20169,1
201612,20175,1
201612,31001,2
201612,31019,2
201612,31061,2
201612,31099,3
201612,31137,1
201612,31151,1
201612,31159,4
201612,31169,2
201612,31181,1
201702,20021,1
201702,20037,5
201703,20001,1
201703,20003,5
201703,20011,4
201703,20015,4
201703,20017,1
201703,20021,2
201703,20035,4
201703,20037,5
201703,20045,1
201703,20055,1
201703,20057,1
201703,20059,2
201703,20061,1
201703,20063,1
201703,20067,4
201703,20077,1
201703,20083,1
201703,20087,2
201703,20091,10
201703,20099,2
201703,20103,2
201703,20107,4
201703,20111,1
201703,20117,1
201703,20121,2
201703,20125,5
201703,20131,2
201703,20137,1
201703,20149,1
201703,20177,1
201703,20197,4
201703,20207,1
201703,20209,1
201703,31019,4
201703,31047,1
201703,31055,1
201703,31065,2
201703,31073,2
201703,31079,3
201703,31081,2
201703,31083,2
201703,31121,1
201703,31127,1
201703,31137,3
201704,20019,3
201704,20021,1
201704,20035,1
201704,20061,1
201704,20063,1
201704,20085,1
201704,20099,2
201704,20125,2
201704,20143,1
201704,20145,1
201704,20151,1
201704,20165,1
201704,20181,1
201704,20185,1
201704,20205,2
201704,31021,3
201704,31039,1
201704,31041,1
201704,31047,1
201704,31057,1
201704,31063,3
201704,31065,1
201704,31067,1
201704,31073,2
201704,31087,3
201704,31099,1
201704,31111,2
201704,31119,1
201704,31131,1
201704,31137,1
201704,31145,3
201704,31159,1
201704,31161,1
201704,31177,1
201705,20007,3
201705,20009,5
201705,20015,3
201705,20017,2
201705,20019,1
201705,20025,2
201705,20027,1
201705,20033,1
201705,20037,2
201705,20039,1
201705,20041,3
201705,20045,5
201705,20051,3
201705,20055,1
201705,20057,6
201705,20059,1
201705,20063,4
201705,20065,3
201705,20067,3
201705,20073,2
201705,20077,1
201705,20079,3
201705,20085,2
201705,20087,5
201705,20091,11
201705,20093,1
201705,20095,5
201705,20097,1
201705,20105,2
201705,20107,1
201705,20109,13
201705,20111,2
201705,20113,1
201705,20121,2
201705,20127,1
201705,20129,4
201705,20133,2
201705,20135,3
201705,20139,1
201705,20145,4
201705,20147,3
201705,20151,7
201705,20155,6
201705,20157,1
201705,20159,2
201705,20165,2
201705,20167,3
201705,20169,5
201705,20171,2
201705,20173,1
201705,20175,1
201705,20179,5
201705,20181,17
201705,20183,1
201705,20185,3
201705,20189,2
201705,20193,1
201705,20195,2
201705,20197,1
201705,31001,4
201705,31019,1
201705,31021,1
201705,31031,1
201705,31035,1
201705,31039,1
201705,31045,1
201705,31055,7
201705,31059,1
201705,31061,3
201705,31065,1
201705,31067,1
201705,31079,3
201705,31083,1
201705,31099,3
201705,31121,1
201705,31135,1
201705,31137,4
201705,31151,1
201705,31153,3
201705,31155,1
201705,31161,1
201705,31169,1
201705,31177,2
201706,20001,3
201706,20003,1
201706,20005,6
201706,20007,9
201706,20009,4
201706,20011,3
201706,20013,4
201706,20015,14
201706,20021,4
201706,20027,1
201706,20031,3
201706,20033,2
201706,20035,15
201706,20037,7
201706,20041,3
201706,20045,4
201706,20049,1
201706,20051,6
201706,20053,1
201706,20055,2
201706,20057,7
201706,20059,1
201706,20063,3
201706,20067,3
201706,20069,7
201706,20071,1
201706,20073,3
201706,20077,3
201706,20079,4
201706,20085,1
201706,20087,8
201706,20091,9
201706,20093,3
201706,20095,4
201706,20097,1
201706,20103,13
201706,20105,5
201706,20107,3
201706,20109,1
201706,20111,4
201706,20113,6
201706,20115,3
201706,20117,9
201706,20119,1
201706,20123,1
201706,20125,3
201706,20133,3
201706,20135,1
201706,20139,2
201706,20143,1
201706,20149,1
201706,20151,1
201706,20155,10
201706,20159,1
201706,20163,1
201706,20165,1
201706,20167,3
201706,20169,7
201706,20173,14
201706,20175,1
201706,20177,5
201706,20179,3
201706,20181,1
201706,20187,1
201706,20189,1
201706,20191,4
201706,20193,5
201706,20195,2
201706,20199,3
201706,20203,1
201706,20207,2
201706,20209,5
201706,31001,1
201706,31003,1
201706,31007,2
201706,31013,2
201706,31019,4
201706,31023,3
201706,31025,1
201706,31027,1
201706,31031,3
201706,31033,1
201706,31035,5
201706,31041,13
201706,31043,2
201706,31045,1
201706,31047,1
201706,31053,9
201706,31055,10
201706,31057,1
201706,31059,1
201706,31065,1
201706,31067,10
201706,31079,1
201706,31081,3
201706,31091,1
201706,31093,1
201706,31095,1
201706,31097,1
201706,31101,1
201706,31105,1
201706,31109,6
201706,31111,14
201706,31113,3
201706,31119,5
201706,31123,2
201706,31125,1
201706,31127,1
201706,31129,4
201706,31131,1
201706,31139,1
201706,31141,11
201706,31143,5
201706,31151,4
201706,31153,11
201706,31155,2
201706,31157,5
201706,31159,2
201706,31161,3
201706,31165,1
201706,31167,1
201706,31179,3
201706,31181,3
201706,31183,1
201706,31185,1
201707,20015,1
201707,20023,5
201707,20029,1
201707,20039,2
201707,20041,1
201707,20055,1
201707,20059,1
201707,20065,1
201707,20067,1
201707,20087,1
201707,20091,8
201707,20103,1
201707,20109,1
201707,20127,1
201707,20137,2
201707,20139,1
201707,20141,1
201707,20147,3
201707,20149,1
201707,20153,3
201707,20173,5
201707,20175,1
201707,20177,1
201707,20179,1
201707,20181,2
201707,20193,2
201707,20195,2
201707,20203,1
201707,20209,2
201707,31001,1
201707,31009,1
201707,31013,6
201707,31015,2
201707,31017,1
201707,31033,3
201707,31045,2
201707,31047,3
201707,31049,1
201707,31057,1
201707,31063,2
201707,31065,6
201707,31069,1
201707,31071,3
201707,31073,1
201707,31077,2
201707,31085,2
201707,31087,1
201707,31089,3
201707,31101,2
201707,31109,1
201707,31111,7
201707,31135,1
201707,31145,3
201707,31149,1
201707,31157,1
201707,31161,3
201707,31165,2
201707,31171,1
201707,31181,1
201707,31183,1
201708,20001,2
201708,20003,2
201708,20007,6
201708,20015,2
201708,20029,1
201708,20031,1
201708,20035,5
201708,20045,2
201708,20051,1
201708,20063,1
201708,20071,1
201708,20073,4
201708,20085,1
201708,20087,2
201708,20091,1
201708,20095,5
201708,20111,3
201708,20125,1
201708,20129,7
201708,20133,2
201708,20147,3
201708,20153,2
201708,20155,1
201708,20167,2
201708,20173,1
201708,20179,8
201708,20183,1
201708,20185,1
201708,20187,1
201708,20189,1
201708,20191,1
201708,20193,1
201708,20195,4
201708,20203,1
201708,20207,2
201708,31001,2
201708,31007,1
201708,31009,2
201708,31013,1
201708,31019,3
201708,31027,2
201708,31029,4
201708,31033,2
201708,31041,7
201708,31045,1
201708,31047,1
201708,31063,2
201708,31065,7
201708,31073,1
201708,31079,2
201708,31091,1
201708,31093,1
201708,31101,2
201708,31109,2
201708,31111,1
201708,31115,6
201708,31129,1
201708,31141,1
201708,31149,1
201708,31163,2
201708,31179,1
201709,20001,1
201709,20019,4
201709,20021,2
201709,20049,1
201709,20099,2
201709,20105,1
201709,20125,2
201709,20133,2
201709,20143,1
201709,20153,1
201709,20171,2
201709,20173,3
201709,20189,1
201709,20205,1
201709,31019,1
201709,31041,1
201709,31047,1
201709,31055,1
201709,31101,1
201709,31141,1
201709,31155,1
201710,20001,2
201710,20003,2
201710,20007,2
201710,20009,2
201710,20015,2
201710,20017,1
201710,20021,3
201710,20029,4
201710,20031,4
201710,20035,5
201710,20045,2
201710,20053,2
201710,20055,4
201710,20059,1
201710,20063,4
201710,20065,2
201710,20069,1
201710,20071,1
201710,20073,3
201710,20083,2
201710,20089,1
201710,20095,1
201710,20103,3
201710,20107,2
201710,20145,4
201710,20149,4
201710,20159,1
201710,20161,2
201710,20163,1
201710,20169,2
201710,20171,4
201710,20207,2
201710,31001,1
201710,31011,1
201710,31029,1
201710,31041,1
201710,31047,1
201710,31073,1
201710,31085,1
201710,31111,1
201803,20065,1
201803,20147,3
201804,20045,1
201804,20071,1
201804,20073,1
201804,20091,1
201804,20131,1
201804,20167,1
201804,20169,1
201804,31015,1
201804,31025,1
201804,31041,1
201804,31089,2
201804,31111,2
201804,31131,1
201805,20003,2
201805,20007,3
201805,20009,2
201805,20015,3
201805,20019,2
201805,20021,2
201805,20027,4
201805,20029,2
201805,20031,2
201805,20035,13
201805,20041,1
201805,20043,3
201805,20047,1
201805,20049,1
201805,20051,1
201805,20053,2
201805,20055,6
201805,20057,7
201805,20059,2
201805,20061,1
201805,20065,2
201805,20067,2
201805,20069,4
201805,20071,2
201805,20073,1
201805,20075,4
201805,20077,5
201805,20079,1
201805,20083,1
201805,20089,1
201805,20091,4
201805,20093,5
201805,20095,4
201805,20097,1
201805,20099,2
201805,20101,1
201805,20107,1
201805,20109,2
201805,20111,1
201805,20113,3
201805,20117,2
201805,20121,1
201805,20123,3
201805,20125,5
201805,20129,2
201805,20131,2
201805,20133,1
201805,20135,3
201805,20137,1
201805,20139,2
201805,20141,2
201805,20143,3
201805,20147,1
201805,20151,6
201805,20153,2
201805,20155,5
201805,20157,7
201805,20161,4
201805,20169,2
201805,20173,7
201805,20175,1
201805,20179,1
201805,20181,4
201805,20185,1
201805,20191,1
201805,20193,8
201805,20195,1
201805,20199,1
201805,20203,1
201805,31001,10
201805,31005,1
201805,31011,3
201805,31013,2
201805,31017,1
201805,31019,5
201805,31021,2
201805,31023,1
201805,31029,2
201805,31031,1
201805,31033,4
201805,31035,5
201805,31041,3
201805,31047,5
201805,31049,1
201805,31057,2
201805,31059,4
201805,31067,2
201805,31069,7
201805,31075,1
201805,31079,5
201805,31081,3
201805,31085,2
201805,31091,2
201805,31095,1
201805,31097,1
201805,31099,5
201805,31101,2
201805,31111,6
201805,31117,2
201805,31121,1
201805,31123,7
201805,31135,2
201805,31137,5
201805,31145,1
201805,31147,2
201805,31155,3
201805,31157,3
201805,31161,2
201805,31163,1
201805,31165,1
201805,31169,2
201805,31183,1
201805,31185,2
201806,20003,1
201806,20007,2
201806,20009,1
201806,20011,1
201806,20013,4
201806,20015,7
201806,20019,3
201806,20023,15
201806,20025,1
201806,20027,1
201806,20029,4
201806,20031,4
201806,20033,1
201806,20035,9
201806,20037,2
201806,20039,1
201806,20041,2
201806,20043,1
201806,20045,14
201806,20051,7
201806,20053,2
201806,20055,16
201806,20057,13
201806,20059,4
201806,20063,9
201806,20065,3
201806,20067,3
201806,20069,8
201806,20071,2
201806,20073,1
201806,20075,2
201806,20077,4
201806,20081,4
201806,20083,2
201806,20085,5
201806,20087,4
201806,20089,1
201806,20091,6
201806,20093,1
201806,20095,1
201806,20099,1
201806,20101,2
201806,20103,4
201806,20105,1
201806,20109,6
201806,20111,3
201806,20115,1
201806,20117,6
201806,20119,1
201806,20123,1
201806,20125,3
201806,20129,1
201806,20131,3
201806,20133,2
201806,20145,2
201806,20147,1
201806,20149,5
201806,20151,3
201806,20153,8
201806,20155,5
201806,20157,2
201806,20161,2
201806,20163,1
201806,20167,1
201806,20171,3
201806,20173,8
201806,20175,6
201806,20177,15
201806,20179,5
201806,20181,21
201806,20187,3
201806,20189,8
201806,20191,1
201806,20193,7
201806,20195,2
201806,20199,8
201806,20201,2
201806,20203,3
201806,20205,3
201806,31001,2
201806,31003,4
201806,31005,1
201806,31011,3
201806,31013,1
201806,31019,2
201806,31021,4
201806,31023,4
201806,31025,5
201806,31027,3
201806,31029,3
201806,31031,3
201806,31033,1
201806,31035,2
201806,31037,6
201806,31039,3
201806,31041,1
201806,31047,1
201806,31049,7
201806,31053,6
201806,31055,8
201806,31059,8
201806,31061,1
201806,31063,1
201806,31065,6
201806,31069,1
201806,31071,1
201806,31079,2
201806,31081,1
201806,31083,3
201806,31089,1
201806,31093,1
201806,31095,1
201806,31097,1
201806,31099,2
201806,31101,17
201806,31105,1
201806,31109,10
201806,31111,2
201806,31113,5
201806,31117,4
201806,31119,8
201806,31123,5
201806,31127,1
201806,31129,2
201806,31131,2
201806,31133,1
201806,31135,3
201806,31137,4
201806,31139,1
201806,31141,17
201806,31143,5
201806,31145,3
201806,31147,2
201806,31149,1
201806,31151,5
201806,31153,4
201806,31155,2
201806,31157,1
201806,31167,7
201806,31169,3
201806,31173,3
201806,31175,2
201806,31177,1
201806,31179,2
201806,31181,1
201806,31185,3
201807,20001,2
201807,20003,6
201807,20009,3
201807,20021,2
201807,20023,6
201807,20027,2
201807,20029,2
201807,20031,2
201807,20035,3
201807,20037,1
201807,20039,1
201807,20041,2
201807,20045,7
201807,20047,1
201807,20051,6
201807,20055,9
201807,20057,5
201807,20059,2
201807,20061,1
201807,20063,1
201807,20065,2
201807,20067,1
201807,20071,4
201807,20075,2
201807,20083,5
201807,20087,1
201807,20099,2
201807,20101,1
201807,20103,1
201807,20105,1
201807,20107,2
201807,20109,1
201807,20113,2
201807,20119,1
201807,20121,1
201807,20125,1
201807,20129,5
201807,20135,1
201807,20143,3
201807,20145,1
201807,20147,2
201807,20149,2
201807,20151,1
201807,20155,2
201807,20159,4
201807,20161,7
201807,20165,3
201807,20167,1
201807,20169,1
201807,20171,1
201807,20173,1
201807,20175,1
201807,20177,10
201807,20181,7
201807,20183,1
201807,20185,1
201807,20187,3
201807,20189,1
201807,20191,4
201807,20195,1
201807,20199,6
201807,20203,2
201807,31003,1
201807,31011,1
201807,31013,1
201807,31027,1
201807,31029,3
201807,31031,10
201807,31041,1
201807,31049,2
201807,31055,4
201807,31057,1
201807,31065,2
201807,31069,2
201807,31073,1
201807,31079,1
201807,31081,1
201807,31085,1
201807,31089,1
201807,31101,1
201807,31105,1
201807,31109,1
201807,31113,4
201807,31115,2
201807,31117,2
201807,31119,1
201807,31123,1
201807,31135,3
201807,31141,4
201807,31145,2
201807,31153,1
201807,31155,2
201807,31157,1
201807,31161,5
201807,31171,2
201807,31175,1
201807,31185,1
201808,20001,2
201808,20003,3
201808,20009,1
201808,20011,4
201808,20013,2
201808,20015,2
201808,20017,2
201808,20021,1
201808,20023,1
201808,20051,2
201808,20063,3
201808,20071,4
201808,20073,1
201808,20091,2
201808,20095,1
201808,20109,1
201808,20111,2
201808,20125,7
201808,20133,1
201808,20139,3
201808,20155,4
201808,20171,1
201808,20173,1
201808,20193,1
201808,20199,3
201808,31041,1
201808,31055,1
201808,31057,1
201808,31069,2
201808,31081,1
201808,31093,1
201808,31101,2
201808,31111,8
201808,31121,2
201808,31167,1
201808,31185,2
201809,20007,1
201809,20029,4
201809,20041,1
201809,20089,2
201809,20105,1
201809,20117,2
201809,20123,2
201809,20141,1
201809,20143,4
201809,20157,4
201809,20163,1
201809,20167,6
201809,20181,1
201809,20195,1
201809,20201,3
201809,31001,1
201809,31021,1
201809,31025,1
201809,31031,1
201809,31055,1
201809,31065,1
201809,31067,2
201809,31079,2
201809,31081,1
201809,31087,1
201809,31095,3
201809,31099,1
201809,31109,7
201809,31121,1
201809,31129,2
201809,31131,1
201809,31159,1
201809,31169,3
201809,31177,1
201809,31181,1
201810,20009,3
201810,20013,1
201810,20091,1
201810,20197,1
201811,20011,2
201811,20021,1
201811,20037,1
201903,31067,1
201904,20003,3
201904,20009,3
201904,20017,1
201904,20021,6
201904,20023,1
201904,20031,1
201904,20037,6
201904,20063,2
201904,20065,2
201904,20073,4
201904,20099,2
201904,20101,2
201904,20111,1
201904,20121,1
201904,20125,3
201904,20131,1
201904,20135,1
201904,20141,1
201904,20147,4
201904,20153,1
201904,20163,1
201904,20181,1
201904,20183,2
201904,20191,1
201904,20195,2
201904,20199,3
201904,20207,1
201904,31029,2
201904,31059,1
201904,31109,1
201904,31119,1
201904,31129,1
201904,31157,5
201904,31165,1
201904,31181,1
201905,20001,1
201905,20003,1
201905,20005,1
201905,20007,1
201905,20009,6
201905,20013,1
201905,20015,15
201905,20019,3
201905,20021,7
201905,20025,4
201905,20029,1
201905,20031,4
201905,20035,4
201905,20037,8
201905,20041,4
201905,20045,7
201905,20047,3
201905,20051,5
201905,20053,1
201905,20055,4
201905,20057,10
201905,20059,10
201905,20061,7
201905,20067,1
201905,20069,4
201905,20073,5
201905,20075,2
201905,20077,1
201905,20079,1
201905,20081,1
201905,20083,6
201905,20085,2
201905,20089,1
201905,20091,1
201905,20095,6
201905,20097,1
201905,20099,1
201905,20101,1
201905,20103,5
201905,20105,3
201905,20111,4
201905,20113,8
201905,20115,3
201905,20117,3
201905,20119,6
201905,20123,5
201905,20125,4
201905,20131,4
201905,20133,3
201905,20139,17
201905,20141,1
201905,20143,4
201905,20145,2
201905,20149,1
201905,20151,7
201905,20153,2
201905,20155,13
201905,20159,8
201905,20161,2
201905,20163,1
201905,20165,1
201905,20167,2
201905,20169,6
201905,20173,14
201905,20175,3
201905,20177,1
201905,20185,2
201905,20187,3
201905,20191,6
201905,20193,2
201905,20197,3
201905,20199,1
201905,20201,2
201905,20205,1
201905,20209,1
201905,31003,1
201905,31025,1
201905,31029,7
201905,31041,3
201905,31047,4
201905,31049,1
201905,31055,2
201905,31057,1
201905,31061,1
201905,31063,9
201905,31081,2
201905,31085,1
201905,31087,1
201905,31095,2
201905,31101,1
201905,31107,1
201905,31109,15
201905,31127,2
201905,31129,1
201905,31131,2
201905,31133,1
201905,31137,2
201905,31145,2
201905,31147,3
201905,31153,3
201905,31155,2
201905,31159,1
201905,31175,1
201906,20001,1
201906,20007,1
201906,20009,1
201906,20015,5
201906,20023,2
201906,20029,1
201906,20031,1
201906,20037,1
201906,20041,1
201906,20043,1
201906,20045,5
201906,20047,2
201906,20051,1
201906,20055,4
201906,20057,3
201906,20059,2
201906,20061,3
201906,20063,2
201906,20067,1
201906,20069,3
201906,20077,4
201906,20083,4
201906,20085,1
201906,20087,4
201906,20089,5
201906,20091,4
201906,20093,1
201906,20095,4
201906,20097,1
201906,20103,2
201906,20107,2
201906,20109,4
201906,20113,3
201906,20121,1
201906,20123,1
201906,20133,3
201906,20137,1
201906,20147,1
201906,20149,1
201906,20153,4
201906,20155,5
201906,20157,2
201906,20159,5
201906,20161,1
201906,20167,1
201906,20171,2
201906,20173,26
201906,20177,1
201906,20179,2
201906,20181,4
201906,20187,6
201906,20191,5
201906,20195,1
201906,20199,10
201906,20205,1
201906,20209,1
201906,31001,4
201906,31007,1
201906,31013,1
201906,31019,1
201906,31031,1
201906,31033,3
201906,31035,2
201906,31041,1
201906,31045,3
201906,31057,2
201906,31059,1
201906,31061,1
201906,31065,12
201906,31067,3
201906,31073,1
201906,31077,1
201906,31079,2
201906,31081,1
201906,31083,4
201906,31085,1
201906,31095,1
201906,31097,3
201906,31099,4
201906,31101,2
201906,31105,1
201906,31111,2
201906,31123,1
201906,31129,4
201906,31131,1
201906,31137,9
201906,31145,2
201906,31147,1
201906,31151,1
201906,31159,1
201906,31161,2
201906,31169,1
201906,31171,1
201906,31175,2
201906,31181,3
201906,31185,2
201907,20003,2
201907,20007,1
201907,20009,6
201907,20011,1
201907,20015,4
201907,20021,1
201907,20027,2
201907,20029,1
201907,20031,3
201907,20035,1
201907,20037,3
201907,20051,2
201907,20055,3
201907,20059,1
201907,20069,3
201907,20071,1
201907,20075,2
201907,20083,3
201907,20087,2
201907,20089,1
201907,20091,3
201907,20099,2
201907,20101,1
201907,20103,1
201907,20117,6
201907,20125,3
201907,20135,1
201907,20149,1
201907,20153,5
201907,20157,6
201907,20159,2
201907,20161,2
201907,20165,3
201907,20167,1
201907,20175,1
201907,20179,1
201907,20181,5
201907,20187,1
201907,20191,1
201907,20201,12
201907,20209,1
201907,31001,3
201907,31003,1
201907,31009,1
201907,31015,2
201907,31019,2
201907,31031,4
201907,31033,3
201907,31035,1
201907,31041,3
201907,31045,2
201907,31047,2
201907,31055,3
201907,31065,3
201907,31069,4
201907,31083,1
201907,31087,1
201907,31089,1
201907,31091,1
201907,31095,2
201907,31101,4
201907,31111,4
201907,31135,1
201907,31137,2
201907,31157,6
201907,31161,4
201907,31165,2
201907,31169,1
201907,31171,2
201907,31181,2
201908,20001,4
201908,20003,3
201908,20007,1
201908,20009,8
201908,20011,1
201908,20015,12
201908,20017,3
201908,20021,6
201908,20023,4
201908,20025,1
201908,20027,1
201908,20029,1
201908,20031,1
201908,20033,1
201908,20035,1
201908,20039,4
201908,20043,1
201908,20045,1
201908,20051,27
201908,20053,1
201908,20055,1
201908,20057,5
201908,20059,3
201908,20061,2
201908,20063,1
201908,20065,14
201908,20067,1
201908,20069,1
201908,20073,1
201908,20075,1
201908,20079,9
201908,20081,1
201908,20083,1
201908,20085,1
201908,20087,10
201908,20089,4
201908,20091,5
201908,20097,1
201908,20099,1
201908,20101,1
201908,20103,2
201908,20107,1
201908,20109,2
201908,20111,8
201908,20113,4
201908,20115,2
201908,20121,1
201908,20123,3
201908,20125,7
201908,20127,2
201908,20129,2
201908,20131,6
201908,20133,4
201908,20137,3
201908,20139,3
201908,20141,1
201908,20145,2
201908,20149,1
201908,20151,3
201908,20153,9
201908,20155,2
201908,20159,2
201908,20161,5
201908,20163,8
201908,20165,1
201908,20167,5
201908,20169,1
201908,20173,12
201908,20175,1
201908,20177,5
201908,20179,3
201908,20181,7
201908,20185,1
201908,20189,1
201908,20191,2
201908,20193,16
201908,20195,5
201908,20197,7
201908,20199,3
201908,20203,1
201908,20205,1
201908,31001,6
201908,31005,2
201908,31013,3
201908,31015,1
201908,31017,2
201908,31029,3
201908,31031,3
201908,31033,2
201908,31035,5
201908,31045,2
201908,31047,3
201908,31057,2
201908,31065,2
201908,31067,2
201908,31069,2
201908,31071,1
201908,31079,10
201908,31085,5
201908,31087,10
201908,31089,5
201908,31093,1
201908,31097,1
201908,31101,3
201908,31103,1
201908,31107,2
201908,31119,1
201908,31123,1
201908,31129,4
201908,31131,2
201908,31133,1
201908,31135,4
201908,31143,1
201908,31145,4
201908,31149,1
201908,31151,1
201908,31157,8
201908,31161,4
201908,31165,1
201908,31167,1
201908,31171,1
201908,31175,1
201908,31183,1
201908,31185,1
201909,20007,5
201909,20019,1
201909,20023,2
201909,20029,1
201909,20037,2
201909,20049,2
201909,20051,1
201909,20097,1
201909,20115,1
201909,20139,1
201909,20151,6
201909,20165,2
201909,20167,1
201909,20199,2
201909,31013,1
201909,31021,1
201909,31029,4
201909,31031,4
201909,31055,1
201909,31075,1
201909,31085,3
201909,31087,1
201909,31101,1
201909,31111,3
201909,31135,1
201909,31145,1
201909,31155,3
201909,31165,1
201909,31169,1
201909,31175,1
201910,20041,1
201910,20055,1
201910,20061,1
201910,20113,1
201910,20155,3
201910,20157,1
201910,20169,1
201910,31133,1
201912,20037,1
202004,20019,1
202004,20021,2
202004,20037,1
202004,20099,1
202004,20125,1
202004,20129,1
202004,20133,1
202004,20171,2
202005,20001,4
202005,20011,2
202005,20015,1
202005,20021,1
202005,20031,2
202005,20041,1
202005,20045,5
202005,20049,1
202005,20059,3
202005,20061,5
202005,20063,2
202005,20067,1
202005,20071,1
202005,20073,2
202005,20075,3
202005,20087,2
202005,20091,9
202005,20093,1
202005,20103,2
202005,20107,1
202005,20111,2
202005,20121,1
202005,20125,4
202005,20127,2
202005,20129,2
202005,20133,2
202005,20139,7
202005,20143,4
202005,20149,1
202005,20169,2
202005,20173,1
202005,20177,5
202005,20181,4
202005,20183,2
202005,20187,1
202005,20193,5
202005,20197,4
202005,20207,3
202005,31003,1
202005,31007,1
202005,31025,2
202005,31033,2
202005,31039,1
202005,31041,4
202005,31055,2
202005,31057,2
202005,31067,3
202005,31085,1
202005,31089,1
202005,31109,3
202005,31117,1
202005,31119,4
202005,31129,1
202005,31141,2
202005,31145,1
202005,31163,2
202005,31167,1
202005,31175,1
202005,31183,1
202006,20009,5
202006,20023,3
202006,20027,1
202006,20029,6
202006,20039,4
202006,20043,1
202006,20045,2
202006,20047,2
202006,20051,2
202006,20053,2
202006,20055,3
202006,20057,9
202006,20065,4
202006,20069,1
202006,20077,2
202006,20083,3
202006,20085,1
202006,20087,2
202006,20089,1
202006,20091,2
202006,20095,4
202006,20101,1
202006,20103,3
202006,20105,1
202006,20109,1
202006,20111,1
202006,20113,1
202006,20117,3
202006,20131,3
202006,20135,2
202006,20137,1
202006,20147,1
202006,20151,5
202006,20153,6
202006,20155,5
202006,20157,3
202006,20159,1
202006,20163,5
202006,20167,5
202006,20171,2
202006,20177,3
202006,20179,1
202006,20181,5
202006,20185,2
202006,20193,2
202006,20195,1
202006,20199,4
202006,20201,2
202006,20209,3
202006,31005,1
202006,31007,1
202006,31009,4
202006,31013,3
202006,31015,1
202006,31023,5
202006,31027,1
202006,31029,1
202006,31031,5
202006,31033,8
202006,31037,2
202006,31041,5
202006,31045,2
202006,31053,1
202006,31055,2
202006,31057,1
202006,31059,2
202006,31063,2
202006,31067,11
202006,31069,4
202006,31071,1
202006,31079,2
202006,31081,2
202006,31085,1
202006,31087,1
202006,31089,3
202006,31093,2
202006,31095,6
202006,31097,3
202006,31099,2
202006,31101,1
202006,31103,1
202006,31105,1
202006,31109,21
202006,31111,8
202006,31115,1
202006,31121,3
202006,31123,1
202006,31131,3
202006,31133,1
202006,31137,1
202006,31141,1
202006,31143,2
202006,31149,1
202006,31151,5
202006,31155,1
202006,31157,15
202006,31159,4
202006,31161,6
202006,31163,2
202006,31165,2
202006,31167,1
202006,31169,5
202006,31173,1
202006,31175,2
202006,31179,1
202006,31185,5
202007,20001,1
202007,20009,2
202007,20021,2
202007,20023,7
202007,20029,2
202007,20035,2
202007,20039,1
202007,20041,1
202007,20045,1
202007,20051,1
202007,20053,1
202007,20055,5
202007,20057,2
202007,20059,1
202007,20063,1
202007,20065,8
202007,20069,2
202007,20071,1
202007,20075,5
202007,20077,1
202007,20081,1
202007,20087,1
202007,20089,3
202007,20093,3
202007,20099,4
202007,20105,2
202007,20109,3
202007,20111,2
202007,20113,6
202007,20115,1
202007,20117,1
202007,20119,1
202007,20123,1
202007,20125,1
202007,20129,4
202007,20131,1
202007,20133,1
202007,20137,5
202007,20141,2
202007,20143,1
202007,20147,5
202007,20153,3
202007,20155,5
202007,20159,1
202007,20163,6
202007,20167,10
202007,20169,2
202007,20173,6
202007,20175,3
202007,20177,5
202007,20179,6
202007,20181,3
202007,20183,2
202007,20189,2
202007,20193,8
202007,20199,1
202007,20201,1
202007,20203,3
202007,31001,5
202007,31003,5
202007,31007,1
202007,31009,4
202007,31017,3
202007,31019,8
202007,31025,2
202007,31027,1
202007,31029,5
202007,31031,9
202007,31033,3
202007,31035,11
202007,31039,3
202007,31041,11
202007,31045,3
202007,31047,7
202007,31049,1
202007,31051,3
202007,31055,1
202007,31057,6
202007,31059,3
202007,31063,2
202007,31065,5
202007,31067,6
202007,31069,1
202007,31073,2
202007,31079,7
202007,31081,5
202007,31083,2
202007,31085,1
202007,31087,9
202007,31089,5
202007,31091,1
202007,31095,4
202007,31097,2
202007,31099,3
202007,31101,1
202007,31103,1
202007,31107,1
202007,31109,13
202007,31111,29
202007,31117,1
202007,31119,3
202007,31121,1
202007,31129,4
202007,31131,2
202007,31135,8
202007,31137,1
202007,31141,2
202007,31143,2
202007,31145,7
202007,31147,2
202007,31149,2
202007,31151,1
202007,31155,1
202007,31157,2
202007,31159,5
202007,31161,2
202007,31163,3
202007,31167,1
202007,31169,8
202007,31171,1
202007,31173,1
202007,31175,2
202007,31179,1
202007,31181,1
202007,31185,6
202008,20001,3
202008,20009,2
202008,20011,1
202008,20021,4
202008,20023,6
202008,20027,1
202008,20035,3
202008,20037,6
202008,20051,2
202008,20053,1
202008,20055,4
202008,20057,6
202008,20061,3
202008,20065,1
202008,20071,2
202008,20089,1
202008,20091,1
202008,20093,1
202008,20099,1
202008,20101,3
202008,20103,1
202008,20105,1
202008,20109,1
202008,20111,1
202008,20125,7
202008,20129,1
202008,20133,6
202008,20153,3
202008,20159,1
202008,20165,1
202008,20167,2
202008,20171,1
202008,20175,1
202008,20181,5
202008,20193,1
202008,20199,1
202008,20201,1
202008,20203,1
202008,31015,1
202008,31017,3
202008,31021,3
202008,31029,3
202008,31031,3
202008,31035,3
202008,31045,3
202008,31053,2
202008,31055,5
202008,31057,1
202008,31065,1
202008,31081,3
202008,31089,2
202008,31107,1
202008,31109,2
202008,31113,1
202008,31145,2
202008,31149,1
202008,31153,2
202008,31155,1
202008,31157,1
202008,31161,1
202008,31169,1
202008,31173,2
202009,20091,3
202009,20153,1
202009,31153,1
202010,20029,1
202010,20089,2
202010,20117,1
202010,20157,2
202010,20201,1
202010,31035,4
202010,31037,1
202010,31043,1
202010,31055,2
202010,31059,5
202010,31067,4
202010,31095,1
202010,31097,1
202010,31109,6
202010,31127,1
202010,31131,2
202010,31147,2
202010,31151,2
202010,31153,2
202010,31155,2
202010,31159,2
202010,31169,4
202011,20007,2
202011,20099,1
202011,20125,1
202011,20173,2
202011,20191,1
