Month,FIPS,Sum of Indemnity Amount
1,20005,1803
1,20007,4846.5
1,20011,39534
1,20013,2622
1,20015,605
1,20019,2579
1,20021,86183
1,20027,4179
1,20035,10113
1,20037,19591
1,20041,2478
1,20045,5126
1,20049,1292
1,20051,107.75
1,20053,2929
1,20057,19462
1,20063,10850
1,20077,620
1,20079,12232
1,20081,30564.6
1,20083,462
1,20089,6876.5
1,20095,49570
1,20099,2600
1,20101,335.1
1,20105,12116.75
1,20113,35992
1,20115,30489.61
1,20117,73326.3
1,20121,2233
1,20123,3056
1,20125,41846
1,20127,17863.96
1,20131,193.5
1,20133,17597
1,20135,67666.18
1,20139,53244.5
1,20141,70972.84
1,20151,31256
1,20153,8966
1,20155,133218.88
1,20157,13733
1,20159,160592.5
1,20161,16748
1,20163,1329
1,20165,13715.5
1,20169,14793.8
1,20173,20222.2
1,20189,7942.4
1,20191,268203
1,20193,4502
1,20201,41838
1,20205,85621
1,31001,240
1,31003,7452
1,31007,45477
1,31013,1349
1,31019,3358
1,31033,72625.16
1,31045,13746
1,31049,30434.4
1,31061,416
1,31065,14924
1,31069,11739
1,31085,21074
1,31099,11114
1,31105,437
1,31107,30198
1,31111,4939
1,31123,40379
1,31129,4373.5
1,31135,418
1,31139,1238
1,31149,125
1,31157,4986
1,31165,1063.6
1,31181,21321.15
1,38003,1880005
1,38005,168631
1,38007,5582.4
1,38009,469952.85
1,38017,1267930.4
1,38019,199977.6
1,38021,795009.5
1,38023,51009.49
1,38027,9731.75
1,38029,5691
1,38031,81450.05
1,38035,161392.95
1,38039,99904.4
1,38041,111145.2
1,38043,28434
1,38045,457425.75
1,38047,105368.4
1,38057,31121.2
1,38059,166366.5
1,38061,6985.6
1,38063,149821.45
1,38065,62120
1,38067,45683
1,38071,188607
1,38073,15432.5
1,38075,33304.83
1,38077,174870.9
1,38081,27149.2
1,38083,12634
1,38085,3492
1,38087,190611.6
1,38089,43413.2
1,38091,785725.25
1,38093,253787.33
1,38095,2843.4
1,38097,394789.1
1,38101,30764.7
1,38103,71404.04
1,46003,176647.7
1,46005,11174.8
1,46007,1210
1,46009,70122.1
1,46013,23718
1,46015,4653
1,46021,3498
1,46023,197741.89
1,46031,83771
1,46035,197531
1,46037,16870.5
1,46039,18324
1,46043,272273
1,46047,7385
1,46051,26105
1,46053,122610
1,46055,19080.6
1,46061,130645
1,46065,36850
1,46067,698471
1,46071,67866.51
1,46077,1401.6
1,46089,18767.6
1,46091,4615
1,46097,161516
1,46111,644768
1,46115,1401
1,46119,3019
1,46123,11057.12
1,46129,16993.25
1,46135,143524
2,20007,5903
2,20009,4770
2,20013,2738
2,20019,24722
2,20021,20748
2,20023,18032
2,20027,3868
2,20033,3351
2,20035,4542
2,20039,8089
2,20041,4156
2,20047,6023
2,20053,2621
2,20057,9323.5
2,20059,301.62
2,20063,972.8
2,20067,8178
2,20069,102485.78
2,20079,67056
2,20081,1356
2,20083,1380
2,20089,30889
2,20095,34735
2,20099,86277
2,20105,40640
2,20113,30386
2,20115,23753.5
2,20123,37475
2,20125,113961
2,20135,20213.99
2,20143,81141.2
2,20155,44086.58
2,20157,7559
2,20159,17920
2,20167,4832
2,20169,49865
2,20171,2154
2,20173,718
2,20185,5948
2,20195,31600
2,20201,99
2,20203,195
2,20205,6472
2,20207,18924
2,31007,5328.6
2,31013,100562.86
2,31031,212.85
2,31033,19292.56
2,31035,6989
2,31041,6632
2,31045,1596.6
2,31049,17830.38
2,31057,7141
2,31065,3229
2,31069,5228
2,31073,9446
2,31085,6629
2,31087,443
2,31105,1853
2,31111,18454.59
2,31123,6702
2,31125,1835
2,31135,39107
2,31145,13587
2,31161,49933
2,31181,9828
2,38003,3430619.1
2,38005,385534
2,38009,8650.2
2,38013,2238
2,38015,60437
2,38017,977442.7
2,38019,12940.35
2,38021,959841
2,38027,96918
2,38031,294776.2
2,38035,22466.9
2,38039,236626.7
2,38043,18915
2,38045,1510656.6
2,38047,112691
2,38049,16954.2
2,38055,23068.83
2,38061,4243.16
2,38063,74491.45
2,38069,91769.3
2,38071,943563.8
2,38073,465028
2,38075,32194
2,38077,383153.8
2,38079,183144.2
2,38081,967308.1
2,38091,114421
2,38093,1984758.7
2,38095,102941.4
2,38097,134187.6
2,38099,10246
2,38101,33946
2,38103,41456
2,46003,19982
2,46005,431371
2,46009,364.5
2,46013,1164197.5
2,46015,14660.68
2,46023,2975
2,46035,105992
2,46043,1845
2,46053,81788.57
2,46055,56320
2,46059,354855
2,46061,25638
2,46067,16992
2,46069,210262
2,46071,4439
2,46075,12825
2,46089,243802.4
2,46091,153133
2,46093,47204.23
2,46103,11642
2,46105,31275
2,46107,13599
2,46111,5480
2,46115,16524
2,46119,268811
2,46123,71155.35
2,46125,82343
3,20003,26321
3,20005,79587
3,20009,55563
3,20011,79058
3,20013,1335
3,20015,55176
3,20017,17452
3,20019,1379
3,20021,126
3,20027,28835
3,20029,14691
3,20035,28633
3,20037,29747
3,20041,5831.37
3,20043,303376
3,20045,19585
3,20047,6141
3,20049,5674
3,20051,3031
3,20053,138320.4
3,20057,126
3,20059,5246.5
3,20065,152420
3,20069,450.25
3,20073,10682
3,20079,14173
3,20083,15145
3,20085,3253.03
3,20087,147129.5
3,20089,23356.4
3,20091,6560
3,20095,3088
3,20099,143861
3,20103,191106
3,20107,6753
3,20111,2784
3,20113,197950.42
3,20115,106045.5
3,20117,116775.2
3,20121,111530
3,20123,9776
3,20125,6447
3,20127,15536.36
3,20131,4800
3,20135,33255
3,20137,2188
3,20139,5603.5
3,20141,13476.3
3,20143,14411
3,20145,35022
3,20149,5458
3,20151,46652
3,20153,19554.4
3,20155,70272.1
3,20157,120103
3,20159,173879
3,20161,67897.5
3,20163,28138
3,20167,7977
3,20169,17956.5
3,20171,20411
3,20173,25048.2
3,20177,26053
3,20179,3443.5
3,20181,12279.8
3,20185,105052
3,20191,68612.4
3,20193,25878
3,20195,5291
3,20201,30368
3,20203,2818
3,20205,4849.4
3,20207,38465
3,20209,443941.6
3,31001,28214
3,31003,903133
3,31007,6776
3,31013,4107.7
3,31015,151988.5
3,31017,8193
3,31019,195653.5
3,31021,2329547.08
3,31023,268298.9
3,31025,430143
3,31027,49491
3,31029,7029
3,31033,69847.18
3,31035,57248.75
3,31037,78299.13
3,31039,223636.13
3,31041,21658
3,31043,16754.5
3,31045,44959.64
3,31047,93125.5
3,31049,14759
3,31051,39014
3,31053,496315.44
3,31055,216638.9
3,31059,38140
3,31061,243910
3,31063,73806.48
3,31065,103579.17
3,31067,343
3,31069,22391.78
3,31073,32241
3,31077,14550
3,31079,723219.7
3,31081,7981
3,31083,140799
3,31085,5307
3,31087,900
3,31089,122031
3,31093,245620
3,31099,110954
3,31101,9520.57
3,31103,165064
3,31105,29902.33
3,31107,398489
3,31109,4867
3,31119,523651
3,31121,735452
3,31123,17258.12
3,31125,328220.25
3,31127,866654.7
3,31129,10338
3,31131,363675
3,31135,25979.25
3,31139,567633
3,31141,552796
3,31143,354767
3,31145,2629
3,31147,274617.22
3,31149,1978
3,31151,4507
3,31153,243529.5
3,31155,113694.76
3,31159,23037
3,31161,38461.25
3,31163,273724
3,31167,71121.82
3,31173,12636
3,31175,20560
3,31177,485484.39
3,31179,79190.5
3,31181,66735
3,31185,10246
3,31999,72298
3,38001,38647.45
3,38003,2975062.1
3,38005,5785
3,38009,6985
3,38011,40688.7
3,38015,10061.05
3,38017,1300752.3
3,38021,1529717.5
3,38027,40652
3,38029,76827
3,38031,27892
3,38035,107262
3,38037,10248
3,38039,81615
3,38041,15387.25
3,38043,39972.4
3,38045,2903461.6
3,38047,253534.6
3,38049,11069.28
3,38051,142809
3,38055,3544
3,38061,3155.5
3,38063,34185
3,38069,3657
3,38071,21627
3,38073,812495.5
3,38077,512341.4
3,38079,34434
3,38081,530925.6
3,38083,6880
3,38087,3286.8
3,38089,5330
3,38091,144636.8
3,38093,1262671.5
3,38095,39831
3,38097,249990
3,38101,2288
3,38103,5990
3,46003,267048.29
3,46005,59385
3,46007,186552
3,46009,631559
3,46011,166598
3,46013,436206.5
3,46015,220691.27
3,46017,74015.88
3,46019,39278
3,46021,419190
3,46023,974234.75
3,46025,658051
3,46027,88248
3,46029,219865
3,46031,24970
3,46033,27345
3,46035,954959
3,46037,3791
3,46039,455529.38
3,46043,1290435.08
3,46045,1672870
3,46047,18093
3,46049,392685
3,46051,169387.27
3,46053,4442
3,46055,232576
3,46057,250261
3,46059,338692.11
3,46061,2600970
3,46063,2185.2
3,46065,573471
3,46067,796780.62
3,46069,871429
3,46071,79225
3,46075,652147.42
3,46077,38924
3,46079,1105198
3,46083,306496
3,46085,46194
3,46087,5252387
3,46089,213450
3,46091,133561
3,46093,397720
3,46095,19968
3,46097,1273913.7
3,46099,1872028
3,46101,663364.8
3,46103,313995
3,46107,540455
3,46109,113696.9
3,46111,727666
3,46115,2028143
3,46117,938509.5
3,46119,1454875
3,46121,21382
3,46123,1162.2
3,46125,352220.8
3,46129,299505
3,46135,288266.3
3,46137,281991
4,20001,269789.29
4,20003,122118
4,20005,124722
4,20007,101766
4,20009,344629.3
4,20011,61130.28
4,20013,45969
4,20015,96704.39
4,20017,3361
4,20019,12678.93
4,20021,165790.62
4,20023,15379
4,20027,70735.4
4,20029,99223.2
4,20031,127351.3
4,20033,37837
4,20035,191618.32
4,20037,324712.86
4,20039,56552
4,20041,43988
4,20043,643050.5
4,20045,48181
4,20047,144511.9
4,20049,7043
4,20051,72608.1
4,20053,115033
4,20055,36899
4,20057,1920
4,20059,108281.6
4,20061,32309
4,20063,34073.17
4,20065,474151.5
4,20067,53804.6
4,20069,3730.72
4,20071,12769
4,20073,14606.33
4,20077,286786.1
4,20079,256480.83
4,20081,5048.31
4,20083,2673.25
4,20085,83599
4,20087,74739.25
4,20089,333119.5
4,20091,188752
4,20093,24839
4,20095,166838.06
4,20097,4622
4,20099,310295.67
4,20101,26421.5
4,20103,77969
4,20105,17762.6
4,20107,108091.63
4,20109,250217.04
4,20111,153918
4,20113,208325.6
4,20115,58804.87
4,20117,407511
4,20119,416
4,20121,245462
4,20123,75502.69
4,20125,27933.9
4,20127,2430.1
4,20129,226
4,20131,36154.5
4,20133,144739.5
4,20135,43399
4,20137,98856.5
4,20139,20467
4,20141,30046.54
4,20143,78572.59
4,20145,220668.9
4,20147,26985
4,20149,19169
4,20151,28409
4,20153,54666.5
4,20155,1110416.73
4,20157,25757.5
4,20159,585986.9
4,20161,31258
4,20163,32763
4,20165,102097.1
4,20167,47196.5
4,20169,138470
4,20171,53960.46
4,20173,133867.98
4,20175,104132
4,20177,66975
4,20179,261684.92
4,20181,33633
4,20183,11965.2
4,20185,836780.75
4,20187,4341
4,20189,15721
4,20191,448985.65
4,20193,304132.5
4,20195,58392.8
4,20197,6117
4,20199,44516.9
4,20201,51944.5
4,20203,33436
4,20205,37622
4,20207,86417
4,20209,49003.9
4,31001,29299
4,31003,369930.9
4,31007,5541
4,31009,54702
4,31011,5434
4,31013,27687.3
4,31015,102171.5
4,31017,120996
4,31019,60628.25
4,31021,215454.08
4,31023,160302.4
4,31025,194179.25
4,31027,205004
4,31029,160014
4,31031,228318
4,31033,201910.75
4,31035,10631.05
4,31037,107949.08
4,31039,93450.48
4,31041,266150.5
4,31043,8377.25
4,31045,402093
4,31047,133859.57
4,31049,3411
4,31051,41480
4,31053,342324.4
4,31055,140647.8
4,31057,16987
4,31059,29627
4,31061,141586
4,31063,98789
4,31065,61216
4,31067,221788
4,31069,3781.78
4,31071,9190
4,31073,35872
4,31079,200399.85
4,31081,22027
4,31083,148198
4,31085,92169
4,31087,25444
4,31089,653463
4,31093,47592
4,31095,4560
4,31097,353237
4,31099,1684
4,31101,32717.57
4,31103,126132
4,31105,12083.4
4,31107,529516
4,31109,87300
4,31111,29846
4,31113,43903
4,31115,2605
4,31119,548627.5
4,31121,441425
4,31123,558
4,31125,24914.25
4,31127,377397.84
4,31129,28853
4,31131,114521
4,31133,379924
4,31135,26735.25
4,31137,11087
4,31139,1356936
4,31141,145787
4,31143,250957
4,31145,17052
4,31147,975814.89
4,31149,81121
4,31151,3055
4,31155,76255.1
4,31157,19407
4,31159,76751
4,31161,575558.85
4,31163,27444
4,31165,381796
4,31167,88604.78
4,31169,13249
4,31171,16028
4,31173,40773
4,31175,32979.75
4,31177,88308.39
4,31179,1256
4,31181,23701.75
4,31183,686356
4,31185,11524
4,38001,78415.85
4,38003,4219852.6
4,38005,169594
4,38007,28458.7
4,38009,178207.8
4,38011,40688.7
4,38013,54480
4,38015,129003.65
4,38017,4406625.2
4,38019,79407.8
4,38021,7355568.9
4,38023,15070.25
4,38025,16179.15
4,38027,157623
4,38029,71437
4,38031,655162
4,38033,212680.15
4,38035,3353967.35
4,38037,39569.5
4,38039,596780.7
4,38041,137034.25
4,38043,332072.2
4,38045,3880652.7
4,38047,145746
4,38049,65867.32
4,38051,471062.1
4,38053,44717
4,38055,4448
4,38059,27096.5
4,38063,490305.9
4,38067,183989
4,38069,76641.55
4,38071,361149.7
4,38073,4769596.87
4,38075,176894
4,38077,1647773.1
4,38079,76075.1
4,38081,6713930.8
4,38083,51118
4,38085,31937.75
4,38087,26217.8
4,38089,68444.9
4,38091,732767.2
4,38093,3269224.91
4,38095,207570
4,38097,1985557.9
4,38099,922312.5
4,38101,30938.5
4,38103,265007
4,38105,14299
4,46003,6219087.37
4,46005,15250990.08
4,46007,107866
4,46009,8746770.1
4,46011,6199291.76
4,46013,13738234.4
4,46015,1845647.4
4,46017,251837
4,46021,820302.5
4,46023,11896562.43
4,46025,7190382.89
4,46027,4474624.53
4,46029,3746068.07
4,46031,525610
4,46035,10213827.58
4,46037,6516926.24
4,46039,2543992.54
4,46041,1408130.4
4,46043,12904857
4,46045,4131400.5
4,46047,78683
4,46049,8865899
4,46051,5261063.5
4,46053,850128.59
4,46055,727665.52
4,46057,3119673.82
4,46059,10628180.11
4,46061,16492403.04
4,46063,39964.2
4,46065,934402.5
4,46067,29927142.48
4,46069,1601662.5
4,46071,283202
4,46073,4062692.5
4,46075,542588
4,46077,9893784.98
4,46079,8570477.02
4,46083,5658910
4,46085,1059109.5
4,46087,12092590.64
4,46089,1486760.1
4,46091,7563725.25
4,46093,532926
4,46095,149573
4,46097,5467814.79
4,46099,6783753
4,46101,3300873.85
4,46102,329795
4,46103,435310.6
4,46105,88629
4,46107,3975908.5
4,46109,3870430
4,46111,4488835.94
4,46115,16078424.55
4,46117,488682
4,46119,1215942.3
4,46121,235973.86
4,46123,1404345.41
4,46125,13824617
4,46127,3828614.98
4,46129,1105049.5
4,46135,6085286.2
4,46137,1142026
5,20001,1322065.08
5,20003,1156950.49
5,20005,570893.2
5,20007,281227.8
5,20009,1513160.71
5,20011,617265.97
5,20013,520947.48
5,20015,1962809.23
5,20017,709951.16
5,20019,30403.73
5,20021,825267.24
5,20023,43234
5,20025,167476
5,20027,1156134.27
5,20029,472889.55
5,20031,1320564.53
5,20033,13973.2
5,20035,2278324.36
5,20037,1688269.06
5,20039,130369.2
5,20041,686613.6
5,20043,2120209.85
5,20045,188995.05
5,20047,575504.9
5,20049,83415
5,20051,233757.6
5,20053,496194.93
5,20055,77475.5
5,20057,89656
5,20059,432299.91
5,20061,122479.26
5,20063,180605
5,20065,1124553
5,20067,50345.74
5,20069,319535
5,20071,576923.5
5,20073,338578.64
5,20075,105438
5,20077,1686201.82
5,20079,1854868.69
5,20081,271963
5,20083,136721.65
5,20085,384414.26
5,20087,381998.9
5,20089,692554.08
5,20091,101603
5,20093,22333
5,20095,1174651.55
5,20097,509991.2
5,20099,1475363.86
5,20101,177758.8
5,20103,584340.8
5,20105,184781.5
5,20107,1087612.62
5,20109,196833.5
5,20111,964543.52
5,20113,1734324.4
5,20115,911192.44
5,20117,2219976.8
5,20119,227930.63
5,20121,321607
5,20123,466681.26
5,20125,2041895.09
5,20127,178520.1
5,20129,89066.35
5,20131,423477.9
5,20133,1297677.3
5,20135,281747.89
5,20137,534082
5,20139,1105022.75
5,20141,613335.35
5,20143,504470.35
5,20145,1999362.98
5,20147,49230.7
5,20149,273497.8
5,20151,2659231.57
5,20153,815962
5,20155,3337101.07
5,20157,539668.1
5,20159,2526353.88
5,20161,435424
5,20163,281356.14
5,20165,763834.8
5,20167,229700.5
5,20169,1219437.7
5,20171,67928.98
5,20173,2457326.85
5,20175,26581.4
5,20177,215200.52
5,20179,885091.08
5,20181,257585.4
5,20183,200982.5
5,20185,1705817.72
5,20187,55828
5,20189,788057.22
5,20191,6741130.38
5,20193,561028
5,20195,234244
5,20197,181515
5,20199,57904.7
5,20201,380889.75
5,20203,144873
5,20205,1122891.38
5,20207,806561.79
5,20209,301588.5
5,31001,112477
5,31003,2991660.35
5,31007,169672.4
5,31011,250323
5,31013,656370.58
5,31015,1550330
5,31017,1237117
5,31019,683959.75
5,31021,1900034.66
5,31023,1134223.55
5,31025,174039.3
5,31027,605554.1
5,31029,1032043.46
5,31031,368278
5,31033,1048083.05
5,31035,362947.9
5,31037,1262954.3
5,31039,417457.42
5,31041,735926.25
5,31043,657175.75
5,31045,28882.19
5,31047,3168309.25
5,31049,440972.7
5,31051,161493
5,31053,2121938.45
5,31055,819661.46
5,31057,19653.6
5,31059,149149.5
5,31061,261303
5,31063,197879.11
5,31065,565570.75
5,31067,437385.05
5,31069,76298.64
5,31071,384848
5,31073,273099
5,31077,353959.55
5,31079,1816224.55
5,31081,298916
5,31083,161570
5,31085,268558.5
5,31087,89377.3
5,31089,8898970.31
5,31093,812436.1
5,31095,88456
5,31097,466576.55
5,31099,330746.1
5,31101,742306.56
5,31103,376684
5,31105,138421.74
5,31107,1646860
5,31109,537135.38
5,31111,334205
5,31113,94738
5,31115,15918
5,31117,12508
5,31119,814403.95
5,31121,6049316.8
5,31123,102433.2
5,31125,3034961.5
5,31127,2439543.84
5,31129,1504914.27
5,31131,800724.3
5,31133,485802.7
5,31135,629918.29
5,31137,340505.4
5,31139,2526852.6
5,31141,600743.05
5,31143,530205.67
5,31145,444013
5,31147,2501123.38
5,31149,938514
5,31151,107599.25
5,31153,710210.29
5,31155,671666.27
5,31157,16520
5,31159,259482.5
5,31161,540592.51
5,31163,346280
5,31165,8869
5,31167,327862.44
5,31169,398613.2
5,31173,61327
5,31175,1708117.45
5,31177,2306633.33
5,31179,197114.5
5,31181,367423.25
5,31183,616722
5,31185,68304
5,38001,546197.15
5,38003,10318401.1
5,38005,432644
5,38007,71479.8
5,38009,377099.26
5,38011,291690.6
5,38013,143328
5,38015,438352.3
5,38017,7003748.55
5,38019,706716.77
5,38021,17578078.72
5,38023,30473.25
5,38025,97298.85
5,38027,167270
5,38029,949197.5
5,38031,455855.3
5,38033,280040.85
5,38035,2764853.18
5,38037,236690.75
5,38039,1922244
5,38041,336599
5,38043,319690.15
5,38045,18402869.5
5,38047,686102.5
5,38049,177747.99
5,38051,2345052.68
5,38053,19479
5,38055,257872.95
5,38057,17972
5,38059,83164.5
5,38061,182659.25
5,38063,1676663
5,38065,10739
5,38067,576112
5,38069,190620.15
5,38071,1347648.13
5,38073,8491806.8
5,38075,322701.14
5,38077,10367455.05
5,38079,104693.8
5,38081,10952058.1
5,38083,71727.8
5,38085,346992.25
5,38087,75121.4
5,38089,324942.1
5,38091,2848305.5
5,38093,7221662.95
5,38095,626946
5,38097,6505666.65
5,38099,589466
5,38101,466805.25
5,38103,452075.5
5,38105,51198.79
5,46003,4994086.03
5,46005,25272007.66
5,46007,591741.5
5,46009,15141062.58
5,46011,12821061.34
5,46013,18954952.1
5,46015,7293938.94
5,46017,548879.47
5,46019,56027
5,46021,1114940.5
5,46023,16320416.96
5,46025,8260002.57
5,46027,19175469.4
5,46029,2916283.98
5,46031,740914
5,46033,15030
5,46035,3453318.85
5,46037,4396532.87
5,46039,7361810.68
5,46041,1320991.7
5,46043,8690296.4
5,46045,7513425.25
5,46047,101665
5,46049,11534293.75
5,46051,4101753.93
5,46053,3448187.14
5,46055,1430143.5
5,46057,7142285.15
5,46059,22079518.43
5,46061,6425040.8
5,46063,294353.6
5,46065,937317.5
5,46067,24444338.74
5,46069,4485260.5
5,46071,499926
5,46073,3311683.5
5,46075,1387946.5
5,46077,20828082.83
5,46079,15785480.49
5,46083,13699189.7
5,46085,3627899
5,46087,18408950.74
5,46089,2463628.65
5,46091,9643513
5,46093,428529
5,46095,684965.5
5,46097,10119046.59
5,46099,15222629
5,46101,10291122.1
5,46102,219105
5,46103,1108216
5,46105,691469
5,46107,7160547
5,46109,7340815.4
5,46111,4563012.94
5,46115,21745552.35
5,46117,1045365
5,46119,4250700.45
5,46121,113833.31
5,46123,4073177.19
5,46125,18549048.5
5,46127,5797148.4
5,46129,1633949
5,46135,13244651.7
5,46137,823923.6
6,20001,376616.5
6,20003,491971.6
6,20005,656655.9
6,20007,328581.41
6,20009,766413.09
6,20011,187439
6,20013,392395.5
6,20015,537634.73
6,20017,240582.27
6,20019,41536.93
6,20021,921327
6,20023,102902.4
6,20025,60469
6,20027,1067177.3
6,20029,384956.25
6,20031,592666.2
6,20033,34686
6,20035,743943.56
6,20037,1006422.18
6,20039,95708.2
6,20041,829936.1
6,20043,1112251.25
6,20045,366917.95
6,20047,674941.4
6,20049,85451.8
6,20051,131044.5
6,20053,496066.44
6,20055,132272
6,20057,1275696.8
6,20059,466997.64
6,20061,84529
6,20063,570740.3
6,20065,310989
6,20067,1400012.3
6,20069,6084143.2
6,20071,112563.25
6,20073,208250.06
6,20075,227985
6,20077,1084103.71
6,20079,1154581.97
6,20081,1235761.99
6,20083,94411.1
6,20085,381290
6,20087,730675.54
6,20089,3461666.53
6,20091,71730
6,20093,254376
6,20095,637608.85
6,20097,168083.8
6,20099,1085546
6,20101,38671
6,20103,986354.2
6,20105,384340.9
6,20107,241851.5
6,20109,1512890.5
6,20111,661276.13
6,20113,849369
6,20115,1146412.57
6,20117,941921.6
6,20119,250980.5
6,20121,540889
6,20123,342038.2
6,20125,628130.3
6,20127,201378.71
6,20129,667553.35
6,20131,539732.75
6,20133,749084.85
6,20135,109877.9
6,20137,306314.72
6,20139,361272.75
6,20141,160378.82
6,20143,311917.4
6,20145,490687.8
6,20147,32257
6,20149,230755.2
6,20151,1190462.05
6,20153,1456148.15
6,20155,2537204.95
6,20157,510176.2
6,20159,1937221.11
6,20161,207363
6,20163,412342.6
6,20165,135029
6,20167,314965.19
6,20169,916287.55
6,20171,292907.32
6,20173,992917.58
6,20175,599238
6,20177,286984.5
6,20179,1712427
6,20181,499764.15
6,20183,69255
6,20185,713272.43
6,20187,4764491.55
6,20189,1705928.1
6,20191,2513752.87
6,20193,1285645.83
6,20195,600825.6
6,20197,154184.36
6,20199,3235456.07
6,20201,461182.11
6,20203,89625
6,20205,898829.95
6,20207,109856.96
6,20209,154275
6,31001,2422055.75
6,31003,582044.75
6,31007,187448.79
6,31011,85437
6,31013,513141.93
6,31015,735988
6,31017,619732.1
6,31019,500609.5
6,31021,765065.71
6,31023,697981.06
6,31025,192225.05
6,31027,122739
6,31029,1046066.56
6,31031,68478
6,31033,522989.4
6,31035,191003
6,31037,465917.75
6,31039,110878.91
6,31041,374270.5
6,31043,39463
6,31045,235755.33
6,31047,748987.35
6,31049,174228.2
6,31051,32695
6,31053,849423.97
6,31055,224250
6,31057,27012.9
6,31059,188071.5
6,31061,136279
6,31063,284863.6
6,31065,893965.86
6,31067,443964.2
6,31069,103609.8
6,31071,5915
6,31073,48182
6,31077,84857.2
6,31079,1193919.6
6,31081,74977.5
6,31083,754422.04
6,31085,32329.02
6,31087,97132.25
6,31089,1646231.43
6,31093,1001604.7
6,31095,73292.5
6,31097,148562.59
6,31099,509812.85
6,31101,148369.8
6,31103,138837
6,31105,160006.5
6,31107,368089.54
6,31109,147704.77
6,31111,351312.11
6,31113,13287
6,31115,121150
6,31117,16584
6,31119,544395.55
6,31121,1428165.22
6,31123,24102
6,31125,358706.43
6,31127,1341519.52
6,31129,951680.66
6,31131,840529.4
6,31133,286931.55
6,31135,210562.37
6,31137,778623.4
6,31139,446028.8
6,31141,194617.04
6,31143,325367.87
6,31145,183377
6,31147,770720.86
6,31149,420933.73
6,31151,148772.25
6,31153,153136.5
6,31155,534471.89
6,31157,212243.6
6,31159,239736.15
6,31161,588340.85
6,31163,379908
6,31165,406
6,31167,96167.82
6,31169,303163
6,31173,237176.94
6,31175,627404
6,31177,447169.9
6,31179,11791.9
6,31181,1897621.09
6,31183,1891009
6,31185,232506
6,38001,58485.5
6,38003,1767072.5
6,38005,365969
6,38007,133580
6,38009,597723.82
6,38011,377461
6,38013,644921.9
6,38015,163338.5
6,38017,3623057.99
6,38019,545493.55
6,38021,2914800.05
6,38023,276537.1
6,38025,285423.85
6,38027,203513.5
6,38029,469763.75
6,38031,665392.6
6,38033,50533.7
6,38035,169624.5
6,38037,284259.7
6,38039,1137401.9
6,38041,259683.7
6,38043,405331.2
6,38045,3763113.1
6,38047,600552
6,38049,297737.6
6,38051,1576165.42
6,38053,93380.25
6,38055,450874.64
6,38057,116145.55
6,38059,2538219.65
6,38061,218282.65
6,38063,1266589.75
6,38065,11363.75
6,38067,1013468.35
6,38069,283002.96
6,38071,698348.65
6,38073,1711357.85
6,38075,531758.69
6,38077,2248602.25
6,38079,109670.02
6,38081,2264923.5
6,38083,33881.07
6,38085,289495
6,38087,47889.5
6,38089,439202.35
6,38091,706160.5
6,38093,1130401.96
6,38095,378410.7
6,38097,1120987.59
6,38099,450683.1
6,38101,656440.95
6,38103,368128.5
6,38105,251395.03
6,46003,4759489.72
6,46005,5683261.86
6,46007,764665
6,46009,3976534.9
6,46011,2551775.3
6,46013,3127152
6,46015,1387034.3
6,46017,127021
6,46019,18356
6,46021,204882.2
6,46023,7613727.93
6,46025,1519288.04
6,46027,2767699.5
6,46029,655986.45
6,46031,376467.5
6,46033,35754
6,46035,5699378.7
6,46037,995868.59
6,46039,1462084.7
6,46041,425798.6
6,46043,4837966.06
6,46045,1824572.35
6,46047,82674
6,46049,3575105.05
6,46051,600799.44
6,46053,1691873.1
6,46055,354496
6,46057,601594.13
6,46059,3291819.5
6,46061,4233711.4
6,46063,19928
6,46065,495057
6,46067,6485569.01
6,46069,749272
6,46071,73270
6,46073,1656307
6,46075,480625.75
6,46077,3605095.78
6,46079,2381184.79
6,46081,1855
6,46083,6812125.5
6,46085,467848.16
6,46087,5236596.47
6,46089,955198.25
6,46091,1132149.25
6,46093,158758.8
6,46095,106202.5
6,46097,3107630.92
6,46099,4121174.5
6,46101,1989240.9
6,46102,287090.4
6,46103,183999
6,46105,81841.4
6,46107,1300293.2
6,46109,1445481.2
6,46111,7056997.62
6,46115,5800013.8
6,46117,421190
6,46119,886119
6,46121,368822
6,46123,919795.68
6,46125,8152575
6,46127,2459217.6
6,46129,290444.65
6,46135,2839295.1
6,46137,294928.5
7,20001,145026.25
7,20003,906178.3
7,20005,169168.9
7,20007,96455.5
7,20009,329527.2
7,20011,253998
7,20013,86037
7,20015,123399.5
7,20017,73468.49
7,20019,120192.25
7,20021,322154
7,20023,69249.6
7,20025,74062.31
7,20027,363327.53
7,20029,387376.34
7,20031,502783.55
7,20033,297769.36
7,20035,148036.37
7,20037,473794
7,20039,117368.4
7,20041,867034.43
7,20043,92708
7,20045,64796.12
7,20047,169622.51
7,20049,136155.25
7,20051,195726.21
7,20053,262090.6
7,20055,174634.25
7,20057,239982.34
7,20059,267665.65
7,20061,65988.3
7,20063,182318.43
7,20065,92789.5
7,20067,214164.05
7,20069,411640.51
7,20071,457493.82
7,20073,276108.84
7,20075,208867.7
7,20077,343833.88
7,20079,837205.65
7,20081,183290.64
7,20083,219057.85
7,20085,60258.97
7,20087,178479.7
7,20089,361376.64
7,20091,69567
7,20093,43029
7,20095,462813.83
7,20097,30365
7,20099,196411.5
7,20101,80079.4
7,20103,166860
7,20105,193414.05
7,20107,476788
7,20109,82893.96
7,20111,330850
7,20113,1394003.06
7,20115,548220.49
7,20117,634238.7
7,20119,18753.87
7,20121,330550
7,20123,181074.45
7,20125,601256.38
7,20127,52181.68
7,20129,206917.05
7,20131,111656.1
7,20133,339567.25
7,20135,129589.92
7,20137,61544
7,20139,307565.86
7,20141,282560.15
7,20143,336178.37
7,20145,310936.17
7,20147,31309.3
7,20149,249785.5
7,20151,305375.56
7,20153,119791.95
7,20155,1049645.41
7,20157,586891.15
7,20159,906416.22
7,20161,67469.85
7,20163,154870.36
7,20165,193970.1
7,20167,207656.95
7,20169,634606.72
7,20171,176133.08
7,20173,703321.88
7,20175,40236.6
7,20177,98205.6
7,20179,205511.5
7,20181,150411.22
7,20183,55161.32
7,20185,292795.59
7,20187,87670.23
7,20189,134220.35
7,20191,1386006.09
7,20193,55435.27
7,20195,112239.59
7,20197,31398
7,20199,126353.15
7,20201,2059113.72
7,20203,219746.17
7,20205,355449.59
7,20207,79997.29
7,20209,10901
7,31001,715990.75
7,31003,560145.1
7,31007,197246.4
7,31011,297802
7,31013,1723061.44
7,31015,53340.8
7,31017,88737.9
7,31019,315722.5
7,31021,126942.74
7,31023,117149.54
7,31025,3041.4
7,31027,100810.4
7,31029,331438.4
7,31031,105771
7,31033,1335912.03
7,31035,168055.2
7,31037,44645
7,31039,146009.3
7,31041,1217373.39
7,31043,254639.5
7,31045,108423.82
7,31047,381888.3
7,31049,374528.2
7,31051,39853
7,31053,124907.66
7,31055,488
7,31057,174295
7,31059,68078
7,31061,1834695.6
7,31063,31082
7,31065,585175.94
7,31067,60151.8
7,31069,388278.94
7,31073,11102
7,31077,190589.2
7,31079,488141.5
7,31081,55856
7,31083,3350909.55
7,31085,420296
7,31087,100595.25
7,31089,310228
7,31093,121734.8
7,31095,103074
7,31097,58846.5
7,31099,431775.09
7,31101,298377.25
7,31105,61761.32
7,31107,107637
7,31109,33757.12
7,31111,39074.5
7,31113,142662
7,31115,2907
7,31119,170136
7,31121,200401.5
7,31123,126503
7,31125,20545.8
7,31127,84764.6
7,31129,241449.11
7,31131,36904.1
7,31133,20770.25
7,31135,853345.2
7,31137,1241363.24
7,31139,297583.6
7,31141,70073
7,31143,65129.46
7,31145,151001.5
7,31147,61394.4
7,31149,339445
7,31151,32051
7,31153,17619
7,31155,61244.61
7,31157,1360400.88
7,31159,7653.35
7,31161,1136941.85
7,31163,149655.6
7,31165,77689
7,31167,21071.38
7,31169,48237
7,31173,1745
7,31175,105551.5
7,31177,80984.1
7,31179,151126
7,31181,548201.76
7,31183,16081
7,31185,35896.5
7,38001,210139
7,38003,5620703.5
7,38005,1006020.58
7,38007,633409.8
7,38009,1304179.03
7,38011,259286.05
7,38013,456079
7,38015,771642
7,38017,6385614.9
7,38019,5033614.72
7,38021,641094.39
7,38023,1379405.5
7,38025,486251.28
7,38027,199369.16
7,38029,1350452.6
7,38031,469792.5
7,38033,1157686.8
7,38035,1159710.98
7,38037,232961.75
7,38039,1950233.65
7,38041,6360861.4
7,38043,356446.98
7,38045,1184461.02
7,38047,423420.85
7,38049,499658.74
7,38051,393380.5
7,38053,147763
7,38055,180376.18
7,38057,53699.07
7,38059,1432179.03
7,38061,848969.3
7,38063,522583.1
7,38065,171025.25
7,38067,4374285.64
7,38069,762301.39
7,38071,1267030.88
7,38073,509837.06
7,38075,1153568.36
7,38077,2048357.45
7,38079,424279.61
7,38081,337006.95
7,38083,324467.5
7,38085,120759.55
7,38087,75159.5
7,38089,3483486.02
7,38091,1496297.25
7,38093,5243521.59
7,38095,1053922.8
7,38097,1047708.38
7,38099,3772228.55
7,38101,979750.66
7,38103,1251277.5
7,38105,823421.05
7,46003,589909.65
7,46005,6747881.35
7,46007,852843.83
7,46009,285865.5
7,46011,356166.8
7,46013,1020144.4
7,46015,649445.82
7,46017,173823
7,46019,19675.3
7,46021,402083.9
7,46023,1768286.25
7,46025,3201142.46
7,46027,81434
7,46029,189848.6
7,46031,1370233.55
7,46033,1290
7,46035,608958.34
7,46037,807255.3
7,46039,406646.85
7,46041,386722
7,46043,362110.4
7,46045,826585
7,46047,2856
7,46049,1737086.34
7,46051,876567.45
7,46053,148720.5
7,46055,167479
7,46057,336390.5
7,46059,371371.84
7,46061,724799.94
7,46063,124127.55
7,46065,135659
7,46067,649016.6
7,46069,375229.45
7,46071,28466
7,46073,365297.5
7,46075,199615
7,46077,7315748.04
7,46079,685629.23
7,46083,244970.9
7,46085,538555
7,46087,900193.6
7,46089,585673.7
7,46091,464688.4
7,46093,102619.25
7,46095,220197.25
7,46097,912690.15
7,46099,1343212.01
7,46101,749252.1
7,46102,104576.12
7,46103,26968.5
7,46105,248576.45
7,46107,814819.66
7,46109,979059.61
7,46111,1126656.95
7,46115,2290564.8
7,46117,1203643
7,46119,208809
7,46121,89531.75
7,46123,998387.36
7,46125,161664.75
7,46127,292836.5
7,46129,1559580.62
7,46135,31844
7,46137,44502
8,20001,2926.5
8,20003,316139.9
8,20005,43120
8,20007,37700.5
8,20009,180720.46
8,20011,51098
8,20013,747009.25
8,20015,24572.3
8,20017,8997
8,20019,7918.5
8,20021,42708
8,20023,51312.8
8,20025,26339.52
8,20027,33251
8,20029,13450
8,20031,343707.32
8,20033,48140
8,20035,78144.15
8,20037,51512
8,20039,967269.15
8,20041,83027
8,20043,427033.4
8,20045,41341.5
8,20047,262443.4
8,20049,23556
8,20051,192400.6
8,20053,35430.1
8,20055,841631.05
8,20057,233150.76
8,20059,338243.48
8,20061,33149
8,20063,630930.77
8,20065,587882.4
8,20067,341631.3
8,20069,970241.1
8,20071,179627
8,20073,14020.5
8,20075,77887.5
8,20077,88292.97
8,20079,83970.11
8,20081,109721.9
8,20083,146801.6
8,20085,29995
8,20087,83036.5
8,20089,26024.21
8,20093,252500
8,20095,218902.9
8,20097,26970
8,20099,84474.8
8,20101,445846.62
8,20103,39327
8,20105,50830.5
8,20107,925696.4
8,20109,162785
8,20111,275402.8
8,20113,146153.8
8,20115,37900
8,20117,92735.6
8,20119,203609.25
8,20121,505505
8,20123,45041.5
8,20125,43884.2
8,20127,23183
8,20129,494454.5
8,20131,70601.25
8,20133,41679
8,20135,493978.74
8,20137,70793
8,20139,192531
8,20141,146853.9
8,20143,20759
8,20145,303185.9
8,20147,36112.4
8,20149,4305
8,20151,199956.7
8,20153,411465.6
8,20155,417570.93
8,20157,54594
8,20159,307865.55
8,20161,26547
8,20163,201131.2
8,20165,113100.65
8,20167,90912
8,20169,77305.6
8,20171,352695
8,20173,359744.93
8,20175,288440
8,20177,42600
8,20179,658532.5
8,20181,320833.5
8,20183,88022
8,20185,195786.66
8,20187,1072200.82
8,20189,152583.15
8,20191,385429.85
8,20193,472125.3
8,20195,500814.54
8,20197,28685
8,20199,711196.96
8,20201,220816.6
8,20203,118855.83
8,20205,10832
8,20207,10129.3
8,31001,2306504
8,31003,58222
8,31007,28151
8,31011,9863
8,31013,4606966.84
8,31015,191951.3
8,31017,21291
8,31019,555701.5
8,31021,6323.29
8,31023,41610
8,31025,6862
8,31027,36345.5
8,31029,3539264.48
8,31031,114222.15
8,31033,269100.56
8,31035,1605400.5
8,31039,85460.5
8,31041,356411.5
8,31045,128273.62
8,31047,404146
8,31049,251623.02
8,31051,55524
8,31053,29689
8,31055,5232.5
8,31057,1913863.1
8,31059,28305
8,31061,66225
8,31063,46154.41
8,31065,81913.01
8,31067,48676.15
8,31069,751764.28
8,31071,168774
8,31073,7827
8,31077,5248.8
8,31079,4636040.8
8,31081,181256
8,31083,39269
8,31085,3753492.08
8,31087,1171026.28
8,31089,1410090.6
8,31093,696334.4
8,31095,1998
8,31097,12919.91
8,31099,38784
8,31101,637073.5
8,31103,37590
8,31105,149298.23
8,31107,1896778.8
8,31109,5330
8,31111,212846.91
8,31115,2443
8,31117,11825
8,31119,21442.05
8,31121,180043
8,31123,2025048.87
8,31125,61924
8,31127,9748.1
8,31129,74021.95
8,31131,24394
8,31133,69460.5
8,31135,12728218.1
8,31137,109090
8,31139,23365
8,31143,59507.6
8,31145,261741.2
8,31147,232345.45
8,31149,121240.07
8,31151,13101
8,31155,26427.91
8,31157,3914198.06
8,31159,35295
8,31161,612688.49
8,31163,180005
8,31165,144111.4
8,31167,15093.84
8,31169,1798
8,31175,390269
8,31177,1117
8,31179,42889
8,31181,331335.85
8,31185,42979
8,38001,492161.3
8,38003,3459893.6
8,38005,2802355.05
8,38007,65056.95
8,38009,3019069.95
8,38011,3641827.4
8,38013,2660080.62
8,38015,2891734.16
8,38017,6644755.1
8,38019,3603149.33
8,38021,1491595.57
8,38023,1005504.75
8,38025,326891.05
8,38027,967004.25
8,38029,5648346.57
8,38031,1228996.25
8,38033,621658.35
8,38035,3994263.47
8,38037,659989.05
8,38039,2698737.91
8,38041,2699450.3
8,38043,1082567.94
8,38045,1359249.9
8,38047,353997
8,38049,819434.3
8,38051,677679.9
8,38053,617197.76
8,38055,6980705.91
8,38057,815120.9
8,38059,1449090.9
8,38061,2828058.33
8,38063,1112933.25
8,38065,481507.5
8,38067,3685499.1
8,38069,962406.12
8,38071,2420414.07
8,38073,851799.1
8,38075,5578224.74
8,38077,3140273.25
8,38079,1188486.9
8,38081,474893.35
8,38083,1624948.68
8,38085,538873.79
8,38087,1849667.45
8,38089,1237395.35
8,38091,1150489.43
8,38093,4413009.26
8,38095,737948.1
8,38097,9623334.86
8,38099,3400969.45
8,38101,7925022.85
8,38103,4162692.65
8,38105,1987815.57
8,46003,835600.5
8,46005,1558355.95
8,46007,81420.88
8,46009,644240.9
8,46011,238657.1
8,46013,1043065.5
8,46015,496538.39
8,46017,32191.12
8,46019,28251
8,46021,1035718.52
8,46023,506475.04
8,46025,894543.06
8,46027,123041.27
8,46029,2037052
8,46031,990546.75
8,46033,2470.5
8,46035,264832.05
8,46037,559537.26
8,46039,284787.4
8,46041,95186.2
8,46043,147290.96
8,46045,587344.9
8,46047,56900
8,46049,879239.8
8,46051,447346.6
8,46053,538987.1
8,46055,297027.38
8,46057,74836.1
8,46059,214292.91
8,46061,144324.61
8,46063,481653.8
8,46065,689475
8,46067,61132.3
8,46069,1094120.55
8,46071,351215.49
8,46073,283098.5
8,46075,50127.18
8,46077,949589.93
8,46079,409767.85
8,46083,28497.9
8,46085,1024944.9
8,46087,87117.9
8,46089,198380.1
8,46091,191744.58
8,46093,185364.77
8,46095,20489
8,46097,479502.68
8,46099,379613.6
8,46101,124975.65
8,46102,230340.9
8,46103,70611.4
8,46105,644266.25
8,46107,6681791.8
8,46109,289857.32
8,46111,550750.35
8,46115,1026094.49
8,46117,62775
8,46119,4598101.75
8,46121,5794.08
8,46123,101214.47
8,46125,44317.2
8,46127,126704.6
8,46129,3399726.03
8,46135,54298.96
8,46137,201898.25
9,20001,130834
9,20003,17480
9,20005,55924
9,20007,45834
9,20009,47804
9,20011,30565
9,20013,3381
9,20015,17434.4
9,20019,-1083
9,20021,36316
9,20023,150438.71
9,20025,920
9,20027,63821
9,20029,2072
9,20031,3636
9,20033,15374
9,20035,74897.05
9,20037,150003
9,20039,83144.8
9,20041,1878
9,20043,11681
9,20045,3143
9,20047,58046
9,20049,9977
9,20051,1245
9,20053,17929.1
9,20055,93277
9,20057,246371
9,20059,36376.8
9,20061,5348
9,20063,105599.77
9,20065,50381
9,20067,118413.2
9,20069,90359.98
9,20071,162863.25
9,20073,22484
9,20075,24076
9,20077,22771.59
9,20079,31495
9,20081,24344.45
9,20083,7563.75
9,20085,9862
9,20087,13204
9,20089,846
9,20093,108726
9,20095,50503
9,20097,19446
9,20099,57205
9,20101,97218
9,20103,11804
9,20105,25036.5
9,20107,128592
9,20109,112209
9,20111,88556
9,20113,51907.2
9,20115,44284
9,20117,528
9,20119,41497
9,20121,40774
9,20123,8696
9,20125,17619.75
9,20127,5892
9,20129,102779.7
9,20131,47366
9,20133,4036.75
9,20135,47190.72
9,20137,33764
9,20139,9800
9,20141,114986
9,20143,35563
9,20145,25730.19
9,20147,23857.6
9,20149,5886
9,20151,178157.4
9,20153,14738.6
9,20155,155642.06
9,20157,61654
9,20159,29245.55
9,20161,38155
9,20163,100327
9,20165,16831.62
9,20167,49624
9,20169,53733
9,20171,24956
9,20173,43053.73
9,20175,32913
9,20179,59761
9,20181,69696
9,20183,157303
9,20185,41736
9,20187,12418.4
9,20189,50305
9,20191,150655.28
9,20193,108734.5
9,20195,76259
9,20199,89180.07
9,20201,6993
9,20203,4220
9,20205,4263
9,20207,66765
9,31001,83995.22
9,31003,19718
9,31005,65630
9,31007,3934.4
9,31011,617
9,31013,1136044.85
9,31015,36937.5
9,31019,112361
9,31021,35752
9,31023,33735
9,31025,5290
9,31027,44040
9,31029,2311665.16
9,31031,84650
9,31033,50672.55
9,31035,90404
9,31039,46015.98
9,31041,189186.5
9,31043,33156
9,31045,47806
9,31047,220037
9,31049,8342.2
9,31053,3836
9,31057,43924.4
9,31059,857
9,31061,456911.76
9,31063,87202
9,31065,15214.8
9,31067,8023.2
9,31069,16508
9,31071,26062
9,31077,12870.6
9,31079,196553
9,31081,8037
9,31083,55406
9,31085,662998.9
9,31087,2076
9,31089,164875
9,31093,115151
9,31095,1080
9,31097,9183
9,31099,223336
9,31101,66473
9,31105,2003
9,31107,66970
9,31109,33674.62
9,31111,1204216.5
9,31119,3916
9,31121,43321
9,31123,87390.65
9,31125,2686
9,31127,53189.8
9,31129,27134
9,31131,12781
9,31135,1130793.78
9,31137,56357.5
9,31139,20115
9,31141,85336
9,31143,598
9,31145,27867
9,31147,5747
9,31149,15
9,31151,9886
9,31155,153627
9,31157,219623.56
9,31159,6657
9,31161,69523.3
9,31163,135406.5
9,31167,13359
9,31169,4088
9,31173,41453
9,31175,121037.4
9,31177,101213
9,31179,4794
9,31181,185260
9,31183,2895
9,38001,3383478.97
9,38003,2097557.49
9,38005,2958647.48
9,38007,813986.05
9,38009,9408886.04
9,38011,1670051.5
9,38013,11236014.75
9,38015,1260865.27
9,38017,8876299.96
9,38019,14193506.32
9,38021,618591.15
9,38023,13163442.66
9,38025,4721205.12
9,38027,929487.6
9,38029,6302582.58
9,38031,856942.05
9,38033,1480787.1
9,38035,11339254.92
9,38037,2049791.55
9,38039,1440663.79
9,38041,6903817.25
9,38043,2593586.99
9,38045,1668447.81
9,38047,1224509.85
9,38049,3760703.86
9,38051,2316484.63
9,38053,2085442
9,38055,3703967.93
9,38057,1139163.79
9,38059,2524040.43
9,38061,9465590.26
9,38063,2351992.62
9,38065,697760.5
9,38067,6648332.6
9,38069,2345006.48
9,38071,5506752.63
9,38073,378424.25
9,38075,12061458.81
9,38077,1187827.3
9,38079,3545745.3
9,38081,99527.5
9,38083,2191579.37
9,38085,878844.86
9,38087,3669027.1
9,38089,5781567.03
9,38091,3359962.94
9,38093,5491495.19
9,38095,6794107.89
9,38097,9215326.48
9,38099,5569691.03
9,38101,13831028.57
9,38103,3431683.76
9,38105,12354664.03
9,46003,48235
9,46005,489627.2
9,46007,64864.3
9,46009,20842
9,46011,291026.8
9,46013,219397.2
9,46015,89426
9,46017,31129
9,46019,5315.7
9,46021,705716.08
9,46023,78544.4
9,46025,289184.48
9,46027,28021
9,46029,325186
9,46031,575165.5
9,46035,28168.98
9,46037,264078.5
9,46039,188601.1
9,46041,213063.8
9,46043,9866
9,46045,3218
9,46047,26100
9,46049,57635
9,46051,351017.25
9,46053,12535
9,46055,5682
9,46057,34922.3
9,46059,479093.1
9,46061,152512
9,46063,136711
9,46067,86825
9,46069,118829.2
9,46073,40135
9,46075,31736.25
9,46077,1582441.38
9,46079,230002
9,46083,87230.7
9,46085,420330.8
9,46087,75981.5
9,46089,230901.4
9,46091,1031655.81
9,46093,51299.94
9,46097,107667.88
9,46099,551583.7
9,46101,127689.8
9,46102,20888
9,46103,9963
9,46105,216733
9,46107,237530.5
9,46109,592552.57
9,46111,278474.7
9,46115,174817.9
9,46117,40842
9,46119,94610.5
9,46123,20839.94
9,46125,100012
9,46127,457144
9,46129,147029.63
9,46135,154948
9,46137,46478.65
10,20001,13675.25
10,20003,29518.25
10,20005,966
10,20007,1919
10,20009,21156
10,20011,110732
10,20013,15972
10,20015,73170.15
10,20017,432
10,20019,2169
10,20021,47486
10,20023,450297.09
10,20025,26014.75
10,20027,103462
10,20029,15466.6
10,20031,14455
10,20033,11441.53
10,20035,48621.2
10,20037,42858
10,20039,275365.6
10,20041,21132
10,20043,187701
10,20045,34050
10,20047,1547
10,20049,41203
10,20051,8453.4
10,20053,59026.1
10,20055,197051
10,20057,516798
10,20059,2718
10,20063,121091.5
10,20065,177003.5
10,20067,166115.2
10,20069,284956
10,20071,9269
10,20073,-36496
10,20075,36618
10,20077,13481.2
10,20079,86730
10,20081,215
10,20083,14827
10,20087,17307
10,20089,6688
10,20093,122139
10,20095,41078.7
10,20097,18728
10,20099,64123
10,20101,128647.8
10,20103,72862
10,20105,84246.1
10,20107,42750.9
10,20109,45062
10,20111,77793
10,20113,125200
10,20115,61575
10,20117,7276
10,20119,31332
10,20121,80310
10,20123,24025.8
10,20125,7491.6
10,20129,19324.95
10,20133,54459
10,20135,138417.5
10,20137,181141
10,20139,17390
10,20141,93437.1
10,20143,111274
10,20145,80011
10,20147,34914
10,20151,17468
10,20153,409847.3
10,20155,152943.31
10,20157,59050.3
10,20159,264483
10,20161,4236
10,20163,75569.7
10,20165,31026.35
10,20167,46941.3
10,20169,33081.55
10,20171,63474.87
10,20173,31112.66
10,20175,16931
10,20177,5731
10,20179,1203197
10,20181,203126.5
10,20183,23156
10,20185,102420
10,20187,40699
10,20189,178326.5
10,20191,67645.17
10,20193,706499.4
10,20195,60157.88
10,20197,6299
10,20199,144791.15
10,20201,23234
10,20203,58801
10,20205,38205
10,20207,-20613
10,31001,189566.5
10,31003,109614.48
10,31007,182164.2
10,31011,43774
10,31013,221672
10,31015,6184
10,31019,126466.5
10,31021,19688
10,31023,17142
10,31025,14488
10,31027,1473
10,31029,7553
10,31033,308769
10,31035,105488.6
10,31037,4514
10,31039,4871
10,31041,31813
10,31043,4671
10,31045,83049.8
10,31047,101052.6
10,31051,18700
10,31053,21738
10,31055,31201
10,31057,438665
10,31059,23834
10,31061,39085
10,31063,182267
10,31065,124299.2
10,31067,37913
10,31071,16954.8
10,31073,46557
10,31077,211461.8
10,31079,209134
10,31081,12830
10,31083,294390
10,31085,422055.15
10,31087,72668.8
10,31089,123679
10,31093,355895.15
10,31095,20592
10,31097,76432.5
10,31099,49069
10,31101,59422.75
10,31103,1925
10,31105,193393.5
10,31107,37911
10,31109,15789.26
10,31111,1026067.3
10,31117,27682
10,31119,48867
10,31121,78046.72
10,31125,105.57
10,31127,120264
10,31129,7738
10,31131,6413
10,31133,14125
10,31135,222449
10,31137,34206.5
10,31139,54442
10,31141,55090
10,31143,37339
10,31145,318154.3
10,31147,43079
10,31149,16627.5
10,31151,2938
10,31153,8979
10,31155,32781
10,31157,71921.5
10,31159,9612.5
10,31161,277341.9
10,31163,266906.25
10,31165,65285
10,31167,31842.58
10,31169,7938
10,31173,961
10,31175,194309
10,31177,4448.34
10,31179,416
10,31181,113475
10,31183,9639
10,31185,6388.5
10,38001,1001010.08
10,38003,7224448.9
10,38005,5269398.23
10,38007,197031.3
10,38009,4033335.88
10,38011,838977.1
10,38013,4560468.77
10,38015,1606211.1
10,38017,8446212.19
10,38019,17643819.1
10,38021,1956967.51
10,38023,1232309.63
10,38025,1266977.6
10,38027,1201765.05
10,38029,2705587.95
10,38031,1080299.83
10,38033,237883.8
10,38035,15829009.83
10,38037,2148239.15
10,38039,3378891.59
10,38041,2349642.25
10,38043,2987459.75
10,38045,5009621.7
10,38047,794153.25
10,38049,1323223.55
10,38051,1439875.3
10,38053,269892.5
10,38055,1657933.53
10,38057,233420.51
10,38059,975076.15
10,38061,2831049.89
10,38063,4666972.77
10,38065,115206
10,38067,9885577.38
10,38069,1841950.3
10,38071,8889501.87
10,38073,1648882.7
10,38075,2233158.65
10,38077,1604183.25
10,38079,3314571.77
10,38081,1089203.2
10,38083,1023691.58
10,38085,982569.05
10,38087,1030714.1
10,38089,1727340.2
10,38091,2952205.31
10,38093,16478512.8
10,38095,7748707.38
10,38097,10780776.45
10,38099,8462028.63
10,38101,3006024.55
10,38103,3927220.68
10,38105,1926190.24
10,46003,23023
10,46005,95642.5
10,46007,56003.1
10,46009,8339
10,46011,82170
10,46013,695242.65
10,46015,1331.2
10,46021,129167.1
10,46025,247313.2
10,46027,25383
10,46029,114114
10,46031,641957.7
10,46033,1940.5
10,46035,852.5
10,46037,366407.5
10,46039,205166
10,46041,156571.8
10,46043,503.5
10,46045,28530
10,46049,16785
10,46051,89585.5
10,46053,42997
10,46055,39970
10,46057,112636
10,46059,2494
10,46063,89582.4
10,46065,35590
10,46069,170696
10,46071,13561
10,46073,15173
10,46075,3635.5
10,46077,545054.1
10,46079,382549.6
10,46083,52326
10,46085,15094
10,46087,56288
10,46089,286134.1
10,46091,583286.21
10,46093,3360
10,46095,1771
10,46097,29775.14
10,46099,71308
10,46101,275642
10,46102,114493.2
10,46103,42050.5
10,46105,207559.9
10,46107,546938
10,46109,129489
10,46111,82003
10,46115,682908
10,46117,13455
10,46119,30943
10,46123,42804.5
10,46125,4866
10,46127,3856
10,46129,204568
10,46135,33391
10,46137,388
11,20001,16051.13
11,20003,56068.21
11,20005,1977
11,20007,10556
11,20009,2887.09
11,20011,145105.75
11,20013,29436.77
11,20015,81388.3
11,20017,23437.08
11,20019,11238.66
11,20021,126641.14
11,20023,16847.4
11,20025,4053.42
11,20027,57857
11,20029,2026
11,20031,58818.1
11,20033,14012.11
11,20035,37515.19
11,20037,80327.9
11,20039,87328.25
11,20041,3596
11,20043,162
11,20045,32964.38
11,20047,5533.89
11,20049,15298.2
11,20051,3489
11,20053,1247.73
11,20055,20219.2
11,20057,1818.1
11,20059,84076
11,20061,809.44
11,20063,24984.18
11,20065,27818
11,20067,14184.61
11,20069,89434.71
11,20071,17435.18
11,20073,15779.63
11,20075,8463.8
11,20077,58533.63
11,20079,74581.41
11,20081,1168.5
11,20083,38488.9
11,20085,3789.74
11,20087,2610.31
11,20089,18357.54
11,20093,2538
11,20095,14695.29
11,20097,11191
11,20099,38390.17
11,20101,48054.78
11,20103,5006
11,20105,12565
11,20107,35228.95
11,20109,17801
11,20111,36601.55
11,20113,12231.02
11,20115,12025.02
11,20117,41996
11,20119,3653.75
11,20121,32685
11,20123,12291.5
11,20125,90614.88
11,20127,6108.09
11,20129,70537.1
11,20131,44121
11,20133,57165.35
11,20135,12974.01
11,20137,25366.78
11,20139,8856.64
11,20141,12795
11,20143,23128.21
11,20145,21092.11
11,20147,3775
11,20149,2358.5
11,20151,39293.64
11,20153,9342.5
11,20155,71911.89
11,20157,5339
11,20159,28869.19
11,20161,6289.15
11,20163,2391
11,20165,2283.78
11,20167,129.31
11,20169,2953.79
11,20171,4333.66
11,20173,88225.12
11,20177,34111.38
11,20179,44588
11,20181,6666.23
11,20183,365.98
11,20185,30090.6
11,20187,29385
11,20189,94269.5
11,20191,151027.58
11,20193,12517.2
11,20195,18307.78
11,20197,4040.64
11,20199,8444
11,20201,25007.21
11,20203,1546
11,20205,6220.48
11,20207,4836.66
11,31001,1386.78
11,31003,32980.42
11,31007,6227.21
11,31013,47700.5
11,31015,45386.76
11,31017,10019
11,31019,63049
11,31021,157595.44
11,31023,23943.55
11,31025,373
11,31029,41558.94
11,31033,76364.76
11,31035,32068.5
11,31037,52939.79
11,31039,262439.28
11,31041,24050.36
11,31043,78236
11,31047,3730.43
11,31049,3741.9
11,31051,710
11,31053,42721.08
11,31055,18503.34
11,31057,9536
11,31059,5997
11,31061,24716.64
11,31063,1521.4
11,31065,7131.77
11,31067,67678.6
11,31069,4989.78
11,31071,33452.2
11,31073,75587
11,31077,76967.85
11,31079,339042
11,31081,9480.5
11,31083,3182.41
11,31085,2321.55
11,31087,26899.12
11,31089,78274.66
11,31093,86246.85
11,31095,113450
11,31097,31742.95
11,31099,9671.96
11,31101,11051
11,31103,9584
11,31105,1104.6
11,31107,21335.66
11,31109,29403.85
11,31111,35542.09
11,31119,4194.95
11,31121,127362.76
11,31123,16260.16
11,31125,9038.2
11,31127,26358.6
11,31129,749.51
11,31131,78322.2
11,31133,62860
11,31135,82009.36
11,31137,11211.96
11,31139,32289
11,31141,6660.91
11,31143,25680.4
11,31147,59008.8
11,31149,5462.7
11,31151,8975.5
11,31153,11450.71
11,31155,40007.46
11,31157,25476
11,31159,5364.5
11,31161,143138.6
11,31163,28109.9
11,31167,25051.04
11,31169,164433.8
11,31173,17112.06
11,31175,55758.15
11,31177,26478.55
11,31179,43227.1
11,31181,5503.15
11,31183,42427
11,31185,3322
11,38001,142214.7
11,38003,540193.55
11,38005,168253.9
11,38009,87429.37
11,38011,126975.95
11,38013,91776
11,38015,2730.04
11,38017,2896963.32
11,38019,48715
11,38021,204668.21
11,38023,144544
11,38025,71809.05
11,38027,12392.53
11,38029,1044317.55
11,38031,147612.8
11,38033,48505.25
11,38035,1731964.67
11,38037,927666.55
11,38039,201839.7
11,38041,328372.4
11,38043,156909.8
11,38045,2069347.2
11,38047,187119
11,38049,14297.36
11,38051,409513.02
11,38053,658850
11,38055,118116.03
11,38057,61007
11,38059,175704.34
11,38061,166355.48
11,38063,259013.8
11,38067,574125.73
11,38069,238067.4
11,38071,703953.5
11,38073,167738.6
11,38075,35837.44
11,38077,857888.5
11,38079,120695.36
11,38081,106653.8
11,38083,7677
11,38085,255836.75
11,38087,39589.75
11,38089,552817.05
11,38091,668390.6
11,38093,648159.46
11,38095,215786.3
11,38097,2011757.93
11,38099,140160.71
11,38101,231233.56
11,38103,56200.1
11,38105,27584.3
11,46003,6909.74
11,46005,254715.9
11,46007,25473.39
11,46009,669.42
11,46011,92501.4
11,46013,181233.75
11,46015,9358
11,46017,24631.53
11,46021,415330.2
11,46023,30403.55
11,46025,85801.3
11,46027,74765.3
11,46029,45247.9
11,46031,120254
11,46035,88479
11,46037,87712.24
11,46039,261325.35
11,46041,84109.5
11,46043,21994.6
11,46045,522.5
11,46049,44451.56
11,46051,137286.06
11,46053,10260
11,46057,12945
11,46059,57028
11,46061,37910.21
11,46063,31394.25
11,46065,40764
11,46067,6372.25
11,46069,295007.8
11,46075,51523.4
11,46077,291065.41
11,46079,90029.02
11,46083,295188.3
11,46085,10307
11,46087,31847.15
11,46089,19053
11,46091,25391
11,46093,238.01
11,46095,1288.75
11,46097,8124.55
11,46099,72408.99
11,46101,228198.8
11,46102,29239.38
11,46107,423476.34
11,46109,212658
11,46111,127784.8
11,46115,224733.11
11,46117,9678
11,46119,420939
11,46123,16007.78
11,46125,5047.75
11,46127,44099.92
11,46129,359367.32
11,46135,25794.74
12,20003,43637
12,20005,4688
12,20007,2191.29
12,20009,11699
12,20011,20440
12,20013,7338
12,20015,30559
12,20017,147511
12,20021,77278
12,20023,10266
12,20025,42531
12,20027,19080
12,20029,1878
12,20031,6426
12,20033,5389
12,20035,15309
12,20037,34750
12,20039,46824
12,20041,8619
12,20043,30857
12,20045,19078
12,20047,442
12,20049,3443.75
12,20055,46683
12,20057,11642
12,20059,38432
12,20061,48
12,20063,36711
12,20065,178434
12,20067,26787
12,20069,46918
12,20071,13719
12,20073,17082
12,20075,37708
12,20077,1263
12,20079,71968.74
12,20081,7478.51
12,20083,4505
12,20087,1378
12,20091,5656
12,20093,142199
12,20095,14204.85
12,20099,32993
12,20101,13436
12,20103,9188
12,20105,34560
12,20107,3601
12,20109,4357
12,20111,26702
12,20113,54667
12,20115,151709
12,20117,14147
12,20119,2992
12,20121,9294
12,20123,2866
12,20125,13855.25
12,20127,6142
12,20129,2219
12,20131,2626
12,20133,21308
12,20135,12132
12,20137,12381
12,20139,14476
12,20141,214
12,20143,4553
12,20145,12767
12,20147,18744
12,20149,765
12,20151,5508.98
12,20153,10349
12,20155,92509
12,20157,16287
12,20159,38344
12,20161,1077
12,20163,22933
12,20169,10779
12,20173,9460
12,20175,7791
12,20177,2356
12,20179,10449
12,20181,13889
12,20183,296
12,20185,24229
12,20187,22229
12,20189,30264.78
12,20191,8455.4
12,20193,11395
12,20195,9444
12,20197,10482
12,20199,41362
12,20201,33730
12,20203,707
12,31003,2294
12,31007,3278
12,31011,735
12,31013,5403
12,31015,11310.4
12,31017,114217
12,31019,8998
12,31021,8942
12,31023,24530
12,31025,32620
12,31027,4847
12,31029,868
12,31033,3311
12,31035,3928.5
12,31037,14022
12,31039,5045
12,31041,18086
12,31045,19
12,31047,29269
12,31053,16480
12,31055,1847
12,31057,4957
12,31061,3842
12,31063,8384
12,31065,3776.5
12,31067,4305
12,31069,638
12,31071,518
12,31073,198
12,31077,5007
12,31079,53009
12,31083,9835
12,31085,11878.8
12,31087,1608
12,31089,232796
12,31093,15298
12,31095,65555
12,31097,1959
12,31099,3535
12,31101,10703
12,31107,5127
12,31109,26920
12,31111,2964
12,31113,39807
12,31119,5367
12,31121,4983
12,31123,1723
12,31125,547
12,31127,19451
12,31129,325
12,31131,385
12,31133,38458
12,31135,1128
12,31141,4813
12,31143,799
12,31145,34034
12,31147,38259
12,31151,14603
12,31155,32293
12,31157,2447.4
12,31159,1535
12,31161,5575.4
12,31163,40175.75
12,31165,138
12,31167,16.3
12,31173,16322
12,31175,27202
12,31177,17649
12,31179,1526
12,31181,12194
12,31183,19309
12,31185,4807
12,38003,335100
12,38009,47411
12,38013,2632
12,38017,1137572.85
12,38019,32732.4
12,38021,218434
12,38025,37600.2
12,38029,193004
12,38033,21152
12,38035,202132.4
12,38037,53489
12,38039,2196.25
12,38041,55621
12,38043,9100.95
12,38045,2238141.5
12,38047,81890.25
12,38051,440469.25
12,38055,52800
12,38057,253
12,38061,105985
12,38063,2780.75
12,38067,31578.75
12,38071,140203
12,38073,92587.5
12,38075,16141.5
12,38077,131271
12,38079,2992.54
12,38081,141265
12,38083,17879
12,38085,130447
12,38087,30571
12,38089,98432.8
12,38091,242715.75
12,38093,398335.9
12,38095,30147.3
12,38097,397622.05
12,38099,14823.6
12,38101,25796.6
12,38103,3038.5
12,38105,54704
12,46003,10729
12,46005,159219.7
12,46009,840
12,46011,224789.5
12,46013,234673
12,46017,3090
12,46019,6813
12,46021,67583
12,46023,439
12,46025,208727
12,46027,2054
12,46035,17290
12,46037,12938
12,46039,588570
12,46043,26678
12,46045,46260.5
12,46049,17698
12,46051,28093
12,46053,9293
12,46057,20506
12,46059,24266
12,46061,7886
12,46067,6777
12,46069,43596
12,46075,6449
12,46077,185938.65
12,46079,354823
12,46083,144695
12,46087,16780
12,46089,44335.5
12,46097,12454.6
12,46099,79242.2
12,46101,14591
12,46105,3376
12,46107,30418
12,46109,12132
12,46111,69158.7
12,46115,102505
12,46117,34927
12,46121,4985
12,46123,7693
12,46125,41498
12,46127,18858
12,46129,9250
12,46137,25198
