FIPS,Sum of Indemnity Amount
01001,449806
01003,932222
01005,758456
01007,1270
01009,73494
01011,206814
01013,382144
01015,110717
01017,480746
01019,866594
01021,832802
01025,76871
01027,11106
01029,5069
01031,6088861
01033,841065
01035,278912
01039,3202045
01041,1113652
01043,38292
01045,2447113
01047,1229870
01049,673846
01051,755858
01053,945151
01055,481799
01057,135791
01059,102954
01061,5688933
01063,185309
01065,228170
01067,3846245
01069,6586322
01071,1446711.71
01075,41806
01077,302033
01079,1276991.5
01081,247924
01083,3244182.5
01085,196717
01087,310148
01089,1034655.25
01091,832938
01093,15204
01095,307421
01097,692285
01099,403091
01101,197223
01103,372980
01105,625317
01107,111493
01109,1103639
01111,66860
01113,530192
01115,70224
01117,274880
01119,60786
01121,683508
01123,32922
01125,124551
01127,58478
01129,52763
01131,125478
01133,1692
01999,69251
02240,14310
04001,1174426
04003,1882053.2
04005,4061054
04007,1409336
04009,3042582
04011,41159
04012,1068802
04013,2956076
04015,1778253
04017,4703846
04019,4872576
04021,20667702
04023,639573
04025,884346
04027,443154
05001,2411731
05003,6933118
05005,2436
05007,80328
05009,66602
05011,1308971
05015,28403
05017,11315728
05019,1047649
05021,10377485
05023,5872
05029,1117419
05031,10902555
05033,744052
05035,10997797.44
05037,13920003
05041,10805054.45
05043,3305919
05045,1066314
05047,258169
05049,7319
05055,15374598
05057,67202
05059,339958
05061,3288
05063,3414331
05065,22487
05067,29175460
05069,16664034
05071,168073
05073,2298702
05075,18197594
05077,8942757
05079,9006950
05081,2204672
05083,969283
05085,9022030
05087,20828
05089,184
05091,3592560
05093,11367694
05095,11417025
05099,13898
05105,910576
05107,14101285.35
05109,2972
05111,14876861
05115,1768767
05117,3043444.1
05119,2295455
05121,6228699
05123,5813341
05129,14406
05131,321138
05133,62258
05135,12277
05137,11393
05139,9319
05141,34
05143,2669
05145,6087940
05147,9794191
05149,934614
05999,2414
06001,174766
06005,316726
06007,12683489
06009,128408
06011,6322660
06013,1440846
06017,57170
06019,45638294.77
06021,3555871
06023,307572
06025,2032531.3
06029,49414346.66
06031,7485808
06033,3941697
06035,1396108
06037,7711
06039,11854920.25
06041,99896
06043,56091
06045,2547580
06047,12388394
06049,2509170
06051,4991389
06053,2654460
06055,2761803
06057,47449
06061,1571910
06063,272162
06065,863158.6
06067,8376716
06069,2225555
06071,646.65
06073,461767.65
06077,63659383.5
06079,5908944.32
06083,3082315
06085,4008381
06087,63866
06089,660499
06091,21485
06093,2687018
06095,827485
06097,6521697
06099,8959543
06101,17779299.6
06103,3432945
06107,19019408.56
06109,19175
06111,4206535.8
06113,9818724
06115,5473477
06999,276712
08001,2421546.8
08003,7123394
08005,585835.5
08009,7255296
08011,1851901
08013,50961
08014,6893
08017,7633114
08021,922683.8
08023,229511
08025,314967
08027,11742
08029,2062867
08031,13241
08033,324974
08035,3089
08039,611740
08041,30498
08043,25532
08045,33664
08051,4809
08055,129697
08061,2070255
08063,13252412.75
08067,57965
08069,391593
08071,851105
08073,1390149.5
08075,3769305.05
08077,535612
08081,412148
08083,195929.6
08085,1222322
08087,752230.5
08089,859937
08095,1522015
08099,2866299
08101,434416
08103,102370
08105,3001970
08107,85000
08109,5347907
08113,218688
08115,878592.7
08121,5011330.55
08123,2655477.24
08125,12352053.09
08999,63096
09003,437393
09005,95861
09007,20810
09009,11060
09011,10170
09013,6007
09015,17432
09999,80011
10001,718123.3
10003,562667.2
10005,1699862.05
12001,1518329
12003,46445
12005,3417
12007,13054
12009,67774
12011,167525
12013,1576011
12015,658004
12017,458375
12021,1786742
12023,1056363
12027,907203.6
12029,596305
12031,113184
12033,327948
12035,157656
12037,56054
12039,1213093
12041,2028902
12043,554312
12045,13900
12047,795918
12049,1844723
12051,2321322
12053,147519
12055,1116619
12057,1567512
12059,2109899
12061,626119
12063,8199198
12065,438252
12067,465247
12069,1468814
12071,721686
12073,14105
12075,2093057
12077,54934
12079,91359
12081,1318466
12083,1151378
12085,416893
12086,3622371.5
12089,78580
12091,182622
12093,1453472
12095,115386
12097,3132063
12099,161462
12101,294063
12105,2372864
12107,411134
12109,514088
12111,2099691
12113,827052
12115,354496
12117,132771
12119,947760
12121,758857
12125,207587
12127,181103
12129,14230
12131,429044
12133,509689
12999,36196
13001,3810025
13003,1533664
13005,2988131
13007,3342804
13011,1478
13015,136541
13017,1651864
13019,4238223
13021,10129
13023,1041211
13025,385054
13027,1712228
13029,74648
13031,3569393
13033,5045493
13037,1491857
13039,3761
13043,1291012.5
13049,45342
13051,18007
13055,8238
13057,8878
13059,12544
13061,637898
13065,1503505
13069,4234193
13071,3903431.7
13075,2811535
13079,241576
13081,2070012
13083,51468
13085,5098
13087,5896074
13091,1391891
13093,5403045
13095,8907064
13099,5585365
13101,63760
13103,668946
13105,74149
13107,1103889
13109,251139
13115,278010
13117,29903
13119,4205
13125,2336
13129,385931
13131,2417117
13133,27023
13137,473
13139,13067
13141,98990
13145,76
13147,84393
13151,86577
13153,2297958
13155,4227865
13157,21562
13159,58087
13161,3545164
13163,862372.98
13165,2334441
13167,485432
13171,138092
13173,966806
13175,1488948
13177,7967346
13179,49238
13183,82570
13185,830022
13193,2195264
13195,35005
13197,307341
13199,368398
13201,3856079
13205,14360630
13207,170083
13209,826696
13211,147687
13213,84241
13219,59727
13221,274438
13225,1956611
13227,14487
13229,2138442
13231,52293
13233,52826
13235,1970451
13237,165213
13239,299290
13243,2102929
13245,5385
13249,364462
13251,2213185
13253,2331740
13255,42221
13257,1726
13259,750041
13261,6950699
13263,1283
13265,35446
13267,4614190
13269,1131272
13271,1491302
13273,3387302
13275,1278205
13277,3001022
13279,1836073
13283,411377
13285,1411
13287,2043896
13289,612965
13293,22134
13295,10368
13297,93429
13299,1120443
13301,63037.5
13303,708514
13305,1112906
13307,1657717
13309,1500784
13313,5350
13315,1566119.5
13317,382766
13319,200642
13321,2732522
13999,350795
15001,430991.25
15009,1361.5
16001,441582
16003,109631
16005,583421
16007,227838
16009,664833.18
16011,5663820.4
16013,543865
16017,17507
16019,2737388.07
16021,209832
16023,295809
16025,367131
16027,1359529
16029,1424146.12
16031,2344443
16033,651335
16035,802460.08
16037,366840
16039,1818047
16041,452208
16043,2207453
16045,229517
16047,12903
16049,2711761.64
16051,867117.2
16053,221932
16055,279026
16057,2062763.36
16059,199987
16061,1407432.53
16063,323415
16065,1911448
16067,475218
16069,1386098.9
16071,1775709
16073,1102128
16075,167376
16077,3906933
16081,290598
16083,518850
16085,104138
16087,866249
16999,52182
17001,12443380
17003,7560815
17005,6128590
17007,6444761
17009,2545604
17011,29210155
17013,3140777
17015,2413154
17017,2189574
17019,10767690
17021,2323828
17023,4183296
17025,6662592
17027,5177716
17029,1797532
17031,1143548
17033,3771124
17035,2919016.8
17037,20539744
17039,471313
17041,445415
17043,195052
17045,1323763
17047,4358650.54
17049,2472479.2
17051,7212123
17053,6792787
17055,4684496.6
17057,8560380
17059,9542634
17061,6253133
17063,11191114
17065,9520453.8
17067,7811718
17069,415300
17071,5175258
17073,23606263
17075,28881034.6
17077,7446895
17079,3865248
17081,7437300.8
17083,3631155
17085,3898009.12
17087,1782097
17089,10597381
17091,19674148
17093,9299642
17095,4037940
17097,1740251
17099,22261644
17101,3803774.5
17103,15495656
17105,17318303.8
17107,1514050
17109,4838589
17111,9593588
17113,3654713
17115,1146049
17117,2502421.34
17119,1941343
17121,9901472.48
17123,3888030
17125,2971649
17127,2652576
17129,903187
17131,7084938
17133,7783289.75
17135,3037193
17137,2239343
17139,1041415
17141,11129858
17143,4603161
17145,4345040.85
17147,409516
17149,9070175
17151,897742
17153,2979414
17155,2083449
17157,6679344
17159,3456025.68
17161,4766180
17163,3150599
17165,2885268
17167,3551791
17169,6226207
17171,2774158
17173,4981832
17175,2734625.8
17177,4278338
17179,3347716
17181,5333935
17183,15253854
17185,3819974.84
17187,2060522
17189,4839837.07
17191,24444787.8
17193,15337717.9
17195,19552247
17197,16780205
17199,3551526.4
17201,6140633
17203,2702566
17999,28418
18001,8157141.8
18003,8868472.2
18005,6342157
18007,2418357.35
18009,3436575
18011,11496007.5
18013,249341
18015,2200066
18017,2212797
18019,2749970
18021,3792412
18023,9295928
18025,982355
18027,10083054
18029,1859633
18031,4917596.5
18033,5453351
18035,6798373.5
18037,5751039
18039,1040692
18041,787987
18043,307595
18045,2415992
18047,4836104
18049,2157709
18051,14085473
18053,3593765
18055,10025539.9
18057,6587787
18059,8619189
18061,2015875
18063,4880411
18065,8074740.4
18067,1405328
18069,6797318
18071,13868663.5
18073,5365877
18075,11585221.8
18077,5190942
18079,10953050
18081,3225140
18083,11369914
18085,2815124
18087,385751
18089,7788854
18091,3072681
18093,3170839
18095,11140016
18097,928232
18099,3892586
18101,4424254
18103,3665094
18105,782106
18107,3814226
18109,1949232
18111,4855967
18113,1059121
18115,276737
18117,2492878
18119,2992764
18121,2265931
18123,738383
18125,6228965
18127,4235496.2
18129,6108865
18131,3608866.5
18133,1938949
18135,10200282.5
18137,11252996
18139,2711018
18141,5105962
18143,4442001
18145,3089578
18147,2520700
18149,2606744
18151,4390781
18153,8255983
18155,1491648
18157,2921024.75
18159,2943323
18161,630281
18163,1533888
18165,1896072
18167,3915917
18169,5018404
18171,1793055
18173,4693414.78
18175,4051041
18177,3584932
18179,9802908
18181,4883790
18183,2279546.08
19001,1725057
19003,1502849
19005,868347
19007,1854660
19009,370283
19011,1839826
19013,1620564
19015,1061635
19017,1018849
19019,1335282
19021,2700632
19023,1775836
19025,1405342
19027,410212
19029,572650
19031,3089099
19033,2321990
19035,986814
19037,2238387
19039,2171820
19041,10499133
19043,1468611
19045,7719646
19047,258103.5
19049,702994
19051,2209094
19053,3063163
19055,972282
19057,4390334
19059,3983491
19061,2036179
19063,4086194
19065,1237390
19067,2499740
19069,3689255
19071,15411404.13
19073,840740
19075,741363
19077,784057
19079,2055320
19081,1832079
19083,2033255
19085,5771198
19087,2589731
19089,2598652
19091,1311542
19093,295981
19095,6064940
19097,3386790
19099,952503
19101,3442005
19103,4675023
19105,3419389
19107,3592108
19109,4622032
19111,3235636.67
19113,1332387
19115,4427195
19117,2027991
19119,6559567
19121,856061
19123,3279477
19125,1334471
19127,1526661
19129,5831627
19131,2214021
19133,4243160
19135,1596218
19137,518542
19139,4428499
19141,2391768
19143,6018544
19145,1099972
19147,6339577
19149,2636165
19151,4147803
19153,1057639
19155,8069003.56
19157,3093201
19159,2322041
19161,716239
19163,3378034
19165,370394
19167,3745810
19169,1354403
19171,4206802
19173,3652589
19175,2762469
19177,2888725
19179,2983421
19181,1470718
19183,3549343
19185,3820501
19187,2486878
19189,1500082
19191,3055109
19193,3818666
19195,2295874
19197,1875600
20001,2276984
20003,3166382.75
20005,1709505
20007,916981
20009,3278329.85
20011,1596366
20013,1855181
20015,3003453
20017,1225192
20019,253735
20021,2672025
20023,927959
20025,401866
20027,2971727.5
20029,1394028.94
20031,2970408
20033,481973.2
20035,3659697.2
20037,3901987
20039,1868018.6
20041,2558289.5
20043,4929030
20045,824178
20047,1904757
20049,412509
20051,841863.16
20053,1626888.4
20055,1620142
20057,2645946.5
20059,1780639.2
20061,344660
20063,1898876.92
20065,3176421.9
20067,2393636
20069,8403895.25
20071,1542663
20073,881096
20075,727044
20077,3585887.9
20079,4545343.4
20081,1870912.9
20083,682037.1
20085,956462
20087,1630558.7
20089,4961754.4
20091,443868
20093,972679
20095,2868690.03
20097,789397
20099,3577541
20101,1056469
20103,2144817
20105,1040293.9
20107,3056966
20109,2385049
20111,2618427
20113,4840509.5
20115,3132412
20117,4550432.2
20119,781165
20121,2220839
20123,1208524.4
20125,3634935.35
20127,509236
20129,1653078
20131,1280729
20133,2727314
20135,1390442.85
20137,1326431
20139,2096230
20141,1539056
20143,1521968.12
20145,3499464.05
20147,257185
20149,791980
20151,4701770.9
20153,3330832
20155,9172522.91
20157,2000812.25
20159,6977176.9
20161,902464.5
20163,1313151
20165,1371888.9
20167,999934.75
20169,3169270.21
20171,1058954.37
20173,4865019.13
20175,1116263
20177,778217
20179,5044685.5
20181,1567884.8
20183,606507
20185,4053928.75
20187,6089263
20189,3157618
20191,12189903.67
20193,3547893
20195,1707576.19
20197,422721
20199,4459205
20201,3335215.89
20203,674823
20205,2571255.8
20207,1201340
20209,959710
21001,549361
21003,2241132
21005,147986
21007,2804539
21009,10271681.5
21011,183079
21015,168881
21017,586346
21019,9126
21021,954328
21023,104776
21025,68199
21027,4480014
21029,440176
21031,854334
21033,448818
21035,1650717
21039,1993973
21041,568744
21043,41296
21045,488881
21047,3875780
21049,136809
21051,46186
21053,155971
21055,1768082
21057,25856
21059,2056562.7
21061,843453
21063,379
21065,23971
21067,199644
21069,424046
21073,198696
21075,4507881
21077,367424
21079,627594
21081,120487
21083,3032436
21085,2232698
21087,4105975
21089,208250
21091,549584
21093,3923784
21097,720724
21099,1874793
21101,3429613
21103,1295759
21105,2330834
21107,711946
21109,6269
21111,239262
21113,83506
21117,74931
21123,1876464
21125,42336
21127,10421
21135,274913
21137,942055
21139,1882553
21141,1837329.75
21143,129213
21145,1532365
21149,1444368
21151,177503
21155,1856800
21157,450210
21161,1703070
21163,1539346
21165,7597
21167,482879
21169,2155965
21171,5400475
21173,197432
21175,82857
21177,1476841
21179,1996505
21181,326976
21183,1408897
21185,225654
21187,1547267
21189,10317
21191,138656
21197,162466
21199,396882
21201,94130
21203,579
21205,82329
21207,98476
21209,229974
21211,3908590
21213,5375808
21215,1121781
21217,2014651
21219,1582573
21221,1221625
21223,317834
21225,3966407
21227,3916246
21229,1538893.1
21231,173711
21233,742529
21237,9471
21239,238611
21999,77444
22001,1859474
22003,651944
22005,22183
22007,213041
22009,8434198
22011,54952
22015,820266
22017,2233143
22019,1003458
22021,1852121
22023,801529
22025,11228832.8
22027,75068
22029,4312365.2
22031,12837
22033,13102
22035,8878978
22037,23527
22039,2268493
22041,4821641
22043,366280
22045,17124
22047,956658
22049,11839
22053,5480872
22055,333649
22059,155982
22061,46442
22065,9896437
22067,13910112
22069,4691777
22073,964909
22077,3683867.82
22079,2629111
22081,566839
22083,9589390
22091,2879
22093,133388
22095,20830
22097,4420032.5
22099,562622
22101,321310
22105,255424
22107,5227620
22111,102925
22113,3816263
22117,213665
22121,82473.5
22123,4079347
22125,662506
22999,1907
23001,111163
23003,7010054
23005,61034
23009,49076
23011,91071
23013,9422
23017,1021
23019,54094
23025,6045
23027,19466
23029,194922
23999,22786
24001,6783
24003,11142
24005,122683
24009,68742
24011,1372861.7
24013,94338
24015,268699
24017,242859
24019,1365238.33
24021,690243
24023,80995
24025,51524
24027,18343
24029,436655
24031,157583
24033,107971
24035,1150996.52
24037,665737
24039,185294
24041,1513330.2
24043,873632
24045,881041.58
24047,481303.8
25001,355856
25003,138888
25005,93625
25009,29645
25011,537285
25013,246034
25015,269745
25017,2773
25023,119880
25027,17682
25999,330905
26001,444711
26005,7296367
26007,482827
26009,1516929.1
26011,1776324
26015,4663144
26017,3818470.36
26019,275963.8
26021,9440722
26023,5755213
26025,7044867
26027,1761484
26029,86436
26031,3833
26033,22148
26035,809302
26037,12110877.7
26041,373944
26043,130686
26045,15515917.76
26049,6479929
26051,870969
26055,1673891.6
26057,7680260
26059,10478118
26063,5043238.3
26065,6022251
26067,5720095.5
26069,419448
26073,4948883
26075,2692267
26077,1244197
26079,9693
26081,5756171
26085,111998
26087,6398572
26089,3145435.9
26091,29601521
26093,2837255
26097,47207
26099,4288491
26101,229841.6
26105,942864.85
26107,904450.9
26109,2329866
26111,2038818
26113,116658
26115,17008161.89
26117,2338869.4
26119,108530
26121,2762369
26123,2786273
26125,603719
26127,3955124.9
26129,470754
26133,377228
26137,17577
26139,3979426
26141,436651.5
26145,13869159.5
26147,9817628
26149,913311
26151,12357024
26155,11215153.2
26157,9355189.4
26159,5577280.55
26161,9315929
26163,630910
26165,46179
26999,66020
27001,561915
27003,306423
27005,4887574
27007,922427
27009,8145832
27011,13056176
27013,8522953
27015,10366679
27017,4723
27019,3206328
27021,538369
27023,18668420.2
27025,2977392
27027,16596731
27029,2140106
27033,15838388
27035,550988
27037,2536761
27039,5227717
27041,2361023
27043,7346239
27045,3479683
27047,7518939.2
27049,3305652
27051,7819790
27053,1771087
27055,2395829
27057,769969
27059,2324547.5
27061,74231
27063,22491342
27065,1196429
27067,10425666
27069,8314090
27071,548476
27073,23122108
27077,1746194
27079,4668382
27081,28536025
27083,33421288
27085,7278629
27087,4996271
27089,23639182.21
27091,14065986
27093,7719654
27095,4012786
27097,5234272
27099,4782228
27101,35740396
27103,4062620
27105,39845165.76
27107,26627395.25
27109,4665489
27111,3917806.2
27113,5600766.9
27115,2404920.2
27117,19402517
27119,69751786.74
27121,4778853.15
27125,2988480
27127,15679218
27129,18959792
27131,7004070
27133,20937482
27135,6414085
27137,10081
27139,2090385
27141,986605
27143,7855028.5
27145,9222172
27147,10813250
27149,13405670.52
27151,18104405
27153,3016850
27155,20540559.3
27157,4200801
27159,469440
27161,4020110
27163,387884
27165,9776428
27167,9249736
27169,1371425
27171,6593959
27173,30430400
28001,855495
28003,513247
28005,894
28007,200146
28009,165009
28011,15644612
28013,1453095
28015,1986780
28017,1391542
28019,5152
28021,224665
28025,478769
28027,12074443
28029,136366
28031,106129
28033,1365976
28035,21251
28037,14982
28039,275900
28041,2582
28043,1134642
28045,2409
28047,17344
28049,1056963
28051,5205665
28053,15115332
28055,12005734
28057,115467
28059,37217
28063,784509
28067,147214
28071,327948
28073,146346
28077,402325
28079,45372
28081,1431092
28083,10777545
28085,4642
28087,1554980
28089,667420
28091,8056
28093,442902
28095,2457522
28097,1251335
28101,36587
28103,390601
28105,141075
28107,5187192
28109,102173
28113,17586
28115,555661
28117,269323
28119,8798840
28121,244414
28123,139770
28125,17052938
28127,27734
28131,69043
28133,14648214
28135,9619444
28137,883249
28139,257330
28141,197861
28143,10618887
28145,187493
28147,58215
28149,6443253
28151,12298269
28153,358778
28155,534753
28157,375312
28159,8778
28161,598953
28163,20271536
28999,781
29001,3406237
29003,4599259
29005,19959501.95
29007,3058084
29009,193132
29011,7196338
29013,9425649
29015,576676
29017,1753993
29019,3043852
29021,5557890
29023,7408275
29025,3505501
29027,4978516.78
29029,3381
29031,4716759.5
29033,26850720.72
29035,1785
29037,2404237
29039,417282
29041,18099069.39
29043,1288
29045,9315675
29047,2445173
29049,3047685
29051,1170844
29053,2480663.7
29055,28425
29057,726723.23
29059,80833
29061,8415763.5
29063,2361337
29065,5865
29067,1772
29069,7751200.38
29071,2580156
29073,1237068
29075,5423130
29077,95939
29079,4768344.26
29081,5187553
29083,2560088
29085,139091
29087,23775196.5
29089,7370067
29091,12500
29095,3894117
29097,2787813
29099,58143
29101,3368839.99
29103,7543898
29105,117671
29107,2633853.4
29109,687603.93
29111,9897204
29113,4881771
29115,7077324
29117,13912911.75
29119,38990
29121,4977135.87
29123,12446
29125,35773
29127,8118280
29129,3191425
29131,120850
29133,12418554.5
29135,829538
29137,6171877.17
29139,2264884.4
29141,422910
29143,13457162.5
29145,477457
29147,3797430
29149,5349
29151,1959708
29153,649
29155,9047039
29157,3538584
29159,1662579.67
29163,7216248
29165,7192202
29167,360874
29169,31277
29171,3139820
29173,5137127.5
29175,1498743
29177,7856182
29181,1888631
29183,14258292.4
29185,1329909
29186,2240240
29187,85558
29189,1669157
29195,9209298
29197,1437638
29199,3691403
29201,4924304
29205,4105909.79
29207,10580005
29209,40
29211,3740046
29213,346
29215,4971
29217,9278155
29219,3293117
29223,314398
29225,95695
29227,988244.09
29229,27837
29999,10266
30001,425800
30003,3097699
30005,2833252
30007,561174
30009,329340
30011,550826
30013,2816203.71
30015,6259530.43
30017,374872
30019,6331112.24
30021,2212462.74
30025,182008
30027,2313778
30029,138544
30031,133580
30033,158749
30035,4661396.04
30037,288765
30041,10089027.1
30043,32860
30045,1999660.62
30047,158067
30049,133711
30051,4852287.76
30055,4092418.98
30057,200792
30059,408445
30065,32771
30067,89062
30069,263372
30071,2437155
30073,5348050.73
30075,99660
30077,175965
30079,907732
30081,58112
30083,854191.65
30085,5882322.23
30087,1717301
30089,58760
30091,10241616.78
30095,398938
30099,3418220
30101,7660410.9
30103,862158
30105,9341396.83
30107,954360.92
30109,1953004
30111,3301346
30999,220855
31001,5889729
31003,5637195
31005,65630
31007,841245
31009,54702
31011,693985
31013,9044068
31015,2885588.76
31017,2220303
31019,2626507.5
31021,5565345
31023,2518916
31025,1053261
31027,1170304
31029,8477501
31031,969930
31033,3978878
31035,2634165
31037,2031241.05
31039,1395264
31041,3241558
31043,1092473
31045,1094605
31047,5284405
31049,1319871
31051,389469
31053,4049374
31055,1458470
31057,2656035
31059,532059
31061,3208970
31063,1011949
31065,2459996
31067,1330228
31069,1385228
31071,645714
31073,540111
31077,955512
31079,9855684
31081,671361
31083,4957981
31085,5699109
31087,1588170
31089,13640639
31093,3497913
31095,472057.5
31097,1159460
31099,1720482
31101,2016015
31103,855816
31105,750264.62
31107,5108912
31109,921882
31111,3259468
31113,334397
31115,145023
31117,68599
31119,2685001
31121,9288517
31123,2448358
31125,3843484
31127,5338892
31129,2851577
31131,2278649
31133,1358332
31135,15950663.6
31137,2582445
31139,5326483
31141,1715916
31143,1650351
31145,1453456
31147,4962110
31149,1925462
31151,345488
31153,1144925
31155,1742469
31157,5847224
31159,665124
31161,4038096
31163,1827615
31165,679358
31167,690191
31169,941520
31171,16028
31173,429506
31175,3283188.25
31177,3559486
31179,533331
31181,3582600
31183,3284438
31185,415973
31999,72298
32001,3274906
32007,5379359
32011,1305226
32013,2837159
32015,1636957
32017,2126486
32019,369079
32021,1367012
32023,3968866
32027,2579823
32031,1849857
32033,4085850
32999,40200
33005,10202
33007,365
33009,32419
33011,137949
33013,10953
33015,16408
33017,14763
33999,3531
34001,162770
34005,1107758
34011,316421
34015,701129
34019,224347
34021,114740
34023,8153
34025,198903
34027,16175
34029,39375
34033,882171
34035,24895
34037,45255
34041,161930
34999,7684
35003,102284
35005,6701337
35006,370557
35007,242546
35009,6773984
35011,706607
35013,4467185
35015,3175031
35017,237235
35019,136856
35021,276325
35023,305180
35025,7428768
35027,1172728
35029,1681723
35031,53569
35033,52954
35035,2820858
35037,3422403
35039,76276
35041,8726496
35045,1445393
35047,254094
35049,14813
35051,586899
35053,562727
35057,123224
35059,653331
35061,161344
35999,25347
36001,160641
36003,617454
36007,22146
36009,929821
36011,2410196.65
36013,869342
36015,28453
36017,128102
36019,1880713
36021,188383
36023,121672
36025,4176
36027,689667
36029,2092829
36031,194465
36033,273660
36035,125352
36037,2864827
36043,851235
36045,3669450
36049,109625
36051,4101957
36053,1237804
36055,5537141
36057,857750
36063,10265269
36065,1357108.6
36067,2895641
36069,3381305.55
36071,601365
36073,8010034.5
36075,1765043
36077,190731
36083,278900
36089,1120000
36091,539629
36093,66102
36095,135635
36097,161318.3
36099,2067681.4
36101,1911215.5
36103,112616
36107,1879
36109,222661
36111,381452
36115,757449
36117,7374477.2
36121,1502947
36123,815231.5
36999,11643
37001,649909
37003,1121851
37007,1368537
37013,7577661.25
37015,3879299
37017,11804935.9
37019,889338
37021,2454
37023,25895
37025,232929.5
37027,2537
37029,1079803
37031,784411
37033,1906582
37035,437075
37037,368477
37039,2610
37041,552478.56
37043,2198
37045,653573
37047,9282677.55
37049,3873677
37051,4326243
37053,124351
37055,189892
37057,696186
37059,455421
37061,9805013
37063,193966
37065,5899069.7
37067,1148727
37069,4157806
37071,135274.48
37073,140687.29
37077,1868295
37079,5728201
37081,2679573.5
37083,1395431.5
37085,3830355.8
37087,146922
37089,9622239
37091,1545864.4
37093,485036.7
37095,1198439.8
37097,704813.4
37101,5581716.75
37103,7536210
37105,1127910
37107,6866189
37109,548079
37111,15824
37115,2155
37117,3014851
37119,67057
37123,37435
37125,862508.8
37127,3861725.9
37131,1236685.8
37133,6055980
37135,894012
37137,959167
37139,1534548.6
37141,2687057.95
37143,643347.2
37145,3846770
37147,9000916
37149,478290
37151,249158
37153,223836
37155,7018998.2
37157,3044103
37159,876457.9
37161,12295
37163,16847557.08
37165,1191898.6
37167,472739
37169,1016366
37171,1621424
37175,40691
37177,765824
37179,2246332.2
37181,1163660
37183,1795655
37185,2269300.5
37187,1852349.5
37189,3577
37191,6841175.3
37193,1420081
37195,3350594
37197,878315
37999,281149
38001,5950750
38003,43868909.44
38005,13732832.24
38007,1948585
38009,19538930.2
38011,7287647
38013,19852019.04
38015,7334375.07
38017,52966975.46
38019,42100072.94
38021,36264366.5
38023,17298296.63
38025,7309636.15
38027,3985726.84
38029,18817207.5
38031,5964171.58
38033,4110928
38035,40835903.15
38037,6642905
38039,13747135.59
38041,19557614
38043,8330487.36
38045,44447448.38
38047,4969084.7
38049,6986694.2
38051,10212491.8
38053,3936721.51
38055,13433708
38057,2467903.02
38059,9370938
38061,16661334.42
38063,12608332.84
38065,1549722
38067,27018651.55
38069,6795422.65
38071,22488800.23
38073,19914986.73
38075,22175242.16
38077,24303997.25
38079,9104788.6
38081,23704845.1
38083,5366484
38085,3579248
38087,7037856
38089,13762371
38091,15202077.53
38093,47795541.55
38095,17939162.27
38097,43467704.99
38099,23332609.57
38101,27220040.19
38103,14036174.23
38105,17491272.01
39001,1713306
39003,9127015.33
39005,3572412
39007,2286060.85
39009,99157
39011,9222936.09
39015,4144287.5
39017,2775154.91
39019,978196.85
39021,6435765.4
39023,6889017.4
39025,1317906
39027,2091475.63
39029,1050101.06
39031,1188540
39033,8014022.5
39035,34639
39037,9258325.5
39039,19162198.31
39041,9281535.8
39043,2954193.5
39045,826976
39047,4327263.04
39049,916212.9
39051,19555788
39053,272071
39055,576319
39057,1648404.95
39059,356518
39061,97703
39063,23354071.38
39065,29519088.82
39067,141020
39069,17585777.69
39071,3856213.8
39073,221044
39075,992340
39077,13736148.72
39079,411755
39081,213137
39083,2100224
39085,17362
39087,70426
39089,2194029.5
39091,17620834
39093,7794534.11
39095,4494873
39097,7062822.5
39099,1458361
39101,12961945.36
39103,3627425.2
39105,193687
39107,7479762.7
39109,6098092
39113,783381.5
39115,49782
39117,10197907.9
39119,596722
39123,10393944.3
39125,15777022.98
39127,1317848
39129,5350642.5
39131,856873
39133,926288
39135,1645897
39137,9924525.05
39139,3128731.6
39141,957901.6
39143,10046117.9
39145,394872
39147,22670265
39149,6035514.6
39151,1536873
39153,111964
39155,1338670
39157,1249779.58
39159,12284108.26
39161,9250580.4
39163,162685
39165,2157384
39167,103406.5
39169,4281790.85
39171,21508969.2
39173,36076250.12
39175,16167957.98
39999,15579
40003,1211023.8
40005,50020
40007,2488367.54
40009,1127225
40011,505278
40013,213062
40015,2440417
40017,1852866
40019,27908
40021,267
40023,112463
40025,3140047
40027,32298
40029,7642
40031,3272270.4
40033,3381839.7
40035,668881
40037,9352
40039,1856084
40041,61617
40043,315158
40045,491338
40047,3544830
40049,402257
40051,1196363
40053,7193115.3
40055,3104864.7
40057,2223744
40059,569500
40061,132276
40063,36811
40065,7024988.5
40067,31050
40069,33542
40071,8030915.12
40073,770203
40075,7862370.38
40077,8141
40079,2026206
40081,35683
40083,802239
40085,90265
40087,315796.6
40089,2540373
40091,12299
40093,633235
40095,165422
40097,97595.75
40099,13811
40101,3083811
40103,1952386
40105,383676
40107,104091
40109,179778
40111,53158
40113,535761.26
40115,814504.5
40117,444212
40119,213908
40121,15943
40123,25931
40125,216794
40127,10324
40129,427599
40131,89629
40133,5039
40135,3063999.5
40137,95083
40139,6011947
40141,18974924.06
40143,137430
40145,1071118.5
40147,404471
40149,3696300.55
40151,512739
40153,274861
40999,1945901
41001,2314081
41003,22330
41005,357322
41011,31346
41013,546170
41015,4206
41017,31373
41019,1168186
41021,579861
41023,539126
41025,5016699
41027,457891
41029,1359270
41031,770366.6
41033,417624
41035,4762648
41037,1015902
41039,118469
41043,302963
41045,8631826
41047,339602.8
41049,1172090
41051,23633
41053,277331
41055,577349
41059,4407496
41061,565872
41063,2122338
41065,2232621.66
41067,581025
41069,40055
41071,1000474
41999,30377
42001,12591184.31
42003,37003
42005,468355
42007,188169
42009,343145
42011,669760
42013,221336
42015,427861
42017,267813.8
42019,1003629
42021,307000
42025,75274
42027,454399
42029,112081
42031,668553
42033,349859
42035,112936
42037,1117154
42039,1648555
42041,748133
42043,101772
42047,24487
42049,668896
42051,466271
42053,23392
42055,1198812
42057,250064
42059,15442
42061,431217
42063,340191
42065,599063
42067,106364
42069,13037
42071,263037
42073,1131184
42075,69307.54
42077,83032
42079,251931
42081,406829
42083,24331
42085,2707055
42087,55855
42089,41185
42091,242316
42093,288119
42095,219978
42097,642434
42099,121231
42105,236848
42107,426920
42109,114227
42111,246797.02
42113,180907
42115,888
42117,437125
42119,133245.5
42121,834080
42123,124443
42125,62320
42127,4459
42129,532045
42131,55677
42133,237767.8
44005,24600
44007,76951
44009,479
44999,13213
45001,11066
45003,1750113
45005,1548900
45007,509993.5
45009,951802
45011,736702
45013,9878
45015,1366207
45017,914879
45019,143166
45021,230938.9
45023,191312
45025,3295733
45027,4940021.13
45029,2490574
45031,4144136
45033,2620407.04
45035,1675685.4
45037,6301550
45041,4779870
45043,896772
45045,9824
45047,279
45049,2168638
45051,9007266.5
45053,71646
45055,157909.5
45057,98325
45059,26684
45061,1894694
45063,292992
45067,2918943.5
45069,2122955
45071,35633
45073,71210
45075,4524476
45079,1341559
45081,3080897
45083,423406
45085,1996529.8
45087,17087
45089,6136867
45091,506114
46003,17950748
46005,56013633
46007,2732640
46009,29527210
46011,23024038
46013,40838217
46015,12012725
46017,1266618
46019,173716
46021,5318412
46023,39389807.2
46025,22554436
46027,26840740
46029,10249652
46031,5449890
46033,83830
46035,21633588
46037,14027918
46039,13776838
46041,4090574
46043,28566116
46045,16634729
46047,374356
46049,27120878.5
46051,12089005
46053,6961822
46055,3330440
46057,11706050
46059,37841611
46061,30975841
46063,1219900
46065,3878586
46067,63179417
46069,10015365
46071,1401171
46073,9734387
46075,3419219
46077,45237126.7
46079,29995141
46081,1855
46083,27329630
46085,7210282.36
46087,42158733
46089,6746084.8
46091,20927462.5
46093,1908020
46095,1204455
46097,21680137
46099,30496953
46101,17764951
46102,1335528
46103,2202756
46105,2213726
46107,21725777
46109,14986172
46111,19721589
46115,50171682
46117,4259066.5
46119,13432870
46121,840322
46123,7667640
46125,41318210
46127,13028480
46129,9025463
46135,22901300
46137,2861334
47003,328396
47005,285675
47007,736545
47009,113516
47011,275534
47015,102777
47017,324116
47021,183550
47023,160763
47025,30072
47027,1093555
47029,245731
47031,192922
47033,654908
47037,117693
47039,782444
47041,31732
47043,48418
47045,3529379
47047,864297
47049,6044
47051,199778
47053,984442
47055,182707
47057,92364
47059,121061
47061,5220
47063,55805
47065,460
47067,7247
47069,523172
47071,416416
47073,84628
47075,429909.77
47077,428775.5
47079,877654
47081,212382
47083,9937
47085,168092
47087,864848
47089,130143
47091,12418
47095,2061157
47097,5624828.8
47099,199374
47101,7550
47103,71314
47105,156178
47107,285329
47109,551703
47111,3173836
47113,662120
47115,1260
47117,16485
47119,469848
47121,88220
47123,459840
47125,814884
47127,5525
47131,1028778
47133,91763
47135,93777
47137,23589
47139,378137
47141,42218
47143,153659
47147,2639665
47149,288201
47157,1684093
47159,1168294
47161,352157
47163,1881
47165,6447899.5
47167,1244423
47169,270860
47175,27562
47177,259147
47179,29746
47181,111322
47183,489253.56
47185,55223
47187,53733
47189,74968
47999,246175
48001,957522
48003,3363526
48005,27825
48007,47629
48009,1243526.86
48011,5171602
48013,579224
48015,788565
48017,10576683
48019,95964
48021,531555
48023,2050416
48025,822725
48027,1698431.12
48029,446212
48031,164040
48033,6382302.2
48035,701814
48037,2079910
48039,2924470
48041,1270817
48043,1564204
48045,7950903
48047,252439
48049,155248
48051,1634168.9
48053,117652
48055,374830
48057,1098895.5
48059,200990
48061,5059070
48063,38567
48065,21762135
48067,19881
48069,24042162.6
48071,15222245
48073,336805
48075,2399148.1
48077,880056
48079,19469917
48081,146122
48083,1004985
48085,1805477
48087,4694841
48089,5623549
48091,110817
48093,521069
48095,3433446
48097,180305
48099,791957
48101,2329752
48103,403080
48105,2327310
48107,27115556.5
48109,4749909
48111,24978041.6
48113,630282
48115,33768576
48117,10898149.2
48119,1688891
48121,735847
48123,476587
48125,3418622
48127,1565048
48129,2083998
48131,989156
48133,311470
48135,145508
48137,411130
48139,4255333.9
48141,7964234.2
48143,288502
48145,3030754.2
48147,1810144
48149,353789
48151,13728601.84
48153,42161764
48155,2148353
48157,2879757
48159,35225
48161,854388
48163,1877856
48165,60203941
48167,210275
48169,3598056.4
48171,345962
48173,6837811
48175,306682
48177,1004658
48179,7723601
48181,1431177
48185,466671
48187,331748
48189,50912589.6
48191,9717823
48193,618303
48195,17777112
48197,3604477.3
48199,5807
48201,98785
48203,13075
48205,26363637
48207,17367163
48209,130004
48211,1532849
48213,970729
48215,6061108.1
48217,3257933
48219,23258376.9
48221,99413
48223,313155
48225,720216
48227,14618040
48229,7030738
48231,633560
48233,7914947
48235,353847
48237,292358
48239,10462176
48241,77258
48243,546674
48245,4391774
48247,745462
48249,954429
48251,260576
48253,12077422.75
48255,422376
48257,1866632
48259,142552
48261,712570
48263,1074664
48265,248977
48267,96250
48269,1314425
48271,1799825
48273,549528
48275,2900556.9
48277,1992942
48279,33010591.8
48281,218317
48283,1260792
48285,467405
48287,257781
48289,958818
48291,4373850
48293,1140413
48295,3191179
48297,1069195
48299,261046
48301,234629
48303,28542426
48305,24007226.4
48307,1411051.2
48309,1898874
48311,472893
48313,175869
48317,6588027
48319,181653
48321,20024543
48323,1807781
48325,2409160
48327,120251
48329,1225549
48331,2205676
48333,195910
48335,5748166.25
48337,99497
48339,82264
48341,13826686
48343,23059
48345,3007446
48347,55634
48349,3571125
48351,21647
48353,4646918
48355,233091
48357,19727894
48359,787525
48361,1410
48363,158828
48365,8613
48367,42010
48369,27862518
48371,4751366
48373,111581
48375,493022
48377,884773
48379,171823
48381,3481279.5
48383,4507719
48385,30079
48387,6301532
48389,2237769
48391,2191244
48393,969638
48395,1193535.9
48397,86078
48399,8405331
48401,60831
48407,136856
48409,478573
48411,595916
48413,1036084
48415,7485371
48417,428341
48419,40945
48421,15059731
48423,122043
48427,2335553
48429,176065
48431,372604.48
48433,1970810.41
48435,663915
48437,24445862.8
48439,24467
48441,2744520
48443,1638931
48445,39577205
48447,2190847
48449,74247
48451,10160964
48453,459740.5
48455,57377
48457,42425
48459,8652
48461,1763081
48463,2353339
48465,2662672
48467,509615
48469,1323434
48471,178456
48473,506829
48475,562267
48477,179326
48479,6527704
48481,13084839
48483,1111458
48485,3353478.09
48487,4296293.16
48489,2906323
48491,2106285
48493,612573
48495,533965
48497,299909
48499,86453
48501,30031372
48503,730954.2
48505,894530
48507,1874814
48999,70566
49001,736905
49003,2840333
49005,369415
49007,111027
49009,71801
49011,35465
49013,230156
49015,381098
49017,138769
49019,436568
49021,418143
49023,557192
49025,253018
49027,511537
49029,92938
49031,416840
49033,28129
49037,982922
49039,520028
49041,561238
49043,303479
49045,157421
49047,532362
49049,3542630
49051,84208
49053,385304
49055,142469
49057,56849
50001,1402897
50003,24671
50007,142794
50009,5797
50011,1135501
50013,94722
50015,40692
50017,8140
50019,108816
50021,200264
50023,15975
50025,4690
50027,6314
51001,1855714.6
51003,1452122.6
51005,21763
51007,1176270
51009,89633
51011,7428
51015,50093.5
51019,199815
51023,421459
51025,822774
51029,185736
51031,414918
51033,735189.6
51035,1004433
51036,361860
51037,845390
51041,212986
51043,127386.7
51045,51708
51047,353102
51049,207866
51053,688839.9
51057,244460
51061,252426
51063,28241
51065,10896
51067,1036759
51069,2755589
51071,8341
51073,55094
51075,157806.6
51077,1826
51079,9074
51081,829693
51083,1818405.8
51085,554966.5
51087,514317.8
51089,262593
51093,424086
51095,19568
51097,271486.4
51099,67952
51101,304292.75
51103,118085
51105,303356
51107,131379.38
51109,194916
51111,602226
51113,14626
51115,15288
51117,2934682.4
51119,48978
51121,22277
51125,605618
51127,77421
51131,2459828.2
51133,75094
51135,98946
51137,86481
51139,114315
51141,739565.6
51143,5457465
51145,266681.7
51147,208791.2
51149,293481.4
51153,10413
51157,13253
51159,157526
51163,37494
51165,610696
51167,3671
51169,34893
51171,347583
51173,34397
51175,647225.7
51177,61677.3
51179,30282
51181,253897
51183,1097870
51187,3047
51191,65400
51193,218006
51197,47890
51550,270984
51800,188486.5
51810,15965
51999,59208
53001,16834156.02
53003,420972
53005,10727218
53007,17424702.1
53013,2671019.45
53017,11110815.9
53021,8873997
53023,2500012
53025,42540742.59
53027,7194
53029,15074
53033,26359
53037,1101447
53039,7599523.5
53043,5156392.94
53047,21175079.83
53049,3627
53057,393200.9
53061,9822
53063,4560850.44
53065,91967
53071,12667525
53073,494944
53075,13220307.04
53077,33999449.9
53999,58250
54003,9711
54025,33132
54027,276386
54031,6032
54035,39205
54037,38263
54053,89703
54057,79178
54063,16323
54071,7943
54077,180725
54083,164
54999,8706
55001,7492459
55003,92485
55005,4788630.9
55007,231340
55009,7732275.3
55011,1689539
55013,901924.55
55015,3448811.4
55017,5685133.9
55019,7782148.6
55021,3876507.1
55023,1072499
55025,8629361.2
55027,7894017.6
55029,3994698.7
55031,343072
55033,2797203.6
55035,1691677
55037,5531
55039,6576833.3
55041,53526
55043,2353524.5
55045,3492852
55047,1505853
55049,2008451
55051,123228
55053,1695377
55055,4136999
55057,3082887
55059,4603484
55061,3214824.05
55063,661277
55065,2894417
55067,1454995.75
55069,515806
55071,4122071.79
55073,8037821.1
55075,2130024.15
55077,2357066.5
55079,392420
55081,2750000
55083,7035687.55
55085,1271185
55087,12370744.36
55089,1301272
55091,546520
55093,2707580.5
55095,3915353.9
55097,6476307
55099,473241.4
55101,6375935
55103,1930446
55105,4704062
55107,2909653
55109,2981357.5
55111,2974356
55113,423819
55115,6412154.66
55117,4031052
55119,5479293
55121,2357442
55123,2690487.75
55125,426885
55127,7978578
55129,542787
55131,1372497
55133,1769315
55135,3684772
55137,5105040.4
55139,4952146.4
55141,5684079.3
55999,4293
56001,47676
56003,4626896
56005,35830
56007,713999
56009,304857
56011,56806
56013,243583
56015,2078487
56017,11169
56019,49552
56021,1893638
56023,1353236
56025,194818
56027,214780
56029,3432607
56031,406153
56033,15613
56037,2345542
56041,976652
56043,24505
56045,9718
56999,8549
