Sum of Indemnity Amount,,,,,,,,,,,,
FIPS,1,2,3,4,5,6,7,8,9,10,11,12
20001,,,,269789.29,1322065.08,376616.5,145026.25,2926.5,130834,13675.25,16051.13,
20003,,,26321,122118,1156950.49,491971.6,906178.3,316139.9,17480,29518.25,56068.21,43637
20005,1803,,79587,124722,570893.2,656655.9,169168.9,43120,55924,966,1977,4688
20007,4846.5,5903,,101766,281227.8,328581.41,96455.5,37700.5,45834,1919,10556,2191.29
20009,,4770,55563,344629.3,1513160.71,766413.09,329527.2,180720.46,47804,21156,2887.09,11699
20011,39534,,79058,61130.28,617265.97,187439,253998,51098,30565,110732,145105.75,20440
20013,2622,2738,1335,45969,520947.48,392395.5,86037,747009.25,3381,15972,29436.77,7338
20015,605,,55176,96704.39,1962809.23,537634.73,123399.5,24572.3,17434.4,73170.15,81388.3,30559
20017,,,17452,3361,709951.16,240582.27,73468.49,8997,,432,23437.08,147511
20019,2579,24722,1379,12678.93,30403.73,41536.93,120192.25,7918.5,-1083,2169,11238.66,
20021,86183,20748,126,165790.62,825267.24,921327,322154,42708,36316,47486,126641.14,77278
20023,,18032,,15379,43234,102902.4,69249.6,51312.8,150438.71,450297.09,16847.4,10266
20025,,,,,167476,60469,74062.31,26339.52,920,26014.75,4053.42,42531
20027,4179,3868,28835,70735.4,1156134.27,1067177.3,363327.53,33251,63821,103462,57857,19080
20029,,,14691,99223.2,472889.55,384956.25,387376.34,13450,2072,15466.6,2026,1878
20031,,,,127351.3,1320564.53,592666.2,502783.55,343707.32,3636,14455,58818.1,6426
20033,,3351,,37837,13973.2,34686,297769.36,48140,15374,11441.53,14012.11,5389
20035,10113,4542,28633,191618.32,2278324.36,743943.56,148036.37,78144.15,74897.05,48621.2,37515.19,15309
20037,19591,,29747,324712.86,1688269.06,1006422.18,473794,51512,150003,42858,80327.9,34750
20039,,8089,,56552,130369.2,95708.2,117368.4,967269.15,83144.8,275365.6,87328.25,46824
20041,2478,4156,5831.37,43988,686613.6,829936.1,867034.43,83027,1878,21132,3596,8619
20043,,,303376,643050.5,2120209.85,1112251.25,92708,427033.4,11681,187701,162,30857
20045,5126,,19585,48181,188995.05,366917.95,64796.12,41341.5,3143,34050,32964.38,19078
20047,,6023,6141,144511.9,575504.9,674941.4,169622.51,262443.4,58046,1547,5533.89,442
20049,1292,,5674,7043,83415,85451.8,136155.25,23556,9977,41203,15298.2,3443.75
20051,107.75,,3031,72608.1,233757.6,131044.5,195726.21,192400.6,1245,8453.4,3489,
20053,2929,2621,138320.4,115033,496194.93,496066.44,262090.6,35430.1,17929.1,59026.1,1247.73,
20055,,,,36899,77475.5,132272,174634.25,841631.05,93277,197051,20219.2,46683
20057,19462,9323.5,126,1920,89656,1275696.8,239982.34,233150.76,246371,516798,1818.1,11642
20059,,301.62,5246.5,108281.6,432299.91,466997.64,267665.65,338243.48,36376.8,2718,84076,38432
20061,,,,32309,122479.26,84529,65988.3,33149,5348,,809.44,48
20063,10850,972.8,,34073.17,180605,570740.3,182318.43,630930.77,105599.77,121091.5,24984.18,36711
20065,,,152420,474151.5,1124553,310989,92789.5,587882.4,50381,177003.5,27818,178434
20067,,8178,,53804.6,50345.74,1400012.3,214164.05,341631.3,118413.2,166115.2,14184.61,26787
20069,,102485.78,450.25,3730.72,319535,6084143.2,411640.51,970241.1,90359.98,284956,89434.71,46918
20071,,,,12769,576923.5,112563.25,457493.82,179627,162863.25,9269,17435.18,13719
20073,,,10682,14606.33,338578.64,208250.06,276108.84,14020.5,22484,-36496,15779.63,17082
20075,,,,,105438,227985,208867.7,77887.5,24076,36618,8463.8,37708
20077,620,,,286786.1,1686201.82,1084103.71,343833.88,88292.97,22771.59,13481.2,58533.63,1263
20079,12232,67056,14173,256480.83,1854868.69,1154581.97,837205.65,83970.11,31495,86730,74581.41,71968.74
20081,30564.6,1356,,5048.31,271963,1235761.99,183290.64,109721.9,24344.45,215,1168.5,7478.51
20083,462,1380,15145,2673.25,136721.65,94411.1,219057.85,146801.6,7563.75,14827,38488.9,4505
20085,,,3253.03,83599,384414.26,381290,60258.97,29995,9862,,3789.74,
20087,,,147129.5,74739.25,381998.9,730675.54,178479.7,83036.5,13204,17307,2610.31,1378
20089,6876.5,30889,23356.4,333119.5,692554.08,3461666.53,361376.64,26024.21,846,6688,18357.54,
20091,,,6560,188752,101603,71730,69567,,,,,5656
20093,,,,24839,22333,254376,43029,252500,108726,122139,2538,142199
20095,49570,34735,3088,166838.06,1174651.55,637608.85,462813.83,218902.9,50503,41078.7,14695.29,14204.85
20097,,,,4622,509991.2,168083.8,30365,26970,19446,18728,11191,
20099,2600,86277,143861,310295.67,1475363.86,1085546,196411.5,84474.8,57205,64123,38390.17,32993
20101,335.1,,,26421.5,177758.8,38671,80079.4,445846.62,97218,128647.8,48054.78,13436
20103,,,191106,77969,584340.8,986354.2,166860,39327,11804,72862,5006,9188
20105,12116.75,40640,,17762.6,184781.5,384340.9,193414.05,50830.5,25036.5,84246.1,12565,34560
20107,,,6753,108091.63,1087612.62,241851.5,476788,925696.4,128592,42750.9,35228.95,3601
20109,,,,250217.04,196833.5,1512890.5,82893.96,162785,112209,45062,17801,4357
20111,,,2784,153918,964543.52,661276.13,330850,275402.8,88556,77793,36601.55,26702
20113,35992,30386,197950.42,208325.6,1734324.4,849369,1394003.06,146153.8,51907.2,125200,12231.02,54667
20115,30489.61,23753.5,106045.5,58804.87,911192.44,1146412.57,548220.49,37900,44284,61575,12025.02,151709
20117,73326.3,,116775.2,407511,2219976.8,941921.6,634238.7,92735.6,528,7276,41996,14147
20119,,,,416,227930.63,250980.5,18753.87,203609.25,41497,31332,3653.75,2992
20121,2233,,111530,245462,321607,540889,330550,505505,40774,80310,32685,9294
20123,3056,37475,9776,75502.69,466681.26,342038.2,181074.45,45041.5,8696,24025.8,12291.5,2866
20125,41846,113961,6447,27933.9,2041895.09,628130.3,601256.38,43884.2,17619.75,7491.6,90614.88,13855.25
20127,17863.96,,15536.36,2430.1,178520.1,201378.71,52181.68,23183,5892,,6108.09,6142
20129,,,,226,89066.35,667553.35,206917.05,494454.5,102779.7,19324.95,70537.1,2219
20131,193.5,,4800,36154.5,423477.9,539732.75,111656.1,70601.25,47366,,44121,2626
20133,17597,,,144739.5,1297677.3,749084.85,339567.25,41679,4036.75,54459,57165.35,21308
20135,67666.18,20213.99,33255,43399,281747.89,109877.9,129589.92,493978.74,47190.72,138417.5,12974.01,12132
20137,,,2188,98856.5,534082,306314.72,61544,70793,33764,181141,25366.78,12381
20139,53244.5,,5603.5,20467,1105022.75,361272.75,307565.86,192531,9800,17390,8856.64,14476
20141,70972.84,,13476.3,30046.54,613335.35,160378.82,282560.15,146853.9,114986,93437.1,12795,214
20143,,81141.2,14411,78572.59,504470.35,311917.4,336178.37,20759,35563,111274,23128.21,4553
20145,,,35022,220668.9,1999362.98,490687.8,310936.17,303185.9,25730.19,80011,21092.11,12767
20147,,,,26985,49230.7,32257,31309.3,36112.4,23857.6,34914,3775,18744
20149,,,5458,19169,273497.8,230755.2,249785.5,4305,5886,,2358.5,765
20151,31256,,46652,28409,2659231.57,1190462.05,305375.56,199956.7,178157.4,17468,39293.64,5508.98
20153,8966,,19554.4,54666.5,815962,1456148.15,119791.95,411465.6,14738.6,409847.3,9342.5,10349
20155,133218.88,44086.58,70272.1,1110416.73,3337101.07,2537204.95,1049645.41,417570.93,155642.06,152943.31,71911.89,92509
20157,13733,7559,120103,25757.5,539668.1,510176.2,586891.15,54594,61654,59050.3,5339,16287
20159,160592.5,17920,173879,585986.9,2526353.88,1937221.11,906416.22,307865.55,29245.55,264483,28869.19,38344
20161,16748,,67897.5,31258,435424,207363,67469.85,26547,38155,4236,6289.15,1077
20163,1329,,28138,32763,281356.14,412342.6,154870.36,201131.2,100327,75569.7,2391,22933
20165,13715.5,,,102097.1,763834.8,135029,193970.1,113100.65,16831.62,31026.35,2283.78,
20167,,4832,7977,47196.5,229700.5,314965.19,207656.95,90912,49624,46941.3,129.31,
20169,14793.8,49865,17956.5,138470,1219437.7,916287.55,634606.72,77305.6,53733,33081.55,2953.79,10779
20171,,2154,20411,53960.46,67928.98,292907.32,176133.08,352695,24956,63474.87,4333.66,
20173,20222.2,718,25048.2,133867.98,2457326.85,992917.58,703321.88,359744.93,43053.73,31112.66,88225.12,9460
20175,,,,104132,26581.4,599238,40236.6,288440,32913,16931,,7791
20177,,,26053,66975,215200.52,286984.5,98205.6,42600,,5731,34111.38,2356
20179,,,3443.5,261684.92,885091.08,1712427,205511.5,658532.5,59761,1203197,44588,10449
20181,,,12279.8,33633,257585.4,499764.15,150411.22,320833.5,69696,203126.5,6666.23,13889
20183,,,,11965.2,200982.5,69255,55161.32,88022,157303,23156,365.98,296
20185,,5948,105052,836780.75,1705817.72,713272.43,292795.59,195786.66,41736,102420,30090.6,24229
20187,,,,4341,55828,4764491.55,87670.23,1072200.82,12418.4,40699,29385,22229
20189,7942.4,,,15721,788057.22,1705928.1,134220.35,152583.15,50305,178326.5,94269.5,30264.78
20191,268203,,68612.4,448985.65,6741130.38,2513752.87,1386006.09,385429.85,150655.28,67645.17,151027.58,8455.4
20193,4502,,25878,304132.5,561028,1285645.83,55435.27,472125.3,108734.5,706499.4,12517.2,11395
20195,,31600,5291,58392.8,234244,600825.6,112239.59,500814.54,76259,60157.88,18307.78,9444
20197,,,,6117,181515,154184.36,31398,28685,,6299,4040.64,10482
20199,,,,44516.9,57904.7,3235456.07,126353.15,711196.96,89180.07,144791.15,8444,41362
20201,41838,99,30368,51944.5,380889.75,461182.11,2059113.72,220816.6,6993,23234,25007.21,33730
20203,,195,2818,33436,144873,89625,219746.17,118855.83,4220,58801,1546,707
20205,85621,6472,4849.4,37622,1122891.38,898829.95,355449.59,10832,4263,38205,6220.48,
20207,,18924,38465,86417,806561.79,109856.96,79997.29,10129.3,66765,-20613,4836.66,
20209,,,443941.6,49003.9,301588.5,154275,10901,,,,,
31001,240,,28214,29299,112477,2422055.75,715990.75,2306504,83995.22,189566.5,1386.78,
31003,7452,,903133,369930.9,2991660.35,582044.75,560145.1,58222,19718,109614.48,32980.42,2294
31005,,,,,,,,,65630,,,
31007,45477,5328.6,6776,5541,169672.4,187448.79,197246.4,28151,3934.4,182164.2,6227.21,3278
31009,,,,54702,,,,,,,,
31011,,,,5434,250323,85437,297802,9863,617,43774,,735
31013,1349,100562.86,4107.7,27687.3,656370.58,513141.93,1723061.44,4606966.84,1136044.85,221672,47700.5,5403
31015,,,151988.5,102171.5,1550330,735988,53340.8,191951.3,36937.5,6184,45386.76,11310.4
31017,,,8193,120996,1237117,619732.1,88737.9,21291,,,10019,114217
31019,3358,,195653.5,60628.25,683959.75,500609.5,315722.5,555701.5,112361,126466.5,63049,8998
31021,,,2329547.08,215454.08,1900034.66,765065.71,126942.74,6323.29,35752,19688,157595.44,8942
31023,,,268298.9,160302.4,1134223.55,697981.06,117149.54,41610,33735,17142,23943.55,24530
31025,,,430143,194179.25,174039.3,192225.05,3041.4,6862,5290,14488,373,32620
31027,,,49491,205004,605554.1,122739,100810.4,36345.5,44040,1473,,4847
31029,,,7029,160014,1032043.46,1046066.56,331438.4,3539264.48,2311665.16,7553,41558.94,868
31031,,212.85,,228318,368278,68478,105771,114222.15,84650,,,
31033,72625.16,19292.56,69847.18,201910.75,1048083.05,522989.4,1335912.03,269100.56,50672.55,308769,76364.76,3311
31035,,6989,57248.75,10631.05,362947.9,191003,168055.2,1605400.5,90404,105488.6,32068.5,3928.5
31037,,,78299.13,107949.08,1262954.3,465917.75,44645,,,4514,52939.79,14022
31039,,,223636.13,93450.48,417457.42,110878.91,146009.3,85460.5,46015.98,4871,262439.28,5045
31041,,6632,21658,266150.5,735926.25,374270.5,1217373.39,356411.5,189186.5,31813,24050.36,18086
31043,,,16754.5,8377.25,657175.75,39463,254639.5,,33156,4671,78236,
31045,13746,1596.6,44959.64,402093,28882.19,235755.33,108423.82,128273.62,47806,83049.8,,19
31047,,,93125.5,133859.57,3168309.25,748987.35,381888.3,404146,220037,101052.6,3730.43,29269
31049,30434.4,17830.38,14759,3411,440972.7,174228.2,374528.2,251623.02,8342.2,,3741.9,
31051,,,39014,41480,161493,32695,39853,55524,,18700,710,
31053,,,496315.44,342324.4,2121938.45,849423.97,124907.66,29689,3836,21738,42721.08,16480
31055,,,216638.9,140647.8,819661.46,224250,488,5232.5,,31201,18503.34,1847
31057,,7141,,16987,19653.6,27012.9,174295,1913863.1,43924.4,438665,9536,4957
31059,,,38140,29627,149149.5,188071.5,68078,28305,857,23834,5997,
31061,416,,243910,141586,261303,136279,1834695.6,66225,456911.76,39085,24716.64,3842
31063,,,73806.48,98789,197879.11,284863.6,31082,46154.41,87202,182267,1521.4,8384
31065,14924,3229,103579.17,61216,565570.75,893965.86,585175.94,81913.01,15214.8,124299.2,7131.77,3776.5
31067,,,343,221788,437385.05,443964.2,60151.8,48676.15,8023.2,37913,67678.6,4305
31069,11739,5228,22391.78,3781.78,76298.64,103609.8,388278.94,751764.28,16508,,4989.78,638
31071,,,,9190,384848,5915,,168774,26062,16954.8,33452.2,518
31073,,9446,32241,35872,273099,48182,11102,7827,,46557,75587,198
31077,,,14550,,353959.55,84857.2,190589.2,5248.8,12870.6,211461.8,76967.85,5007
31079,,,723219.7,200399.85,1816224.55,1193919.6,488141.5,4636040.8,196553,209134,339042,53009
31081,,,7981,22027,298916,74977.5,55856,181256,8037,12830,9480.5,
31083,,,140799,148198,161570,754422.04,3350909.55,39269,55406,294390,3182.41,9835
31085,21074,6629,5307,92169,268558.5,32329.02,420296,3753492.08,662998.9,422055.15,2321.55,11878.8
31087,,443,900,25444,89377.3,97132.25,100595.25,1171026.28,2076,72668.8,26899.12,1608
31089,,,122031,653463,8898970.31,1646231.43,310228,1410090.6,164875,123679,78274.66,232796
31093,,,245620,47592,812436.1,1001604.7,121734.8,696334.4,115151,355895.15,86246.85,15298
31095,,,,4560,88456,73292.5,103074,1998,1080,20592,113450,65555
31097,,,,353237,466576.55,148562.59,58846.5,12919.91,9183,76432.5,31742.95,1959
31099,11114,,110954,1684,330746.1,509812.85,431775.09,38784,223336,49069,9671.96,3535
31101,,,9520.57,32717.57,742306.56,148369.8,298377.25,637073.5,66473,59422.75,11051,10703
31103,,,165064,126132,376684,138837,,37590,,1925,9584,
31105,437,1853,29902.33,12083.4,138421.74,160006.5,61761.32,149298.23,2003,193393.5,1104.6,
31107,30198,,398489,529516,1646860,368089.54,107637,1896778.8,66970,37911,21335.66,5127
31109,,,4867,87300,537135.38,147704.77,33757.12,5330,33674.62,15789.26,29403.85,26920
31111,4939,18454.59,,29846,334205,351312.11,39074.5,212846.91,1204216.5,1026067.3,35542.09,2964
31113,,,,43903,94738,13287,142662,,,,,39807
31115,,,,2605,15918,121150,2907,2443,,,,
31117,,,,,12508,16584,,11825,,27682,,
31119,,,523651,548627.5,814403.95,544395.55,170136,21442.05,3916,48867,4194.95,5367
31121,,,735452,441425,6049316.8,1428165.22,200401.5,180043,43321,78046.72,127362.76,4983
31123,40379,6702,17258.12,558,102433.2,24102,126503,2025048.87,87390.65,,16260.16,1723
31125,,1835,328220.25,24914.25,3034961.5,358706.43,20545.8,61924,2686,105.57,9038.2,547
31127,,,866654.7,377397.84,2439543.84,1341519.52,84764.6,9748.1,53189.8,120264,26358.6,19451
31129,4373.5,,10338,28853,1504914.27,951680.66,241449.11,74021.95,27134,7738,749.51,325
31131,,,363675,114521,800724.3,840529.4,36904.1,24394,12781,6413,78322.2,385
31133,,,,379924,485802.7,286931.55,20770.25,69460.5,,14125,62860,38458
31135,418,39107,25979.25,26735.25,629918.29,210562.37,853345.2,12728218.1,1130793.78,222449,82009.36,1128
31137,,,,11087,340505.4,778623.4,1241363.24,109090,56357.5,34206.5,11211.96,
31139,1238,,567633,1356936,2526852.6,446028.8,297583.6,23365,20115,54442,32289,
31141,,,552796,145787,600743.05,194617.04,70073,,85336,55090,6660.91,4813
31143,,,354767,250957,530205.67,325367.87,65129.46,59507.6,598,37339,25680.4,799
31145,,13587,2629,17052,444013,183377,151001.5,261741.2,27867,318154.3,,34034
31147,,,274617.22,975814.89,2501123.38,770720.86,61394.4,232345.45,5747,43079,59008.8,38259
31149,125,,1978,81121,938514,420933.73,339445,121240.07,15,16627.5,5462.7,
31151,,,4507,3055,107599.25,148772.25,32051,13101,9886,2938,8975.5,14603
31153,,,243529.5,,710210.29,153136.5,17619,,,8979,11450.71,
31155,,,113694.76,76255.1,671666.27,534471.89,61244.61,26427.91,153627,32781,40007.46,32293
31157,4986,,,19407,16520,212243.6,1360400.88,3914198.06,219623.56,71921.5,25476,2447.4
31159,,,23037,76751,259482.5,239736.15,7653.35,35295,6657,9612.5,5364.5,1535
31161,,49933,38461.25,575558.85,540592.51,588340.85,1136941.85,612688.49,69523.3,277341.9,143138.6,5575.4
31163,,,273724,27444,346280,379908,149655.6,180005,135406.5,266906.25,28109.9,40175.75
31165,1063.6,,,381796,8869,406,77689,144111.4,,65285,,138
31167,,,71121.82,88604.78,327862.44,96167.82,21071.38,15093.84,13359,31842.58,25051.04,16.3
31169,,,,13249,398613.2,303163,48237,1798,4088,7938,164433.8,
31171,,,,16028,,,,,,,,
31173,,,12636,40773,61327,237176.94,1745,,41453,961,17112.06,16322
31175,,,20560,32979.75,1708117.45,627404,105551.5,390269,121037.4,194309,55758.15,27202
31177,,,485484.39,88308.39,2306633.33,447169.9,80984.1,1117,101213,4448.34,26478.55,17649
31179,,,79190.5,1256,197114.5,11791.9,151126,42889,4794,416,43227.1,1526
31181,21321.15,9828,66735,23701.75,367423.25,1897621.09,548201.76,331335.85,185260,113475,5503.15,12194
31183,,,,686356,616722,1891009,16081,,2895,9639,42427,19309
31185,,,10246,11524,68304,232506,35896.5,42979,,6388.5,3322,4807
31999,,,72298,,,,,,,,,
38001,,,38647.45,78415.85,546197.15,58485.5,210139,492161.3,3383478.97,1001010.08,142214.7,
38003,1880005,3430619.1,2975062.1,4219852.6,10318401.1,1767072.5,5620703.5,3459893.6,2097557.49,7224448.9,540193.55,335100
38005,168631,385534,5785,169594,432644,365969,1006020.58,2802355.05,2958647.48,5269398.23,168253.9,
38007,5582.4,,,28458.7,71479.8,133580,633409.8,65056.95,813986.05,197031.3,,
38009,469952.85,8650.2,6985,178207.8,377099.26,597723.82,1304179.03,3019069.95,9408886.04,4033335.88,87429.37,47411
38011,,,40688.7,40688.7,291690.6,377461,259286.05,3641827.4,1670051.5,838977.1,126975.95,
38013,,2238,,54480,143328,644921.9,456079,2660080.62,11236014.75,4560468.77,91776,2632
38015,,60437,10061.05,129003.65,438352.3,163338.5,771642,2891734.16,1260865.27,1606211.1,2730.04,
38017,1267930.4,977442.7,1300752.3,4406625.2,7003748.55,3623057.99,6385614.9,6644755.1,8876299.96,8446212.19,2896963.32,1137572.85
38019,199977.6,12940.35,,79407.8,706716.77,545493.55,5033614.72,3603149.33,14193506.32,17643819.1,48715,32732.4
38021,795009.5,959841,1529717.5,7355568.9,17578078.72,2914800.05,641094.39,1491595.57,618591.15,1956967.51,204668.21,218434
38023,51009.49,,,15070.25,30473.25,276537.1,1379405.5,1005504.75,13163442.66,1232309.63,144544,
38025,,,,16179.15,97298.85,285423.85,486251.28,326891.05,4721205.12,1266977.6,71809.05,37600.2
38027,9731.75,96918,40652,157623,167270,203513.5,199369.16,967004.25,929487.6,1201765.05,12392.53,
38029,5691,,76827,71437,949197.5,469763.75,1350452.6,5648346.57,6302582.58,2705587.95,1044317.55,193004
38031,81450.05,294776.2,27892,655162,455855.3,665392.6,469792.5,1228996.25,856942.05,1080299.83,147612.8,
38033,,,,212680.15,280040.85,50533.7,1157686.8,621658.35,1480787.1,237883.8,48505.25,21152
38035,161392.95,22466.9,107262,3353967.35,2764853.18,169624.5,1159710.98,3994263.47,11339254.92,15829009.83,1731964.67,202132.4
38037,,,10248,39569.5,236690.75,284259.7,232961.75,659989.05,2049791.55,2148239.15,927666.55,53489
38039,99904.4,236626.7,81615,596780.7,1922244,1137401.9,1950233.65,2698737.91,1440663.79,3378891.59,201839.7,2196.25
38041,111145.2,,15387.25,137034.25,336599,259683.7,6360861.4,2699450.3,6903817.25,2349642.25,328372.4,55621
38043,28434,18915,39972.4,332072.2,319690.15,405331.2,356446.98,1082567.94,2593586.99,2987459.75,156909.8,9100.95
38045,457425.75,1510656.6,2903461.6,3880652.7,18402869.5,3763113.1,1184461.02,1359249.9,1668447.81,5009621.7,2069347.2,2238141.5
38047,105368.4,112691,253534.6,145746,686102.5,600552,423420.85,353997,1224509.85,794153.25,187119,81890.25
38049,,16954.2,11069.28,65867.32,177747.99,297737.6,499658.74,819434.3,3760703.86,1323223.55,14297.36,
38051,,,142809,471062.1,2345052.68,1576165.42,393380.5,677679.9,2316484.63,1439875.3,409513.02,440469.25
38053,,,,44717,19479,93380.25,147763,617197.76,2085442,269892.5,658850,
38055,,23068.83,3544,4448,257872.95,450874.64,180376.18,6980705.91,3703967.93,1657933.53,118116.03,52800
38057,31121.2,,,,17972,116145.55,53699.07,815120.9,1139163.79,233420.51,61007,253
38059,166366.5,,,27096.5,83164.5,2538219.65,1432179.03,1449090.9,2524040.43,975076.15,175704.34,
38061,6985.6,4243.16,3155.5,,182659.25,218282.65,848969.3,2828058.33,9465590.26,2831049.89,166355.48,105985
38063,149821.45,74491.45,34185,490305.9,1676663,1266589.75,522583.1,1112933.25,2351992.62,4666972.77,259013.8,2780.75
38065,62120,,,,10739,11363.75,171025.25,481507.5,697760.5,115206,,
38067,45683,,,183989,576112,1013468.35,4374285.64,3685499.1,6648332.6,9885577.38,574125.73,31578.75
38069,,91769.3,3657,76641.55,190620.15,283002.96,762301.39,962406.12,2345006.48,1841950.3,238067.4,
38071,188607,943563.8,21627,361149.7,1347648.13,698348.65,1267030.88,2420414.07,5506752.63,8889501.87,703953.5,140203
38073,15432.5,465028,812495.5,4769596.87,8491806.8,1711357.85,509837.06,851799.1,378424.25,1648882.7,167738.6,92587.5
38075,33304.83,32194,,176894,322701.14,531758.69,1153568.36,5578224.74,12061458.81,2233158.65,35837.44,16141.5
38077,174870.9,383153.8,512341.4,1647773.1,10367455.05,2248602.25,2048357.45,3140273.25,1187827.3,1604183.25,857888.5,131271
38079,,183144.2,34434,76075.1,104693.8,109670.02,424279.61,1188486.9,3545745.3,3314571.77,120695.36,2992.54
38081,27149.2,967308.1,530925.6,6713930.8,10952058.1,2264923.5,337006.95,474893.35,99527.5,1089203.2,106653.8,141265
38083,12634,,6880,51118,71727.8,33881.07,324467.5,1624948.68,2191579.37,1023691.58,7677,17879
38085,3492,,,31937.75,346992.25,289495,120759.55,538873.79,878844.86,982569.05,255836.75,130447
38087,190611.6,,3286.8,26217.8,75121.4,47889.5,75159.5,1849667.45,3669027.1,1030714.1,39589.75,30571
38089,43413.2,,5330,68444.9,324942.1,439202.35,3483486.02,1237395.35,5781567.03,1727340.2,552817.05,98432.8
38091,785725.25,114421,144636.8,732767.2,2848305.5,706160.5,1496297.25,1150489.43,3359962.94,2952205.31,668390.6,242715.75
38093,253787.33,1984758.7,1262671.5,3269224.91,7221662.95,1130401.96,5243521.59,4413009.26,5491495.19,16478512.8,648159.46,398335.9
38095,2843.4,102941.4,39831,207570,626946,378410.7,1053922.8,737948.1,6794107.89,7748707.38,215786.3,30147.3
38097,394789.1,134187.6,249990,1985557.9,6505666.65,1120987.59,1047708.38,9623334.86,9215326.48,10780776.45,2011757.93,397622.05
38099,,10246,,922312.5,589466,450683.1,3772228.55,3400969.45,5569691.03,8462028.63,140160.71,14823.6
38101,30764.7,33946,2288,30938.5,466805.25,656440.95,979750.66,7925022.85,13831028.57,3006024.55,231233.56,25796.6
38103,71404.04,41456,5990,265007,452075.5,368128.5,1251277.5,4162692.65,3431683.76,3927220.68,56200.1,3038.5
38105,,,,14299,51198.79,251395.03,823421.05,1987815.57,12354664.03,1926190.24,27584.3,54704
46003,176647.7,19982,267048.29,6219087.37,4994086.03,4759489.72,589909.65,835600.5,48235,23023,6909.74,10729
46005,11174.8,431371,59385,15250990.08,25272007.66,5683261.86,6747881.35,1558355.95,489627.2,95642.5,254715.9,159219.7
46007,1210,,186552,107866,591741.5,764665,852843.83,81420.88,64864.3,56003.1,25473.39,
46009,70122.1,364.5,631559,8746770.1,15141062.58,3976534.9,285865.5,644240.9,20842,8339,669.42,840
46011,,,166598,6199291.76,12821061.34,2551775.3,356166.8,238657.1,291026.8,82170,92501.4,224789.5
46013,23718,1164197.5,436206.5,13738234.4,18954952.1,3127152,1020144.4,1043065.5,219397.2,695242.65,181233.75,234673
46015,4653,14660.68,220691.27,1845647.4,7293938.94,1387034.3,649445.82,496538.39,89426,1331.2,9358,
46017,,,74015.88,251837,548879.47,127021,173823,32191.12,31129,,24631.53,3090
46019,,,39278,,56027,18356,19675.3,28251,5315.7,,,6813
46021,3498,,419190,820302.5,1114940.5,204882.2,402083.9,1035718.52,705716.08,129167.1,415330.2,67583
46023,197741.89,2975,974234.75,11896562.43,16320416.96,7613727.93,1768286.25,506475.04,78544.4,,30403.55,439
46025,,,658051,7190382.89,8260002.57,1519288.04,3201142.46,894543.06,289184.48,247313.2,85801.3,208727
46027,,,88248,4474624.53,19175469.4,2767699.5,81434,123041.27,28021,25383,74765.3,2054
46029,,,219865,3746068.07,2916283.98,655986.45,189848.6,2037052,325186,114114,45247.9,
46031,83771,,24970,525610,740914,376467.5,1370233.55,990546.75,575165.5,641957.7,120254,
46033,,,27345,,15030,35754,1290,2470.5,,1940.5,,
46035,197531,105992,954959,10213827.58,3453318.85,5699378.7,608958.34,264832.05,28168.98,852.5,88479,17290
46037,16870.5,,3791,6516926.24,4396532.87,995868.59,807255.3,559537.26,264078.5,366407.5,87712.24,12938
46039,18324,,455529.38,2543992.54,7361810.68,1462084.7,406646.85,284787.4,188601.1,205166,261325.35,588570
46041,,,,1408130.4,1320991.7,425798.6,386722,95186.2,213063.8,156571.8,84109.5,
46043,272273,1845,1290435.08,12904857,8690296.4,4837966.06,362110.4,147290.96,9866,503.5,21994.6,26678
46045,,,1672870,4131400.5,7513425.25,1824572.35,826585,587344.9,3218,28530,522.5,46260.5
46047,7385,,18093,78683,101665,82674,2856,56900,26100,,,
46049,,,392685,8865899,11534293.75,3575105.05,1737086.34,879239.8,57635,16785,44451.56,17698
46051,26105,,169387.27,5261063.5,4101753.93,600799.44,876567.45,447346.6,351017.25,89585.5,137286.06,28093
46053,122610,81788.57,4442,850128.59,3448187.14,1691873.1,148720.5,538987.1,12535,42997,10260,9293
46055,19080.6,56320,232576,727665.52,1430143.5,354496,167479,297027.38,5682,39970,,
46057,,,250261,3119673.82,7142285.15,601594.13,336390.5,74836.1,34922.3,112636,12945,20506
46059,,354855,338692.11,10628180.11,22079518.43,3291819.5,371371.84,214292.91,479093.1,2494,57028,24266
46061,130645,25638,2600970,16492403.04,6425040.8,4233711.4,724799.94,144324.61,152512,,37910.21,7886
46063,,,2185.2,39964.2,294353.6,19928,124127.55,481653.8,136711,89582.4,31394.25,
46065,36850,,573471,934402.5,937317.5,495057,135659,689475,,35590,40764,
46067,698471,16992,796780.62,29927142.48,24444338.74,6485569.01,649016.6,61132.3,86825,,6372.25,6777
46069,,210262,871429,1601662.5,4485260.5,749272,375229.45,1094120.55,118829.2,170696,295007.8,43596
46071,67866.51,4439,79225,283202,499926,73270,28466,351215.49,,13561,,
46073,,,,4062692.5,3311683.5,1656307,365297.5,283098.5,40135,15173,,
46075,,12825,652147.42,542588,1387946.5,480625.75,199615,50127.18,31736.25,3635.5,51523.4,6449
46077,1401.6,,38924,9893784.98,20828082.83,3605095.78,7315748.04,949589.93,1582441.38,545054.1,291065.41,185938.65
46079,,,1105198,8570477.02,15785480.49,2381184.79,685629.23,409767.85,230002,382549.6,90029.02,354823
46081,,,,,,1855,,,,,,
46083,,,306496,5658910,13699189.7,6812125.5,244970.9,28497.9,87230.7,52326,295188.3,144695
46085,,,46194,1059109.5,3627899,467848.16,538555,1024944.9,420330.8,15094,10307,
46087,,,5252387,12092590.64,18408950.74,5236596.47,900193.6,87117.9,75981.5,56288,31847.15,16780
46089,18767.6,243802.4,213450,1486760.1,2463628.65,955198.25,585673.7,198380.1,230901.4,286134.1,19053,44335.5
46091,4615,153133,133561,7563725.25,9643513,1132149.25,464688.4,191744.58,1031655.81,583286.21,25391,
46093,,47204.23,397720,532926,428529,158758.8,102619.25,185364.77,51299.94,3360,238.01,
46095,,,19968,149573,684965.5,106202.5,220197.25,20489,,1771,1288.75,
46097,161516,,1273913.7,5467814.79,10119046.59,3107630.92,912690.15,479502.68,107667.88,29775.14,8124.55,12454.6
46099,,,1872028,6783753,15222629,4121174.5,1343212.01,379613.6,551583.7,71308,72408.99,79242.2
46101,,,663364.8,3300873.85,10291122.1,1989240.9,749252.1,124975.65,127689.8,275642,228198.8,14591
46102,,,,329795,219105,287090.4,104576.12,230340.9,20888,114493.2,29239.38,
46103,,11642,313995,435310.6,1108216,183999,26968.5,70611.4,9963,42050.5,,
46105,,31275,,88629,691469,81841.4,248576.45,644266.25,216733,207559.9,,3376
46107,,13599,540455,3975908.5,7160547,1300293.2,814819.66,6681791.8,237530.5,546938,423476.34,30418
46109,,,113696.9,3870430,7340815.4,1445481.2,979059.61,289857.32,592552.57,129489,212658,12132
46111,644768,5480,727666,4488835.94,4563012.94,7056997.62,1126656.95,550750.35,278474.7,82003,127784.8,69158.7
46115,1401,16524,2028143,16078424.55,21745552.35,5800013.8,2290564.8,1026094.49,174817.9,682908,224733.11,102505
46117,,,938509.5,488682,1045365,421190,1203643,62775,40842,13455,9678,34927
46119,3019,268811,1454875,1215942.3,4250700.45,886119,208809,4598101.75,94610.5,30943,420939,
46121,,,21382,235973.86,113833.31,368822,89531.75,5794.08,,,,4985
46123,11057.12,71155.35,1162.2,1404345.41,4073177.19,919795.68,998387.36,101214.47,20839.94,42804.5,16007.78,7693
46125,,82343,352220.8,13824617,18549048.5,8152575,161664.75,44317.2,100012,4866,5047.75,41498
46127,,,,3828614.98,5797148.4,2459217.6,292836.5,126704.6,457144,3856,44099.92,18858
46129,16993.25,,299505,1105049.5,1633949,290444.65,1559580.62,3399726.03,147029.63,204568,359367.32,9250
46135,143524,,288266.3,6085286.2,13244651.7,2839295.1,31844,54298.96,154948,33391,25794.74,
46137,,,281991,1142026,823923.6,294928.5,44502,201898.25,46478.65,388,,25198
12131,429044,,,,,,,,,,,
12133,509689,,,,,,,,,,,
12999,36196,,,,,,,,,,,
13001,3810025,,,,,,,,,,,
13003,1533664,,,,,,,,,,,
13005,2988131,,,,,,,,,,,
13007,3342804,,,,,,,,,,,
13011,1478,,,,,,,,,,,
13015,136541,,,,,,,,,,,
13017,1651864,,,,,,,,,,,
13019,4238223,,,,,,,,,,,
13021,10129,,,,,,,,,,,
13023,1041211,,,,,,,,,,,
13025,385054,,,,,,,,,,,
13027,1712228,,,,,,,,,,,
13029,74648,,,,,,,,,,,
13031,3569393,,,,,,,,,,,
13033,5045493,,,,,,,,,,,
13037,1491857,,,,,,,,,,,
13039,3761,,,,,,,,,,,
13043,1291012.5,,,,,,,,,,,
13049,45342,,,,,,,,,,,
13051,18007,,,,,,,,,,,
13055,8238,,,,,,,,,,,
13057,8878,,,,,,,,,,,
13059,12544,,,,,,,,,,,
13061,637898,,,,,,,,,,,
13065,1503505,,,,,,,,,,,
13069,4234193,,,,,,,,,,,
13071,3903431.7,,,,,,,,,,,
13075,2811535,,,,,,,,,,,
13079,241576,,,,,,,,,,,
13081,2070012,,,,,,,,,,,
13083,51468,,,,,,,,,,,
13085,5098,,,,,,,,,,,
13087,5896074,,,,,,,,,,,
13091,1391891,,,,,,,,,,,
13093,5403045,,,,,,,,,,,
13095,8907064,,,,,,,,,,,
13099,5585365,,,,,,,,,,,
13101,63760,,,,,,,,,,,
13103,668946,,,,,,,,,,,
13105,74149,,,,,,,,,,,
13107,1103889,,,,,,,,,,,
13109,251139,,,,,,,,,,,
13115,278010,,,,,,,,,,,
13117,29903,,,,,,,,,,,
13119,4205,,,,,,,,,,,
13125,2336,,,,,,,,,,,
13129,385931,,,,,,,,,,,
13131,2417117,,,,,,,,,,,
13133,27023,,,,,,,,,,,
13137,473,,,,,,,,,,,
13139,13067,,,,,,,,,,,
13141,98990,,,,,,,,,,,
13145,76,,,,,,,,,,,
13147,84393,,,,,,,,,,,
13151,86577,,,,,,,,,,,
13153,2297958,,,,,,,,,,,
13155,4227865,,,,,,,,,,,
13157,21562,,,,,,,,,,,
13159,58087,,,,,,,,,,,
13161,3545164,,,,,,,,,,,
13163,862372.98,,,,,,,,,,,
13165,2334441,,,,,,,,,,,
13167,485432,,,,,,,,,,,
13171,138092,,,,,,,,,,,
13173,966806,,,,,,,,,,,
13175,1488948,,,,,,,,,,,
13177,7967346,,,,,,,,,,,
13179,49238,,,,,,,,,,,
13183,82570,,,,,,,,,,,
13185,830022,,,,,,,,,,,
13193,2195264,,,,,,,,,,,
13195,35005,,,,,,,,,,,
13197,307341,,,,,,,,,,,
13199,368398,,,,,,,,,,,
13201,3856079,,,,,,,,,,,
13205,14360630,,,,,,,,,,,
13207,170083,,,,,,,,,,,
13209,826696,,,,,,,,,,,
13211,147687,,,,,,,,,,,
13213,84241,,,,,,,,,,,
13219,59727,,,,,,,,,,,
13221,274438,,,,,,,,,,,
13225,1956611,,,,,,,,,,,
13227,14487,,,,,,,,,,,
13229,2138442,,,,,,,,,,,
13231,52293,,,,,,,,,,,
13233,52826,,,,,,,,,,,
13235,1970451,,,,,,,,,,,
13237,165213,,,,,,,,,,,
13239,299290,,,,,,,,,,,
13243,2102929,,,,,,,,,,,
13245,5385,,,,,,,,,,,
13249,364462,,,,,,,,,,,
13251,2213185,,,,,,,,,,,
13253,2331740,,,,,,,,,,,
13255,42221,,,,,,,,,,,
13257,1726,,,,,,,,,,,
13259,750041,,,,,,,,,,,
13261,6950699,,,,,,,,,,,
13263,1283,,,,,,,,,,,
13265,35446,,,,,,,,,,,
13267,4614190,,,,,,,,,,,
13269,1131272,,,,,,,,,,,
13271,1491302,,,,,,,,,,,
13273,3387302,,,,,,,,,,,
13275,1278205,,,,,,,,,,,
13277,3001022,,,,,,,,,,,
13279,1836073,,,,,,,,,,,
13283,411377,,,,,,,,,,,
13285,1411,,,,,,,,,,,
13287,2043896,,,,,,,,,,,
13289,612965,,,,,,,,,,,
13293,22134,,,,,,,,,,,
13295,10368,,,,,,,,,,,
13297,93429,,,,,,,,,,,
13299,1120443,,,,,,,,,,,
13301,63037.5,,,,,,,,,,,
13303,708514,,,,,,,,,,,
13305,1112906,,,,,,,,,,,
13307,1657717,,,,,,,,,,,
13309,1500784,,,,,,,,,,,
13313,5350,,,,,,,,,,,
13315,1566119.5,,,,,,,,,,,
13317,382766,,,,,,,,,,,
13319,200642,,,,,,,,,,,
13321,2732522,,,,,,,,,,,
13999,350795,,,,,,,,,,,
15001,430991.25,,,,,,,,,,,
15009,1361.5,,,,,,,,,,,
16001,441582,,,,,,,,,,,
16003,109631,,,,,,,,,,,
16005,583421,,,,,,,,,,,
16007,227838,,,,,,,,,,,
16009,664833.18,,,,,,,,,,,
16011,5663820.4,,,,,,,,,,,
16013,543865,,,,,,,,,,,
16017,17507,,,,,,,,,,,
16019,2737388.07,,,,,,,,,,,
16021,209832,,,,,,,,,,,
16023,295809,,,,,,,,,,,
16025,367131,,,,,,,,,,,
16027,1359529,,,,,,,,,,,
16029,1424146.12,,,,,,,,,,,
16031,2344443,,,,,,,,,,,
16033,651335,,,,,,,,,,,
16035,802460.08,,,,,,,,,,,
16037,366840,,,,,,,,,,,
16039,1818047,,,,,,,,,,,
16041,452208,,,,,,,,,,,
16043,2207453,,,,,,,,,,,
16045,229517,,,,,,,,,,,
16047,12903,,,,,,,,,,,
16049,2711761.64,,,,,,,,,,,
16051,867117.2,,,,,,,,,,,
16053,221932,,,,,,,,,,,
16055,279026,,,,,,,,,,,
16057,2062763.36,,,,,,,,,,,
16059,199987,,,,,,,,,,,
16061,1407432.53,,,,,,,,,,,
16063,323415,,,,,,,,,,,
16065,1911448,,,,,,,,,,,
16067,475218,,,,,,,,,,,
16069,1386098.9,,,,,,,,,,,
16071,1775709,,,,,,,,,,,
16073,1102128,,,,,,,,,,,
16075,167376,,,,,,,,,,,
16077,3906933,,,,,,,,,,,
16081,290598,,,,,,,,,,,
16083,518850,,,,,,,,,,,
16085,104138,,,,,,,,,,,
16087,866249,,,,,,,,,,,
16999,52182,,,,,,,,,,,
17001,12443380,,,,,,,,,,,
17003,7560815,,,,,,,,,,,
17005,6128590,,,,,,,,,,,
17007,6444761,,,,,,,,,,,
17009,2545604,,,,,,,,,,,
17011,29210155,,,,,,,,,,,
17013,3140777,,,,,,,,,,,
17015,2413154,,,,,,,,,,,
17017,2189574,,,,,,,,,,,
17019,10767690,,,,,,,,,,,
17021,2323828,,,,,,,,,,,
17023,4183296,,,,,,,,,,,
17025,6662592,,,,,,,,,,,
17027,5177716,,,,,,,,,,,
17029,1797532,,,,,,,,,,,
17031,1143548,,,,,,,,,,,
17033,3771124,,,,,,,,,,,
17035,2919016.8,,,,,,,,,,,
17037,20539744,,,,,,,,,,,
17039,471313,,,,,,,,,,,
17041,445415,,,,,,,,,,,
17043,195052,,,,,,,,,,,
17045,1323763,,,,,,,,,,,
17047,4358650.54,,,,,,,,,,,
17049,2472479.2,,,,,,,,,,,
17051,7212123,,,,,,,,,,,
17053,6792787,,,,,,,,,,,
17055,4684496.6,,,,,,,,,,,
17057,8560380,,,,,,,,,,,
17059,9542634,,,,,,,,,,,
17061,6253133,,,,,,,,,,,
17063,11191114,,,,,,,,,,,
17065,9520453.8,,,,,,,,,,,
17067,7811718,,,,,,,,,,,
17069,415300,,,,,,,,,,,
17071,5175258,,,,,,,,,,,
17073,23606263,,,,,,,,,,,
17075,28881034.6,,,,,,,,,,,
17077,7446895,,,,,,,,,,,
17079,3865248,,,,,,,,,,,
17081,7437300.8,,,,,,,,,,,
17083,3631155,,,,,,,,,,,
17085,3898009.12,,,,,,,,,,,
17087,1782097,,,,,,,,,,,
17089,10597381,,,,,,,,,,,
17091,19674148,,,,,,,,,,,
17093,9299642,,,,,,,,,,,
17095,4037940,,,,,,,,,,,
17097,1740251,,,,,,,,,,,
17099,22261644,,,,,,,,,,,
17101,3803774.5,,,,,,,,,,,
17103,15495656,,,,,,,,,,,
17105,17318303.8,,,,,,,,,,,
17107,1514050,,,,,,,,,,,
17109,4838589,,,,,,,,,,,
17111,9593588,,,,,,,,,,,
17113,3654713,,,,,,,,,,,
17115,1146049,,,,,,,,,,,
17117,2502421.34,,,,,,,,,,,
17119,1941343,,,,,,,,,,,
17121,9901472.48,,,,,,,,,,,
17123,3888030,,,,,,,,,,,
17125,2971649,,,,,,,,,,,
17127,2652576,,,,,,,,,,,
17129,903187,,,,,,,,,,,
17131,7084938,,,,,,,,,,,
17133,7783289.75,,,,,,,,,,,
17135,3037193,,,,,,,,,,,
17137,2239343,,,,,,,,,,,
17139,1041415,,,,,,,,,,,
17141,11129858,,,,,,,,,,,
17143,4603161,,,,,,,,,,,
17145,4345040.85,,,,,,,,,,,
17147,409516,,,,,,,,,,,
17149,9070175,,,,,,,,,,,
17151,897742,,,,,,,,,,,
17153,2979414,,,,,,,,,,,
17155,2083449,,,,,,,,,,,
17157,6679344,,,,,,,,,,,
17159,3456025.68,,,,,,,,,,,
17161,4766180,,,,,,,,,,,
17163,3150599,,,,,,,,,,,
17165,2885268,,,,,,,,,,,
17167,3551791,,,,,,,,,,,
17169,6226207,,,,,,,,,,,
17171,2774158,,,,,,,,,,,
17173,4981832,,,,,,,,,,,
17175,2734625.8,,,,,,,,,,,
17177,4278338,,,,,,,,,,,
17179,3347716,,,,,,,,,,,
17181,5333935,,,,,,,,,,,
17183,15253854,,,,,,,,,,,
17185,3819974.84,,,,,,,,,,,
17187,2060522,,,,,,,,,,,
17189,4839837.07,,,,,,,,,,,
17191,24444787.8,,,,,,,,,,,
17193,15337717.9,,,,,,,,,,,
17195,19552247,,,,,,,,,,,
17197,16780205,,,,,,,,,,,
17199,3551526.4,,,,,,,,,,,
17201,6140633,,,,,,,,,,,
17203,2702566,,,,,,,,,,,
17999,28418,,,,,,,,,,,
18001,8157141.8,,,,,,,,,,,
18003,8868472.2,,,,,,,,,,,
18005,6342157,,,,,,,,,,,
18007,2418357.35,,,,,,,,,,,
18009,3436575,,,,,,,,,,,
18011,11496007.5,,,,,,,,,,,
18013,249341,,,,,,,,,,,
18015,2200066,,,,,,,,,,,
18017,2212797,,,,,,,,,,,
18019,2749970,,,,,,,,,,,
18021,3792412,,,,,,,,,,,
18023,9295928,,,,,,,,,,,
18025,982355,,,,,,,,,,,
18027,10083054,,,,,,,,,,,
18029,1859633,,,,,,,,,,,
18031,4917596.5,,,,,,,,,,,
18033,5453351,,,,,,,,,,,
18035,6798373.5,,,,,,,,,,,
18037,5751039,,,,,,,,,,,
18039,1040692,,,,,,,,,,,
18041,787987,,,,,,,,,,,
18043,307595,,,,,,,,,,,
18045,2415992,,,,,,,,,,,
18047,4836104,,,,,,,,,,,
18049,2157709,,,,,,,,,,,
18051,14085473,,,,,,,,,,,
18053,3593765,,,,,,,,,,,
18055,10025539.9,,,,,,,,,,,
18057,6587787,,,,,,,,,,,
18059,8619189,,,,,,,,,,,
18061,2015875,,,,,,,,,,,
18063,4880411,,,,,,,,,,,
18065,8074740.4,,,,,,,,,,,
18067,1405328,,,,,,,,,,,
18069,6797318,,,,,,,,,,,
18071,13868663.5,,,,,,,,,,,
18073,5365877,,,,,,,,,,,
18075,11585221.8,,,,,,,,,,,
18077,5190942,,,,,,,,,,,
18079,10953050,,,,,,,,,,,
18081,3225140,,,,,,,,,,,
18083,11369914,,,,,,,,,,,
18085,2815124,,,,,,,,,,,
18087,385751,,,,,,,,,,,
18089,7788854,,,,,,,,,,,
18091,3072681,,,,,,,,,,,
18093,3170839,,,,,,,,,,,
18095,11140016,,,,,,,,,,,
18097,928232,,,,,,,,,,,
18099,3892586,,,,,,,,,,,
18101,4424254,,,,,,,,,,,
18103,3665094,,,,,,,,,,,
18105,782106,,,,,,,,,,,
18107,3814226,,,,,,,,,,,
18109,1949232,,,,,,,,,,,
18111,4855967,,,,,,,,,,,
18113,1059121,,,,,,,,,,,
18115,276737,,,,,,,,,,,
18117,2492878,,,,,,,,,,,
18119,2992764,,,,,,,,,,,
18121,2265931,,,,,,,,,,,
18123,738383,,,,,,,,,,,
18125,6228965,,,,,,,,,,,
18127,4235496.2,,,,,,,,,,,
18129,6108865,,,,,,,,,,,
18131,3608866.5,,,,,,,,,,,
18133,1938949,,,,,,,,,,,
18135,10200282.5,,,,,,,,,,,
18137,11252996,,,,,,,,,,,
18139,2711018,,,,,,,,,,,
18141,5105962,,,,,,,,,,,
18143,4442001,,,,,,,,,,,
18145,3089578,,,,,,,,,,,
18147,2520700,,,,,,,,,,,
18149,2606744,,,,,,,,,,,
18151,4390781,,,,,,,,,,,
18153,8255983,,,,,,,,,,,
18155,1491648,,,,,,,,,,,
18157,2921024.75,,,,,,,,,,,
18159,2943323,,,,,,,,,,,
18161,630281,,,,,,,,,,,
18163,1533888,,,,,,,,,,,
18165,1896072,,,,,,,,,,,
18167,3915917,,,,,,,,,,,
18169,5018404,,,,,,,,,,,
18171,1793055,,,,,,,,,,,
18173,4693414.78,,,,,,,,,,,
18175,4051041,,,,,,,,,,,
18177,3584932,,,,,,,,,,,
18179,9802908,,,,,,,,,,,
18181,4883790,,,,,,,,,,,
18183,2279546.08,,,,,,,,,,,
19001,1725057,,,,,,,,,,,
19003,1502849,,,,,,,,,,,
19005,868347,,,,,,,,,,,
19007,1854660,,,,,,,,,,,
19009,370283,,,,,,,,,,,
19011,1839826,,,,,,,,,,,
19013,1620564,,,,,,,,,,,
19015,1061635,,,,,,,,,,,
19017,1018849,,,,,,,,,,,
19019,1335282,,,,,,,,,,,
19021,2700632,,,,,,,,,,,
19023,1775836,,,,,,,,,,,
19025,1405342,,,,,,,,,,,
19027,410212,,,,,,,,,,,
19029,572650,,,,,,,,,,,
19031,3089099,,,,,,,,,,,
19033,2321990,,,,,,,,,,,
19035,986814,,,,,,,,,,,
19037,2238387,,,,,,,,,,,
19039,2171820,,,,,,,,,,,
19041,10499133,,,,,,,,,,,
19043,1468611,,,,,,,,,,,
19045,7719646,,,,,,,,,,,
19047,258103.5,,,,,,,,,,,
19049,702994,,,,,,,,,,,
19051,2209094,,,,,,,,,,,
19053,3063163,,,,,,,,,,,
19055,972282,,,,,,,,,,,
19057,4390334,,,,,,,,,,,
19059,3983491,,,,,,,,,,,
19061,2036179,,,,,,,,,,,
19063,4086194,,,,,,,,,,,
19065,1237390,,,,,,,,,,,
19067,2499740,,,,,,,,,,,
19069,3689255,,,,,,,,,,,
19071,15411404.13,,,,,,,,,,,
19073,840740,,,,,,,,,,,
19075,741363,,,,,,,,,,,
19077,784057,,,,,,,,,,,
19079,2055320,,,,,,,,,,,
19081,1832079,,,,,,,,,,,
19083,2033255,,,,,,,,,,,
19085,5771198,,,,,,,,,,,
19087,2589731,,,,,,,,,,,
19089,2598652,,,,,,,,,,,
19091,1311542,,,,,,,,,,,
19093,295981,,,,,,,,,,,
19095,6064940,,,,,,,,,,,
19097,3386790,,,,,,,,,,,
19099,952503,,,,,,,,,,,
19101,3442005,,,,,,,,,,,
19103,4675023,,,,,,,,,,,
19105,3419389,,,,,,,,,,,
19107,3592108,,,,,,,,,,,
19109,4622032,,,,,,,,,,,
19111,3235636.67,,,,,,,,,,,
19113,1332387,,,,,,,,,,,
19115,4427195,,,,,,,,,,,
19117,2027991,,,,,,,,,,,
19119,6559567,,,,,,,,,,,
19121,856061,,,,,,,,,,,
19123,3279477,,,,,,,,,,,
19125,1334471,,,,,,,,,,,
19127,1526661,,,,,,,,,,,
19129,5831627,,,,,,,,,,,
19131,2214021,,,,,,,,,,,
19133,4243160,,,,,,,,,,,
19135,1596218,,,,,,,,,,,
19137,518542,,,,,,,,,,,
19139,4428499,,,,,,,,,,,
19141,2391768,,,,,,,,,,,
19143,6018544,,,,,,,,,,,
19145,1099972,,,,,,,,,,,
19147,6339577,,,,,,,,,,,
19149,2636165,,,,,,,,,,,
19151,4147803,,,,,,,,,,,
19153,1057639,,,,,,,,,,,
19155,8069003.56,,,,,,,,,,,
19157,3093201,,,,,,,,,,,
19159,2322041,,,,,,,,,,,
19161,716239,,,,,,,,,,,
19163,3378034,,,,,,,,,,,
19165,370394,,,,,,,,,,,
19167,3745810,,,,,,,,,,,
19169,1354403,,,,,,,,,,,
19171,4206802,,,,,,,,,,,
19173,3652589,,,,,,,,,,,
19175,2762469,,,,,,,,,,,
19177,2888725,,,,,,,,,,,
19179,2983421,,,,,,,,,,,
19181,1470718,,,,,,,,,,,
19183,3549343,,,,,,,,,,,
19185,3820501,,,,,,,,,,,
19187,2486878,,,,,,,,,,,
19189,1500082,,,,,,,,,,,
19191,3055109,,,,,,,,,,,
19193,3818666,,,,,,,,,,,
19195,2295874,,,,,,,,,,,
19197,1875600,,,,,,,,,,,
20001,2276984,,,,,,,,,,,
20003,3166382.75,,,,,,,,,,,
20005,1709505,,,,,,,,,,,
20007,916981,,,,,,,,,,,
20009,3278329.85,,,,,,,,,,,
20011,1596366,,,,,,,,,,,
20013,1855181,,,,,,,,,,,
20015,3003453,,,,,,,,,,,
20017,1225192,,,,,,,,,,,
20019,253735,,,,,,,,,,,
20021,2672025,,,,,,,,,,,
20023,927959,,,,,,,,,,,
20025,401866,,,,,,,,,,,
20027,2971727.5,,,,,,,,,,,
20029,1394028.94,,,,,,,,,,,
20031,2970408,,,,,,,,,,,
20033,481973.2,,,,,,,,,,,
20035,3659697.2,,,,,,,,,,,
20037,3901987,,,,,,,,,,,
20039,1868018.6,,,,,,,,,,,
20041,2558289.5,,,,,,,,,,,
20043,4929030,,,,,,,,,,,
20045,824178,,,,,,,,,,,
20047,1904757,,,,,,,,,,,
20049,412509,,,,,,,,,,,
20051,841863.16,,,,,,,,,,,
20053,1626888.4,,,,,,,,,,,
20055,1620142,,,,,,,,,,,
20057,2645946.5,,,,,,,,,,,
20059,1780639.2,,,,,,,,,,,
20061,344660,,,,,,,,,,,
20063,1898876.92,,,,,,,,,,,
20065,3176421.9,,,,,,,,,,,
20067,2393636,,,,,,,,,,,
20069,8403895.25,,,,,,,,,,,
20071,1542663,,,,,,,,,,,
20073,881096,,,,,,,,,,,
20075,727044,,,,,,,,,,,
20077,3585887.9,,,,,,,,,,,
20079,4545343.4,,,,,,,,,,,
20081,1870912.9,,,,,,,,,,,
20083,682037.1,,,,,,,,,,,
20085,956462,,,,,,,,,,,
20087,1630558.7,,,,,,,,,,,
20089,4961754.4,,,,,,,,,,,
20091,443868,,,,,,,,,,,
20093,972679,,,,,,,,,,,
20095,2868690.03,,,,,,,,,,,
20097,789397,,,,,,,,,,,
20099,3577541,,,,,,,,,,,
20101,1056469,,,,,,,,,,,
20103,2144817,,,,,,,,,,,
20105,1040293.9,,,,,,,,,,,
20107,3056966,,,,,,,,,,,
20109,2385049,,,,,,,,,,,
20111,2618427,,,,,,,,,,,
20113,4840509.5,,,,,,,,,,,
20115,3132412,,,,,,,,,,,
20117,4550432.2,,,,,,,,,,,
20119,781165,,,,,,,,,,,
20121,2220839,,,,,,,,,,,
20123,1208524.4,,,,,,,,,,,
20125,3634935.35,,,,,,,,,,,
20127,509236,,,,,,,,,,,
20129,1653078,,,,,,,,,,,
20131,1280729,,,,,,,,,,,
20133,2727314,,,,,,,,,,,
20135,1390442.85,,,,,,,,,,,
20137,1326431,,,,,,,,,,,
20139,2096230,,,,,,,,,,,
20141,1539056,,,,,,,,,,,
20143,1521968.12,,,,,,,,,,,
20145,3499464.05,,,,,,,,,,,
20147,257185,,,,,,,,,,,
20149,791980,,,,,,,,,,,
20151,4701770.9,,,,,,,,,,,
20153,3330832,,,,,,,,,,,
20155,9172522.91,,,,,,,,,,,
20157,2000812.25,,,,,,,,,,,
20159,6977176.9,,,,,,,,,,,
20161,902464.5,,,,,,,,,,,
20163,1313151,,,,,,,,,,,
20165,1371888.9,,,,,,,,,,,
20167,999934.75,,,,,,,,,,,
20169,3169270.21,,,,,,,,,,,
20171,1058954.37,,,,,,,,,,,
20173,4865019.13,,,,,,,,,,,
20175,1116263,,,,,,,,,,,
20177,778217,,,,,,,,,,,
20179,5044685.5,,,,,,,,,,,
20181,1567884.8,,,,,,,,,,,
20183,606507,,,,,,,,,,,
20185,4053928.75,,,,,,,,,,,
20187,6089263,,,,,,,,,,,
20189,3157618,,,,,,,,,,,
20191,12189903.67,,,,,,,,,,,
20193,3547893,,,,,,,,,,,
20195,1707576.19,,,,,,,,,,,
20197,422721,,,,,,,,,,,
20199,4459205,,,,,,,,,,,
20201,3335215.89,,,,,,,,,,,
20203,674823,,,,,,,,,,,
20205,2571255.8,,,,,,,,,,,
20207,1201340,,,,,,,,,,,
20209,959710,,,,,,,,,,,
21001,549361,,,,,,,,,,,
21003,2241132,,,,,,,,,,,
21005,147986,,,,,,,,,,,
21007,2804539,,,,,,,,,,,
21009,10271681.5,,,,,,,,,,,
21011,183079,,,,,,,,,,,
21015,168881,,,,,,,,,,,
21017,586346,,,,,,,,,,,
21019,9126,,,,,,,,,,,
21021,954328,,,,,,,,,,,
21023,104776,,,,,,,,,,,
21025,68199,,,,,,,,,,,
21027,4480014,,,,,,,,,,,
21029,440176,,,,,,,,,,,
21031,854334,,,,,,,,,,,
21033,448818,,,,,,,,,,,
21035,1650717,,,,,,,,,,,
21039,1993973,,,,,,,,,,,
21041,568744,,,,,,,,,,,
21043,41296,,,,,,,,,,,
21045,488881,,,,,,,,,,,
21047,3875780,,,,,,,,,,,
21049,136809,,,,,,,,,,,
21051,46186,,,,,,,,,,,
21053,155971,,,,,,,,,,,
21055,1768082,,,,,,,,,,,
21057,25856,,,,,,,,,,,
21059,2056562.7,,,,,,,,,,,
21061,843453,,,,,,,,,,,
21063,379,,,,,,,,,,,
21065,23971,,,,,,,,,,,
21067,199644,,,,,,,,,,,
21069,424046,,,,,,,,,,,
21073,198696,,,,,,,,,,,
21075,4507881,,,,,,,,,,,
21077,367424,,,,,,,,,,,
21079,627594,,,,,,,,,,,
21081,120487,,,,,,,,,,,
21083,3032436,,,,,,,,,,,
21085,2232698,,,,,,,,,,,
21087,4105975,,,,,,,,,,,
21089,208250,,,,,,,,,,,
21091,549584,,,,,,,,,,,
21093,3923784,,,,,,,,,,,
21097,720724,,,,,,,,,,,
21099,1874793,,,,,,,,,,,
21101,3429613,,,,,,,,,,,
21103,1295759,,,,,,,,,,,
21105,2330834,,,,,,,,,,,
21107,711946,,,,,,,,,,,
21109,6269,,,,,,,,,,,
21111,239262,,,,,,,,,,,
21113,83506,,,,,,,,,,,
21117,74931,,,,,,,,,,,
21123,1876464,,,,,,,,,,,
21125,42336,,,,,,,,,,,
21127,10421,,,,,,,,,,,
21135,274913,,,,,,,,,,,
21137,942055,,,,,,,,,,,
21139,1882553,,,,,,,,,,,
21141,1837329.75,,,,,,,,,,,
21143,129213,,,,,,,,,,,
21145,1532365,,,,,,,,,,,
21149,1444368,,,,,,,,,,,
21151,177503,,,,,,,,,,,
21155,1856800,,,,,,,,,,,
21157,450210,,,,,,,,,,,
21161,1703070,,,,,,,,,,,
21163,1539346,,,,,,,,,,,
21165,7597,,,,,,,,,,,
21167,482879,,,,,,,,,,,
21169,2155965,,,,,,,,,,,
21171,5400475,,,,,,,,,,,
21173,197432,,,,,,,,,,,
21175,82857,,,,,,,,,,,
21177,1476841,,,,,,,,,,,
21179,1996505,,,,,,,,,,,
21181,326976,,,,,,,,,,,
21183,1408897,,,,,,,,,,,
21185,225654,,,,,,,,,,,
21187,1547267,,,,,,,,,,,
21189,10317,,,,,,,,,,,
21191,138656,,,,,,,,,,,
21197,162466,,,,,,,,,,,
21199,396882,,,,,,,,,,,
21201,94130,,,,,,,,,,,
21203,579,,,,,,,,,,,
21205,82329,,,,,,,,,,,
21207,98476,,,,,,,,,,,
21209,229974,,,,,,,,,,,
21211,3908590,,,,,,,,,,,
21213,5375808,,,,,,,,,,,
21215,1121781,,,,,,,,,,,
21217,2014651,,,,,,,,,,,
21219,1582573,,,,,,,,,,,
21221,1221625,,,,,,,,,,,
21223,317834,,,,,,,,,,,
21225,3966407,,,,,,,,,,,
21227,3916246,,,,,,,,,,,
21229,1538893.1,,,,,,,,,,,
21231,173711,,,,,,,,,,,
21233,742529,,,,,,,,,,,
21237,9471,,,,,,,,,,,
21239,238611,,,,,,,,,,,
21999,77444,,,,,,,,,,,
22001,1859474,,,,,,,,,,,
22003,651944,,,,,,,,,,,
22005,22183,,,,,,,,,,,
22007,213041,,,,,,,,,,,
22009,8434198,,,,,,,,,,,
22011,54952,,,,,,,,,,,
22015,820266,,,,,,,,,,,
22017,2233143,,,,,,,,,,,
22019,1003458,,,,,,,,,,,
22021,1852121,,,,,,,,,,,
22023,801529,,,,,,,,,,,
22025,11228832.8,,,,,,,,,,,
22027,75068,,,,,,,,,,,
22029,4312365.2,,,,,,,,,,,
22031,12837,,,,,,,,,,,
22033,13102,,,,,,,,,,,
22035,8878978,,,,,,,,,,,
22037,23527,,,,,,,,,,,
22039,2268493,,,,,,,,,,,
22041,4821641,,,,,,,,,,,
22043,366280,,,,,,,,,,,
22045,17124,,,,,,,,,,,
22047,956658,,,,,,,,,,,
22049,11839,,,,,,,,,,,
22053,5480872,,,,,,,,,,,
22055,333649,,,,,,,,,,,
22059,155982,,,,,,,,,,,
22061,46442,,,,,,,,,,,
22065,9896437,,,,,,,,,,,
22067,13910112,,,,,,,,,,,
22069,4691777,,,,,,,,,,,
22073,964909,,,,,,,,,,,
22077,3683867.82,,,,,,,,,,,
22079,2629111,,,,,,,,,,,
22081,566839,,,,,,,,,,,
22083,9589390,,,,,,,,,,,
22091,2879,,,,,,,,,,,
22093,133388,,,,,,,,,,,
22095,20830,,,,,,,,,,,
22097,4420032.5,,,,,,,,,,,
22099,562622,,,,,,,,,,,
22101,321310,,,,,,,,,,,
22105,255424,,,,,,,,,,,
22107,5227620,,,,,,,,,,,
22111,102925,,,,,,,,,,,
22113,3816263,,,,,,,,,,,
22117,213665,,,,,,,,,,,
22121,82473.5,,,,,,,,,,,
22123,4079347,,,,,,,,,,,
22125,662506,,,,,,,,,,,
22999,1907,,,,,,,,,,,
23001,111163,,,,,,,,,,,
23003,7010054,,,,,,,,,,,
23005,61034,,,,,,,,,,,
23009,49076,,,,,,,,,,,
23011,91071,,,,,,,,,,,
23013,9422,,,,,,,,,,,
23017,1021,,,,,,,,,,,
23019,54094,,,,,,,,,,,
23025,6045,,,,,,,,,,,
23027,19466,,,,,,,,,,,
23029,194922,,,,,,,,,,,
23999,22786,,,,,,,,,,,
24001,6783,,,,,,,,,,,
24003,11142,,,,,,,,,,,
24005,122683,,,,,,,,,,,
24009,68742,,,,,,,,,,,
24011,1372861.7,,,,,,,,,,,
24013,94338,,,,,,,,,,,
24015,268699,,,,,,,,,,,
24017,242859,,,,,,,,,,,
24019,1365238.33,,,,,,,,,,,
24021,690243,,,,,,,,,,,
24023,80995,,,,,,,,,,,
24025,51524,,,,,,,,,,,
24027,18343,,,,,,,,,,,
24029,436655,,,,,,,,,,,
24031,157583,,,,,,,,,,,
24033,107971,,,,,,,,,,,
24035,1150996.52,,,,,,,,,,,
24037,665737,,,,,,,,,,,
24039,185294,,,,,,,,,,,
24041,1513330.2,,,,,,,,,,,
24043,873632,,,,,,,,,,,
24045,881041.58,,,,,,,,,,,
24047,481303.8,,,,,,,,,,,
25001,355856,,,,,,,,,,,
25003,138888,,,,,,,,,,,
25005,93625,,,,,,,,,,,
25009,29645,,,,,,,,,,,
25011,537285,,,,,,,,,,,
25013,246034,,,,,,,,,,,
25015,269745,,,,,,,,,,,
25017,2773,,,,,,,,,,,
25023,119880,,,,,,,,,,,
25027,17682,,,,,,,,,,,
25999,330905,,,,,,,,,,,
26001,444711,,,,,,,,,,,
26005,7296367,,,,,,,,,,,
26007,482827,,,,,,,,,,,
26009,1516929.1,,,,,,,,,,,
26011,1776324,,,,,,,,,,,
26015,4663144,,,,,,,,,,,
26017,3818470.36,,,,,,,,,,,
26019,275963.8,,,,,,,,,,,
26021,9440722,,,,,,,,,,,
26023,5755213,,,,,,,,,,,
26025,7044867,,,,,,,,,,,
26027,1761484,,,,,,,,,,,
26029,86436,,,,,,,,,,,
26031,3833,,,,,,,,,,,
26033,22148,,,,,,,,,,,
26035,809302,,,,,,,,,,,
26037,12110877.7,,,,,,,,,,,
26041,373944,,,,,,,,,,,
26043,130686,,,,,,,,,,,
26045,15515917.76,,,,,,,,,,,
26049,6479929,,,,,,,,,,,
26051,870969,,,,,,,,,,,
26055,1673891.6,,,,,,,,,,,
26057,7680260,,,,,,,,,,,
26059,10478118,,,,,,,,,,,
26063,5043238.3,,,,,,,,,,,
26065,6022251,,,,,,,,,,,
26067,5720095.5,,,,,,,,,,,
26069,419448,,,,,,,,,,,
26073,4948883,,,,,,,,,,,
26075,2692267,,,,,,,,,,,
26077,1244197,,,,,,,,,,,
26079,9693,,,,,,,,,,,
26081,5756171,,,,,,,,,,,
26085,111998,,,,,,,,,,,
26087,6398572,,,,,,,,,,,
26089,3145435.9,,,,,,,,,,,
26091,29601521,,,,,,,,,,,
26093,2837255,,,,,,,,,,,
26097,47207,,,,,,,,,,,
26099,4288491,,,,,,,,,,,
26101,229841.6,,,,,,,,,,,
26105,942864.85,,,,,,,,,,,
26107,904450.9,,,,,,,,,,,
26109,2329866,,,,,,,,,,,
26111,2038818,,,,,,,,,,,
26113,116658,,,,,,,,,,,
26115,17008161.89,,,,,,,,,,,
26117,2338869.4,,,,,,,,,,,
26119,108530,,,,,,,,,,,
26121,2762369,,,,,,,,,,,
26123,2786273,,,,,,,,,,,
26125,603719,,,,,,,,,,,
26127,3955124.9,,,,,,,,,,,
26129,470754,,,,,,,,,,,
26133,377228,,,,,,,,,,,
26137,17577,,,,,,,,,,,
26139,3979426,,,,,,,,,,,
26141,436651.5,,,,,,,,,,,
26145,13869159.5,,,,,,,,,,,
26147,9817628,,,,,,,,,,,
26149,913311,,,,,,,,,,,
26151,12357024,,,,,,,,,,,
26155,11215153.2,,,,,,,,,,,
26157,9355189.4,,,,,,,,,,,
26159,5577280.55,,,,,,,,,,,
26161,9315929,,,,,,,,,,,
26163,630910,,,,,,,,,,,
26165,46179,,,,,,,,,,,
26999,66020,,,,,,,,,,,
27001,561915,,,,,,,,,,,
27003,306423,,,,,,,,,,,
27005,4887574,,,,,,,,,,,
27007,922427,,,,,,,,,,,
27009,8145832,,,,,,,,,,,
27011,13056176,,,,,,,,,,,
27013,8522953,,,,,,,,,,,
27015,10366679,,,,,,,,,,,
27017,4723,,,,,,,,,,,
27019,3206328,,,,,,,,,,,
27021,538369,,,,,,,,,,,
27023,18668420.2,,,,,,,,,,,
27025,2977392,,,,,,,,,,,
27027,16596731,,,,,,,,,,,
27029,2140106,,,,,,,,,,,
27033,15838388,,,,,,,,,,,
27035,550988,,,,,,,,,,,
27037,2536761,,,,,,,,,,,
27039,5227717,,,,,,,,,,,
27041,2361023,,,,,,,,,,,
27043,7346239,,,,,,,,,,,
27045,3479683,,,,,,,,,,,
27047,7518939.2,,,,,,,,,,,
27049,3305652,,,,,,,,,,,
27051,7819790,,,,,,,,,,,
27053,1771087,,,,,,,,,,,
27055,2395829,,,,,,,,,,,
27057,769969,,,,,,,,,,,
27059,2324547.5,,,,,,,,,,,
27061,74231,,,,,,,,,,,
27063,22491342,,,,,,,,,,,
27065,1196429,,,,,,,,,,,
27067,10425666,,,,,,,,,,,
27069,8314090,,,,,,,,,,,
27071,548476,,,,,,,,,,,
27073,23122108,,,,,,,,,,,
27077,1746194,,,,,,,,,,,
27079,4668382,,,,,,,,,,,
27081,28536025,,,,,,,,,,,
27083,33421288,,,,,,,,,,,
27085,7278629,,,,,,,,,,,
27087,4996271,,,,,,,,,,,
27089,23639182.21,,,,,,,,,,,
27091,14065986,,,,,,,,,,,
27093,7719654,,,,,,,,,,,
27095,4012786,,,,,,,,,,,
27097,5234272,,,,,,,,,,,
27099,4782228,,,,,,,,,,,
27101,35740396,,,,,,,,,,,
27103,4062620,,,,,,,,,,,
27105,39845165.76,,,,,,,,,,,
27107,26627395.25,,,,,,,,,,,
27109,4665489,,,,,,,,,,,
27111,3917806.2,,,,,,,,,,,
27113,5600766.9,,,,,,,,,,,
27115,2404920.2,,,,,,,,,,,
27117,19402517,,,,,,,,,,,
27119,69751786.74,,,,,,,,,,,
27121,4778853.15,,,,,,,,,,,
27125,2988480,,,,,,,,,,,
27127,15679218,,,,,,,,,,,
27129,18959792,,,,,,,,,,,
27131,7004070,,,,,,,,,,,
27133,20937482,,,,,,,,,,,
27135,6414085,,,,,,,,,,,
27137,10081,,,,,,,,,,,
27139,2090385,,,,,,,,,,,
27141,986605,,,,,,,,,,,
27143,7855028.5,,,,,,,,,,,
27145,9222172,,,,,,,,,,,
27147,10813250,,,,,,,,,,,
27149,13405670.52,,,,,,,,,,,
27151,18104405,,,,,,,,,,,
27153,3016850,,,,,,,,,,,
27155,20540559.3,,,,,,,,,,,
27157,4200801,,,,,,,,,,,
27159,469440,,,,,,,,,,,
27161,4020110,,,,,,,,,,,
27163,387884,,,,,,,,,,,
27165,9776428,,,,,,,,,,,
27167,9249736,,,,,,,,,,,
27169,1371425,,,,,,,,,,,
27171,6593959,,,,,,,,,,,
27173,30430400,,,,,,,,,,,
28001,855495,,,,,,,,,,,
28003,513247,,,,,,,,,,,
28005,894,,,,,,,,,,,
28007,200146,,,,,,,,,,,
28009,165009,,,,,,,,,,,
28011,15644612,,,,,,,,,,,
28013,1453095,,,,,,,,,,,
28015,1986780,,,,,,,,,,,
28017,1391542,,,,,,,,,,,
28019,5152,,,,,,,,,,,
28021,224665,,,,,,,,,,,
28025,478769,,,,,,,,,,,
28027,12074443,,,,,,,,,,,
28029,136366,,,,,,,,,,,
28031,106129,,,,,,,,,,,
28033,1365976,,,,,,,,,,,
28035,21251,,,,,,,,,,,
28037,14982,,,,,,,,,,,
28039,275900,,,,,,,,,,,
28041,2582,,,,,,,,,,,
28043,1134642,,,,,,,,,,,
28045,2409,,,,,,,,,,,
28047,17344,,,,,,,,,,,
28049,1056963,,,,,,,,,,,
28051,5205665,,,,,,,,,,,
28053,15115332,,,,,,,,,,,
28055,12005734,,,,,,,,,,,
28057,115467,,,,,,,,,,,
28059,37217,,,,,,,,,,,
28063,784509,,,,,,,,,,,
28067,147214,,,,,,,,,,,
28071,327948,,,,,,,,,,,
28073,146346,,,,,,,,,,,
28077,402325,,,,,,,,,,,
28079,45372,,,,,,,,,,,
28081,1431092,,,,,,,,,,,
28083,10777545,,,,,,,,,,,
28085,4642,,,,,,,,,,,
28087,1554980,,,,,,,,,,,
28089,667420,,,,,,,,,,,
28091,8056,,,,,,,,,,,
28093,442902,,,,,,,,,,,
28095,2457522,,,,,,,,,,,
28097,1251335,,,,,,,,,,,
28101,36587,,,,,,,,,,,
28103,390601,,,,,,,,,,,
28105,141075,,,,,,,,,,,
28107,5187192,,,,,,,,,,,
28109,102173,,,,,,,,,,,
28113,17586,,,,,,,,,,,
28115,555661,,,,,,,,,,,
28117,269323,,,,,,,,,,,
28119,8798840,,,,,,,,,,,
28121,244414,,,,,,,,,,,
28123,139770,,,,,,,,,,,
28125,17052938,,,,,,,,,,,
28127,27734,,,,,,,,,,,
28131,69043,,,,,,,,,,,
28133,14648214,,,,,,,,,,,
28135,9619444,,,,,,,,,,,
28137,883249,,,,,,,,,,,
28139,257330,,,,,,,,,,,
28141,197861,,,,,,,,,,,
28143,10618887,,,,,,,,,,,
28145,187493,,,,,,,,,,,
28147,58215,,,,,,,,,,,
28149,6443253,,,,,,,,,,,
28151,12298269,,,,,,,,,,,
28153,358778,,,,,,,,,,,
28155,534753,,,,,,,,,,,
28157,375312,,,,,,,,,,,
28159,8778,,,,,,,,,,,
28161,598953,,,,,,,,,,,
28163,20271536,,,,,,,,,,,
28999,781,,,,,,,,,,,
29001,3406237,,,,,,,,,,,
29003,4599259,,,,,,,,,,,
29005,19959501.95,,,,,,,,,,,
29007,3058084,,,,,,,,,,,
29009,193132,,,,,,,,,,,
29011,7196338,,,,,,,,,,,
29013,9425649,,,,,,,,,,,
29015,576676,,,,,,,,,,,
29017,1753993,,,,,,,,,,,
29019,3043852,,,,,,,,,,,
29021,5557890,,,,,,,,,,,
29023,7408275,,,,,,,,,,,
29025,3505501,,,,,,,,,,,
29027,4978516.78,,,,,,,,,,,
29029,3381,,,,,,,,,,,
29031,4716759.5,,,,,,,,,,,
29033,26850720.72,,,,,,,,,,,
29035,1785,,,,,,,,,,,
29037,2404237,,,,,,,,,,,
29039,417282,,,,,,,,,,,
29041,18099069.39,,,,,,,,,,,
29043,1288,,,,,,,,,,,
29045,9315675,,,,,,,,,,,
29047,2445173,,,,,,,,,,,
29049,3047685,,,,,,,,,,,
29051,1170844,,,,,,,,,,,
29053,2480663.7,,,,,,,,,,,
29055,28425,,,,,,,,,,,
29057,726723.23,,,,,,,,,,,
29059,80833,,,,,,,,,,,
29061,8415763.5,,,,,,,,,,,
29063,2361337,,,,,,,,,,,
29065,5865,,,,,,,,,,,
29067,1772,,,,,,,,,,,
29069,7751200.38,,,,,,,,,,,
29071,2580156,,,,,,,,,,,
29073,1237068,,,,,,,,,,,
29075,5423130,,,,,,,,,,,
29077,95939,,,,,,,,,,,
29079,4768344.26,,,,,,,,,,,
29081,5187553,,,,,,,,,,,
29083,2560088,,,,,,,,,,,
29085,139091,,,,,,,,,,,
29087,23775196.5,,,,,,,,,,,
29089,7370067,,,,,,,,,,,
29091,12500,,,,,,,,,,,
29095,3894117,,,,,,,,,,,
29097,2787813,,,,,,,,,,,
29099,58143,,,,,,,,,,,
29101,3368839.99,,,,,,,,,,,
29103,7543898,,,,,,,,,,,
29105,117671,,,,,,,,,,,
29107,2633853.4,,,,,,,,,,,
29109,687603.93,,,,,,,,,,,
29111,9897204,,,,,,,,,,,
29113,4881771,,,,,,,,,,,
29115,7077324,,,,,,,,,,,
29117,13912911.75,,,,,,,,,,,
29119,38990,,,,,,,,,,,
29121,4977135.87,,,,,,,,,,,
29123,12446,,,,,,,,,,,
29125,35773,,,,,,,,,,,
29127,8118280,,,,,,,,,,,
29129,3191425,,,,,,,,,,,
29131,120850,,,,,,,,,,,
29133,12418554.5,,,,,,,,,,,
29135,829538,,,,,,,,,,,
29137,6171877.17,,,,,,,,,,,
29139,2264884.4,,,,,,,,,,,
29141,422910,,,,,,,,,,,
29143,13457162.5,,,,,,,,,,,
29145,477457,,,,,,,,,,,
29147,3797430,,,,,,,,,,,
29149,5349,,,,,,,,,,,
29151,1959708,,,,,,,,,,,
29153,649,,,,,,,,,,,
29155,9047039,,,,,,,,,,,
29157,3538584,,,,,,,,,,,
29159,1662579.67,,,,,,,,,,,
29163,7216248,,,,,,,,,,,
29165,7192202,,,,,,,,,,,
29167,360874,,,,,,,,,,,
29169,31277,,,,,,,,,,,
29171,3139820,,,,,,,,,,,
29173,5137127.5,,,,,,,,,,,
29175,1498743,,,,,,,,,,,
29177,7856182,,,,,,,,,,,
29181,1888631,,,,,,,,,,,
29183,14258292.4,,,,,,,,,,,
29185,1329909,,,,,,,,,,,
29186,2240240,,,,,,,,,,,
29187,85558,,,,,,,,,,,
29189,1669157,,,,,,,,,,,
29195,9209298,,,,,,,,,,,
29197,1437638,,,,,,,,,,,
29199,3691403,,,,,,,,,,,
29201,4924304,,,,,,,,,,,
29205,4105909.79,,,,,,,,,,,
29207,10580005,,,,,,,,,,,
29209,40,,,,,,,,,,,
29211,3740046,,,,,,,,,,,
29213,346,,,,,,,,,,,
29215,4971,,,,,,,,,,,
29217,9278155,,,,,,,,,,,
29219,3293117,,,,,,,,,,,
29223,314398,,,,,,,,,,,
29225,95695,,,,,,,,,,,
29227,988244.09,,,,,,,,,,,
29229,27837,,,,,,,,,,,
29999,10266,,,,,,,,,,,
30001,425800,,,,,,,,,,,
30003,3097699,,,,,,,,,,,
30005,2833252,,,,,,,,,,,
30007,561174,,,,,,,,,,,
30009,329340,,,,,,,,,,,
30011,550826,,,,,,,,,,,
30013,2816203.71,,,,,,,,,,,
30015,6259530.43,,,,,,,,,,,
30017,374872,,,,,,,,,,,
30019,6331112.24,,,,,,,,,,,
30021,2212462.74,,,,,,,,,,,
30025,182008,,,,,,,,,,,
30027,2313778,,,,,,,,,,,
30029,138544,,,,,,,,,,,
30031,133580,,,,,,,,,,,
30033,158749,,,,,,,,,,,
30035,4661396.04,,,,,,,,,,,
30037,288765,,,,,,,,,,,
30041,10089027.1,,,,,,,,,,,
30043,32860,,,,,,,,,,,
30045,1999660.62,,,,,,,,,,,
30047,158067,,,,,,,,,,,
30049,133711,,,,,,,,,,,
30051,4852287.76,,,,,,,,,,,
30055,4092418.98,,,,,,,,,,,
30057,200792,,,,,,,,,,,
30059,408445,,,,,,,,,,,
30065,32771,,,,,,,,,,,
30067,89062,,,,,,,,,,,
30069,263372,,,,,,,,,,,
30071,2437155,,,,,,,,,,,
30073,5348050.73,,,,,,,,,,,
30075,99660,,,,,,,,,,,
30077,175965,,,,,,,,,,,
30079,907732,,,,,,,,,,,
30081,58112,,,,,,,,,,,
30083,854191.65,,,,,,,,,,,
30085,5882322.23,,,,,,,,,,,
30087,1717301,,,,,,,,,,,
30089,58760,,,,,,,,,,,
30091,10241616.78,,,,,,,,,,,
30095,398938,,,,,,,,,,,
30099,3418220,,,,,,,,,,,
30101,7660410.9,,,,,,,,,,,
30103,862158,,,,,,,,,,,
30105,9341396.83,,,,,,,,,,,
30107,954360.92,,,,,,,,,,,
30109,1953004,,,,,,,,,,,
30111,3301346,,,,,,,,,,,
30999,220855,,,,,,,,,,,
31001,5889729,,,,,,,,,,,
31003,5637195,,,,,,,,,,,
31005,65630,,,,,,,,,,,
31007,841245,,,,,,,,,,,
31009,54702,,,,,,,,,,,
31011,693985,,,,,,,,,,,
31013,9044068,,,,,,,,,,,
31015,2885588.76,,,,,,,,,,,
31017,2220303,,,,,,,,,,,
31019,2626507.5,,,,,,,,,,,
31021,5565345,,,,,,,,,,,
31023,2518916,,,,,,,,,,,
31025,1053261,,,,,,,,,,,
31027,1170304,,,,,,,,,,,
31029,8477501,,,,,,,,,,,
31031,969930,,,,,,,,,,,
31033,3978878,,,,,,,,,,,
31035,2634165,,,,,,,,,,,
31037,2031241.05,,,,,,,,,,,
31039,1395264,,,,,,,,,,,
31041,3241558,,,,,,,,,,,
31043,1092473,,,,,,,,,,,
31045,1094605,,,,,,,,,,,
31047,5284405,,,,,,,,,,,
31049,1319871,,,,,,,,,,,
31051,389469,,,,,,,,,,,
31053,4049374,,,,,,,,,,,
31055,1458470,,,,,,,,,,,
31057,2656035,,,,,,,,,,,
31059,532059,,,,,,,,,,,
31061,3208970,,,,,,,,,,,
31063,1011949,,,,,,,,,,,
31065,2459996,,,,,,,,,,,
31067,1330228,,,,,,,,,,,
31069,1385228,,,,,,,,,,,
31071,645714,,,,,,,,,,,
31073,540111,,,,,,,,,,,
31077,955512,,,,,,,,,,,
31079,9855684,,,,,,,,,,,
31081,671361,,,,,,,,,,,
31083,4957981,,,,,,,,,,,
31085,5699109,,,,,,,,,,,
31087,1588170,,,,,,,,,,,
31089,13640639,,,,,,,,,,,
31093,3497913,,,,,,,,,,,
31095,472057.5,,,,,,,,,,,
31097,1159460,,,,,,,,,,,
31099,1720482,,,,,,,,,,,
31101,2016015,,,,,,,,,,,
31103,855816,,,,,,,,,,,
31105,750264.62,,,,,,,,,,,
31107,5108912,,,,,,,,,,,
31109,921882,,,,,,,,,,,
31111,3259468,,,,,,,,,,,
31113,334397,,,,,,,,,,,
31115,145023,,,,,,,,,,,
31117,68599,,,,,,,,,,,
31119,2685001,,,,,,,,,,,
31121,9288517,,,,,,,,,,,
31123,2448358,,,,,,,,,,,
31125,3843484,,,,,,,,,,,
31127,5338892,,,,,,,,,,,
31129,2851577,,,,,,,,,,,
31131,2278649,,,,,,,,,,,
31133,1358332,,,,,,,,,,,
31135,15950663.6,,,,,,,,,,,
31137,2582445,,,,,,,,,,,
31139,5326483,,,,,,,,,,,
31141,1715916,,,,,,,,,,,
31143,1650351,,,,,,,,,,,
31145,1453456,,,,,,,,,,,
31147,4962110,,,,,,,,,,,
31149,1925462,,,,,,,,,,,
31151,345488,,,,,,,,,,,
31153,1144925,,,,,,,,,,,
31155,1742469,,,,,,,,,,,
31157,5847224,,,,,,,,,,,
31159,665124,,,,,,,,,,,
31161,4038096,,,,,,,,,,,
31163,1827615,,,,,,,,,,,
31165,679358,,,,,,,,,,,
31167,690191,,,,,,,,,,,
31169,941520,,,,,,,,,,,
31171,16028,,,,,,,,,,,
31173,429506,,,,,,,,,,,
31175,3283188.25,,,,,,,,,,,
31177,3559486,,,,,,,,,,,
31179,533331,,,,,,,,,,,
31181,3582600,,,,,,,,,,,
31183,3284438,,,,,,,,,,,
31185,415973,,,,,,,,,,,
31999,72298,,,,,,,,,,,
32001,3274906,,,,,,,,,,,
32007,5379359,,,,,,,,,,,
32011,1305226,,,,,,,,,,,
32013,2837159,,,,,,,,,,,
32015,1636957,,,,,,,,,,,
32017,2126486,,,,,,,,,,,
32019,369079,,,,,,,,,,,
32021,1367012,,,,,,,,,,,
32023,3968866,,,,,,,,,,,
32027,2579823,,,,,,,,,,,
32031,1849857,,,,,,,,,,,
32033,4085850,,,,,,,,,,,
32999,40200,,,,,,,,,,,
33005,10202,,,,,,,,,,,
33007,365,,,,,,,,,,,
33009,32419,,,,,,,,,,,
33011,137949,,,,,,,,,,,
33013,10953,,,,,,,,,,,
33015,16408,,,,,,,,,,,
33017,14763,,,,,,,,,,,
33999,3531,,,,,,,,,,,
34001,162770,,,,,,,,,,,
34005,1107758,,,,,,,,,,,
34011,316421,,,,,,,,,,,
34015,701129,,,,,,,,,,,
34019,224347,,,,,,,,,,,
34021,114740,,,,,,,,,,,
34023,8153,,,,,,,,,,,
34025,198903,,,,,,,,,,,
34027,16175,,,,,,,,,,,
34029,39375,,,,,,,,,,,
34033,882171,,,,,,,,,,,
34035,24895,,,,,,,,,,,
34037,45255,,,,,,,,,,,
34041,161930,,,,,,,,,,,
34999,7684,,,,,,,,,,,
35003,102284,,,,,,,,,,,
35005,6701337,,,,,,,,,,,
35006,370557,,,,,,,,,,,
35007,242546,,,,,,,,,,,
35009,6773984,,,,,,,,,,,
35011,706607,,,,,,,,,,,
35013,4467185,,,,,,,,,,,
35015,3175031,,,,,,,,,,,
35017,237235,,,,,,,,,,,
35019,136856,,,,,,,,,,,
35021,276325,,,,,,,,,,,
35023,305180,,,,,,,,,,,
35025,7428768,,,,,,,,,,,
35027,1172728,,,,,,,,,,,
35029,1681723,,,,,,,,,,,
35031,53569,,,,,,,,,,,
35033,52954,,,,,,,,,,,
35035,2820858,,,,,,,,,,,
35037,3422403,,,,,,,,,,,
35039,76276,,,,,,,,,,,
35041,8726496,,,,,,,,,,,
35045,1445393,,,,,,,,,,,
35047,254094,,,,,,,,,,,
35049,14813,,,,,,,,,,,
35051,586899,,,,,,,,,,,
35053,562727,,,,,,,,,,,
35057,123224,,,,,,,,,,,
35059,653331,,,,,,,,,,,
35061,161344,,,,,,,,,,,
35999,25347,,,,,,,,,,,
36001,160641,,,,,,,,,,,
36003,617454,,,,,,,,,,,
36007,22146,,,,,,,,,,,
36009,929821,,,,,,,,,,,
36011,2410196.65,,,,,,,,,,,
36013,869342,,,,,,,,,,,
36015,28453,,,,,,,,,,,
36017,128102,,,,,,,,,,,
36019,1880713,,,,,,,,,,,
36021,188383,,,,,,,,,,,
36023,121672,,,,,,,,,,,
36025,4176,,,,,,,,,,,
36027,689667,,,,,,,,,,,
36029,2092829,,,,,,,,,,,
36031,194465,,,,,,,,,,,
36033,273660,,,,,,,,,,,
36035,125352,,,,,,,,,,,
36037,2864827,,,,,,,,,,,
36043,851235,,,,,,,,,,,
36045,3669450,,,,,,,,,,,
36049,109625,,,,,,,,,,,
36051,4101957,,,,,,,,,,,
36053,1237804,,,,,,,,,,,
36055,5537141,,,,,,,,,,,
36057,857750,,,,,,,,,,,
36063,10265269,,,,,,,,,,,
36065,1357108.6,,,,,,,,,,,
36067,2895641,,,,,,,,,,,
36069,3381305.55,,,,,,,,,,,
36071,601365,,,,,,,,,,,
36073,8010034.5,,,,,,,,,,,
36075,1765043,,,,,,,,,,,
36077,190731,,,,,,,,,,,
36083,278900,,,,,,,,,,,
36089,1120000,,,,,,,,,,,
36091,539629,,,,,,,,,,,
36093,66102,,,,,,,,,,,
36095,135635,,,,,,,,,,,
36097,161318.3,,,,,,,,,,,
36099,2067681.4,,,,,,,,,,,
36101,1911215.5,,,,,,,,,,,
36103,112616,,,,,,,,,,,
36107,1879,,,,,,,,,,,
36109,222661,,,,,,,,,,,
36111,381452,,,,,,,,,,,
36115,757449,,,,,,,,,,,
36117,7374477.2,,,,,,,,,,,
36121,1502947,,,,,,,,,,,
36123,815231.5,,,,,,,,,,,
36999,11643,,,,,,,,,,,
37001,649909,,,,,,,,,,,
37003,1121851,,,,,,,,,,,
37007,1368537,,,,,,,,,,,
37013,7577661.25,,,,,,,,,,,
37015,3879299,,,,,,,,,,,
37017,11804935.9,,,,,,,,,,,
37019,889338,,,,,,,,,,,
37021,2454,,,,,,,,,,,
37023,25895,,,,,,,,,,,
37025,232929.5,,,,,,,,,,,
37027,2537,,,,,,,,,,,
37029,1079803,,,,,,,,,,,
37031,784411,,,,,,,,,,,
37033,1906582,,,,,,,,,,,
37035,437075,,,,,,,,,,,
37037,368477,,,,,,,,,,,
37039,2610,,,,,,,,,,,
37041,552478.56,,,,,,,,,,,
37043,2198,,,,,,,,,,,
37045,653573,,,,,,,,,,,
37047,9282677.55,,,,,,,,,,,
37049,3873677,,,,,,,,,,,
37051,4326243,,,,,,,,,,,
37053,124351,,,,,,,,,,,
37055,189892,,,,,,,,,,,
37057,696186,,,,,,,,,,,
37059,455421,,,,,,,,,,,
37061,9805013,,,,,,,,,,,
37063,193966,,,,,,,,,,,
37065,5899069.7,,,,,,,,,,,
37067,1148727,,,,,,,,,,,
37069,4157806,,,,,,,,,,,
37071,135274.48,,,,,,,,,,,
37073,140687.29,,,,,,,,,,,
37077,1868295,,,,,,,,,,,
37079,5728201,,,,,,,,,,,
37081,2679573.5,,,,,,,,,,,
37083,1395431.5,,,,,,,,,,,
37085,3830355.8,,,,,,,,,,,
37087,146922,,,,,,,,,,,
37089,9622239,,,,,,,,,,,
37091,1545864.4,,,,,,,,,,,
37093,485036.7,,,,,,,,,,,
37095,1198439.8,,,,,,,,,,,
37097,704813.4,,,,,,,,,,,
37101,5581716.75,,,,,,,,,,,
37103,7536210,,,,,,,,,,,
37105,1127910,,,,,,,,,,,
37107,6866189,,,,,,,,,,,
37109,548079,,,,,,,,,,,
37111,15824,,,,,,,,,,,
37115,2155,,,,,,,,,,,
37117,3014851,,,,,,,,,,,
37119,67057,,,,,,,,,,,
37123,37435,,,,,,,,,,,
37125,862508.8,,,,,,,,,,,
37127,3861725.9,,,,,,,,,,,
37131,1236685.8,,,,,,,,,,,
37133,6055980,,,,,,,,,,,
37135,894012,,,,,,,,,,,
37137,959167,,,,,,,,,,,
37139,1534548.6,,,,,,,,,,,
37141,2687057.95,,,,,,,,,,,
37143,643347.2,,,,,,,,,,,
37145,3846770,,,,,,,,,,,
37147,9000916,,,,,,,,,,,
37149,478290,,,,,,,,,,,
37151,249158,,,,,,,,,,,
37153,223836,,,,,,,,,,,
37155,7018998.2,,,,,,,,,,,
37157,3044103,,,,,,,,,,,
37159,876457.9,,,,,,,,,,,
37161,12295,,,,,,,,,,,
37163,16847557.08,,,,,,,,,,,
37165,1191898.6,,,,,,,,,,,
37167,472739,,,,,,,,,,,
37169,1016366,,,,,,,,,,,
37171,1621424,,,,,,,,,,,
37175,40691,,,,,,,,,,,
37177,765824,,,,,,,,,,,
37179,2246332.2,,,,,,,,,,,
37181,1163660,,,,,,,,,,,
37183,1795655,,,,,,,,,,,
37185,2269300.5,,,,,,,,,,,
37187,1852349.5,,,,,,,,,,,
37189,3577,,,,,,,,,,,
37191,6841175.3,,,,,,,,,,,
37193,1420081,,,,,,,,,,,
37195,3350594,,,,,,,,,,,
37197,878315,,,,,,,,,,,
37999,281149,,,,,,,,,,,
38001,5950750,,,,,,,,,,,
38003,43868909.44,,,,,,,,,,,
38005,13732832.24,,,,,,,,,,,
38007,1948585,,,,,,,,,,,
38009,19538930.2,,,,,,,,,,,
38011,7287647,,,,,,,,,,,
38013,19852019.04,,,,,,,,,,,
38015,7334375.07,,,,,,,,,,,
38017,52966975.46,,,,,,,,,,,
38019,42100072.94,,,,,,,,,,,
38021,36264366.5,,,,,,,,,,,
38023,17298296.63,,,,,,,,,,,
38025,7309636.15,,,,,,,,,,,
38027,3985726.84,,,,,,,,,,,
38029,18817207.5,,,,,,,,,,,
38031,5964171.58,,,,,,,,,,,
38033,4110928,,,,,,,,,,,
38035,40835903.15,,,,,,,,,,,
38037,6642905,,,,,,,,,,,
38039,13747135.59,,,,,,,,,,,
38041,19557614,,,,,,,,,,,
38043,8330487.36,,,,,,,,,,,
38045,44447448.38,,,,,,,,,,,
38047,4969084.7,,,,,,,,,,,
38049,6986694.2,,,,,,,,,,,
38051,10212491.8,,,,,,,,,,,
38053,3936721.51,,,,,,,,,,,
38055,13433708,,,,,,,,,,,
38057,2467903.02,,,,,,,,,,,
38059,9370938,,,,,,,,,,,
38061,16661334.42,,,,,,,,,,,
38063,12608332.84,,,,,,,,,,,
38065,1549722,,,,,,,,,,,
38067,27018651.55,,,,,,,,,,,
38069,6795422.65,,,,,,,,,,,
38071,22488800.23,,,,,,,,,,,
38073,19914986.73,,,,,,,,,,,
38075,22175242.16,,,,,,,,,,,
38077,24303997.25,,,,,,,,,,,
38079,9104788.6,,,,,,,,,,,
38081,23704845.1,,,,,,,,,,,
38083,5366484,,,,,,,,,,,
38085,3579248,,,,,,,,,,,
38087,7037856,,,,,,,,,,,
38089,13762371,,,,,,,,,,,
38091,15202077.53,,,,,,,,,,,
38093,47795541.55,,,,,,,,,,,
38095,17939162.27,,,,,,,,,,,
38097,43467704.99,,,,,,,,,,,
38099,23332609.57,,,,,,,,,,,
38101,27220040.19,,,,,,,,,,,
38103,14036174.23,,,,,,,,,,,
38105,17491272.01,,,,,,,,,,,
39001,1713306,,,,,,,,,,,
39003,9127015.33,,,,,,,,,,,
39005,3572412,,,,,,,,,,,
39007,2286060.85,,,,,,,,,,,
39009,99157,,,,,,,,,,,
39011,9222936.09,,,,,,,,,,,
39015,4144287.5,,,,,,,,,,,
39017,2775154.91,,,,,,,,,,,
39019,978196.85,,,,,,,,,,,
39021,6435765.4,,,,,,,,,,,
39023,6889017.4,,,,,,,,,,,
39025,1317906,,,,,,,,,,,
39027,2091475.63,,,,,,,,,,,
39029,1050101.06,,,,,,,,,,,
39031,1188540,,,,,,,,,,,
39033,8014022.5,,,,,,,,,,,
39035,34639,,,,,,,,,,,
39037,9258325.5,,,,,,,,,,,
39039,19162198.31,,,,,,,,,,,
39041,9281535.8,,,,,,,,,,,
39043,2954193.5,,,,,,,,,,,
39045,826976,,,,,,,,,,,
39047,4327263.04,,,,,,,,,,,
39049,916212.9,,,,,,,,,,,
39051,19555788,,,,,,,,,,,
39053,272071,,,,,,,,,,,
39055,576319,,,,,,,,,,,
39057,1648404.95,,,,,,,,,,,
39059,356518,,,,,,,,,,,
39061,97703,,,,,,,,,,,
39063,23354071.38,,,,,,,,,,,
39065,29519088.82,,,,,,,,,,,
39067,141020,,,,,,,,,,,
39069,17585777.69,,,,,,,,,,,
39071,3856213.8,,,,,,,,,,,
39073,221044,,,,,,,,,,,
39075,992340,,,,,,,,,,,
39077,13736148.72,,,,,,,,,,,
39079,411755,,,,,,,,,,,
39081,213137,,,,,,,,,,,
39083,2100224,,,,,,,,,,,
39085,17362,,,,,,,,,,,
39087,70426,,,,,,,,,,,
39089,2194029.5,,,,,,,,,,,
39091,17620834,,,,,,,,,,,
39093,7794534.11,,,,,,,,,,,
39095,4494873,,,,,,,,,,,
39097,7062822.5,,,,,,,,,,,
39099,1458361,,,,,,,,,,,
39101,12961945.36,,,,,,,,,,,
39103,3627425.2,,,,,,,,,,,
39105,193687,,,,,,,,,,,
39107,7479762.7,,,,,,,,,,,
39109,6098092,,,,,,,,,,,
39113,783381.5,,,,,,,,,,,
39115,49782,,,,,,,,,,,
39117,10197907.9,,,,,,,,,,,
39119,596722,,,,,,,,,,,
39123,10393944.3,,,,,,,,,,,
39125,15777022.98,,,,,,,,,,,
39127,1317848,,,,,,,,,,,
39129,5350642.5,,,,,,,,,,,
39131,856873,,,,,,,,,,,
39133,926288,,,,,,,,,,,
39135,1645897,,,,,,,,,,,
39137,9924525.05,,,,,,,,,,,
39139,3128731.6,,,,,,,,,,,
39141,957901.6,,,,,,,,,,,
39143,10046117.9,,,,,,,,,,,
39145,394872,,,,,,,,,,,
39147,22670265,,,,,,,,,,,
39149,6035514.6,,,,,,,,,,,
39151,1536873,,,,,,,,,,,
39153,111964,,,,,,,,,,,
39155,1338670,,,,,,,,,,,
39157,1249779.58,,,,,,,,,,,
39159,12284108.26,,,,,,,,,,,
39161,9250580.4,,,,,,,,,,,
39163,162685,,,,,,,,,,,
39165,2157384,,,,,,,,,,,
39167,103406.5,,,,,,,,,,,
39169,4281790.85,,,,,,,,,,,
39171,21508969.2,,,,,,,,,,,
39173,36076250.12,,,,,,,,,,,
39175,16167957.98,,,,,,,,,,,
39999,15579,,,,,,,,,,,
40003,1211023.8,,,,,,,,,,,
40005,50020,,,,,,,,,,,
40007,2488367.54,,,,,,,,,,,
40009,1127225,,,,,,,,,,,
40011,505278,,,,,,,,,,,
40013,213062,,,,,,,,,,,
40015,2440417,,,,,,,,,,,
40017,1852866,,,,,,,,,,,
40019,27908,,,,,,,,,,,
40021,267,,,,,,,,,,,
40023,112463,,,,,,,,,,,
40025,3140047,,,,,,,,,,,
40027,32298,,,,,,,,,,,
40029,7642,,,,,,,,,,,
40031,3272270.4,,,,,,,,,,,
40033,3381839.7,,,,,,,,,,,
40035,668881,,,,,,,,,,,
40037,9352,,,,,,,,,,,
40039,1856084,,,,,,,,,,,
40041,61617,,,,,,,,,,,
40043,315158,,,,,,,,,,,
40045,491338,,,,,,,,,,,
40047,3544830,,,,,,,,,,,
40049,402257,,,,,,,,,,,
40051,1196363,,,,,,,,,,,
40053,7193115.3,,,,,,,,,,,
40055,3104864.7,,,,,,,,,,,
40057,2223744,,,,,,,,,,,
40059,569500,,,,,,,,,,,
40061,132276,,,,,,,,,,,
40063,36811,,,,,,,,,,,
40065,7024988.5,,,,,,,,,,,
40067,31050,,,,,,,,,,,
40069,33542,,,,,,,,,,,
40071,8030915.12,,,,,,,,,,,
40073,770203,,,,,,,,,,,
40075,7862370.38,,,,,,,,,,,
40077,8141,,,,,,,,,,,
40079,2026206,,,,,,,,,,,
40081,35683,,,,,,,,,,,
40083,802239,,,,,,,,,,,
40085,90265,,,,,,,,,,,
40087,315796.6,,,,,,,,,,,
40089,2540373,,,,,,,,,,,
40091,12299,,,,,,,,,,,
40093,633235,,,,,,,,,,,
40095,165422,,,,,,,,,,,
40097,97595.75,,,,,,,,,,,
40099,13811,,,,,,,,,,,
40101,3083811,,,,,,,,,,,
40103,1952386,,,,,,,,,,,
40105,383676,,,,,,,,,,,
40107,104091,,,,,,,,,,,
40109,179778,,,,,,,,,,,
40111,53158,,,,,,,,,,,
40113,535761.26,,,,,,,,,,,
40115,814504.5,,,,,,,,,,,
40117,444212,,,,,,,,,,,
40119,213908,,,,,,,,,,,
40121,15943,,,,,,,,,,,
40123,25931,,,,,,,,,,,
40125,216794,,,,,,,,,,,
40127,10324,,,,,,,,,,,
40129,427599,,,,,,,,,,,
40131,89629,,,,,,,,,,,
40133,5039,,,,,,,,,,,
40135,3063999.5,,,,,,,,,,,
40137,95083,,,,,,,,,,,
40139,6011947,,,,,,,,,,,
40141,18974924.06,,,,,,,,,,,
40143,137430,,,,,,,,,,,
40145,1071118.5,,,,,,,,,,,
40147,404471,,,,,,,,,,,
40149,3696300.55,,,,,,,,,,,
40151,512739,,,,,,,,,,,
40153,274861,,,,,,,,,,,
40999,1945901,,,,,,,,,,,
41001,2314081,,,,,,,,,,,
41003,22330,,,,,,,,,,,
41005,357322,,,,,,,,,,,
41011,31346,,,,,,,,,,,
41013,546170,,,,,,,,,,,
41015,4206,,,,,,,,,,,
41017,31373,,,,,,,,,,,
41019,1168186,,,,,,,,,,,
41021,579861,,,,,,,,,,,
41023,539126,,,,,,,,,,,
41025,5016699,,,,,,,,,,,
41027,457891,,,,,,,,,,,
41029,1359270,,,,,,,,,,,
41031,770366.6,,,,,,,,,,,
41033,417624,,,,,,,,,,,
41035,4762648,,,,,,,,,,,
41037,1015902,,,,,,,,,,,
41039,118469,,,,,,,,,,,
41043,302963,,,,,,,,,,,
41045,8631826,,,,,,,,,,,
41047,339602.8,,,,,,,,,,,
41049,1172090,,,,,,,,,,,
41051,23633,,,,,,,,,,,
41053,277331,,,,,,,,,,,
41055,577349,,,,,,,,,,,
41059,4407496,,,,,,,,,,,
41061,565872,,,,,,,,,,,
41063,2122338,,,,,,,,,,,
41065,2232621.66,,,,,,,,,,,
41067,581025,,,,,,,,,,,
41069,40055,,,,,,,,,,,
41071,1000474,,,,,,,,,,,
41999,30377,,,,,,,,,,,
42001,12591184.31,,,,,,,,,,,
42003,37003,,,,,,,,,,,
42005,468355,,,,,,,,,,,
42007,188169,,,,,,,,,,,
42009,343145,,,,,,,,,,,
42011,669760,,,,,,,,,,,
42013,221336,,,,,,,,,,,
42015,427861,,,,,,,,,,,
42017,267813.8,,,,,,,,,,,
42019,1003629,,,,,,,,,,,
42021,307000,,,,,,,,,,,
42025,75274,,,,,,,,,,,
42027,454399,,,,,,,,,,,
42029,112081,,,,,,,,,,,
42031,668553,,,,,,,,,,,
42033,349859,,,,,,,,,,,
42035,112936,,,,,,,,,,,
42037,1117154,,,,,,,,,,,
42039,1648555,,,,,,,,,,,
42041,748133,,,,,,,,,,,
42043,101772,,,,,,,,,,,
42047,24487,,,,,,,,,,,
42049,668896,,,,,,,,,,,
42051,466271,,,,,,,,,,,
42053,23392,,,,,,,,,,,
42055,1198812,,,,,,,,,,,
42057,250064,,,,,,,,,,,
42059,15442,,,,,,,,,,,
42061,431217,,,,,,,,,,,
42063,340191,,,,,,,,,,,
42065,599063,,,,,,,,,,,
42067,106364,,,,,,,,,,,
42069,13037,,,,,,,,,,,
42071,263037,,,,,,,,,,,
42073,1131184,,,,,,,,,,,
42075,69307.54,,,,,,,,,,,
42077,83032,,,,,,,,,,,
42079,251931,,,,,,,,,,,
42081,406829,,,,,,,,,,,
42083,24331,,,,,,,,,,,
42085,2707055,,,,,,,,,,,
42087,55855,,,,,,,,,,,
42089,41185,,,,,,,,,,,
42091,242316,,,,,,,,,,,
42093,288119,,,,,,,,,,,
42095,219978,,,,,,,,,,,
42097,642434,,,,,,,,,,,
42099,121231,,,,,,,,,,,
42105,236848,,,,,,,,,,,
42107,426920,,,,,,,,,,,
42109,114227,,,,,,,,,,,
42111,246797.02,,,,,,,,,,,
42113,180907,,,,,,,,,,,
42115,888,,,,,,,,,,,
42117,437125,,,,,,,,,,,
42119,133245.5,,,,,,,,,,,
42121,834080,,,,,,,,,,,
42123,124443,,,,,,,,,,,
42125,62320,,,,,,,,,,,
42127,4459,,,,,,,,,,,
42129,532045,,,,,,,,,,,
42131,55677,,,,,,,,,,,
42133,237767.8,,,,,,,,,,,
44005,24600,,,,,,,,,,,
44007,76951,,,,,,,,,,,
44009,479,,,,,,,,,,,
44999,13213,,,,,,,,,,,
45001,11066,,,,,,,,,,,
45003,1750113,,,,,,,,,,,
45005,1548900,,,,,,,,,,,
45007,509993.5,,,,,,,,,,,
45009,951802,,,,,,,,,,,
45011,736702,,,,,,,,,,,
45013,9878,,,,,,,,,,,
45015,1366207,,,,,,,,,,,
45017,914879,,,,,,,,,,,
45019,143166,,,,,,,,,,,
45021,230938.9,,,,,,,,,,,
45023,191312,,,,,,,,,,,
45025,3295733,,,,,,,,,,,
45027,4940021.13,,,,,,,,,,,
45029,2490574,,,,,,,,,,,
45031,4144136,,,,,,,,,,,
45033,2620407.04,,,,,,,,,,,
45035,1675685.4,,,,,,,,,,,
45037,6301550,,,,,,,,,,,
45041,4779870,,,,,,,,,,,
45043,896772,,,,,,,,,,,
45045,9824,,,,,,,,,,,
45047,279,,,,,,,,,,,
45049,2168638,,,,,,,,,,,
45051,9007266.5,,,,,,,,,,,
45053,71646,,,,,,,,,,,
45055,157909.5,,,,,,,,,,,
45057,98325,,,,,,,,,,,
45059,26684,,,,,,,,,,,
45061,1894694,,,,,,,,,,,
45063,292992,,,,,,,,,,,
45067,2918943.5,,,,,,,,,,,
45069,2122955,,,,,,,,,,,
45071,35633,,,,,,,,,,,
45073,71210,,,,,,,,,,,
45075,4524476,,,,,,,,,,,
45079,1341559,,,,,,,,,,,
45081,3080897,,,,,,,,,,,
45083,423406,,,,,,,,,,,
45085,1996529.8,,,,,,,,,,,
45087,17087,,,,,,,,,,,
45089,6136867,,,,,,,,,,,
45091,506114,,,,,,,,,,,
46003,17950748,,,,,,,,,,,
46005,56013633,,,,,,,,,,,
46007,2732640,,,,,,,,,,,
46009,29527210,,,,,,,,,,,
46011,23024038,,,,,,,,,,,
46013,40838217,,,,,,,,,,,
46015,12012725,,,,,,,,,,,
46017,1266618,,,,,,,,,,,
46019,173716,,,,,,,,,,,
46021,5318412,,,,,,,,,,,
46023,39389807.2,,,,,,,,,,,
46025,22554436,,,,,,,,,,,
46027,26840740,,,,,,,,,,,
46029,10249652,,,,,,,,,,,
46031,5449890,,,,,,,,,,,
46033,83830,,,,,,,,,,,
46035,21633588,,,,,,,,,,,
46037,14027918,,,,,,,,,,,
46039,13776838,,,,,,,,,,,
46041,4090574,,,,,,,,,,,
46043,28566116,,,,,,,,,,,
46045,16634729,,,,,,,,,,,
46047,374356,,,,,,,,,,,
46049,27120878.5,,,,,,,,,,,
46051,12089005,,,,,,,,,,,
46053,6961822,,,,,,,,,,,
46055,3330440,,,,,,,,,,,
46057,11706050,,,,,,,,,,,
46059,37841611,,,,,,,,,,,
46061,30975841,,,,,,,,,,,
46063,1219900,,,,,,,,,,,
46065,3878586,,,,,,,,,,,
46067,63179417,,,,,,,,,,,
46069,10015365,,,,,,,,,,,
46071,1401171,,,,,,,,,,,
46073,9734387,,,,,,,,,,,
46075,3419219,,,,,,,,,,,
46077,45237126.7,,,,,,,,,,,
46079,29995141,,,,,,,,,,,
46081,1855,,,,,,,,,,,
46083,27329630,,,,,,,,,,,
46085,7210282.36,,,,,,,,,,,
46087,42158733,,,,,,,,,,,
46089,6746084.8,,,,,,,,,,,
46091,20927462.5,,,,,,,,,,,
46093,1908020,,,,,,,,,,,
46095,1204455,,,,,,,,,,,
46097,21680137,,,,,,,,,,,
46099,30496953,,,,,,,,,,,
46101,17764951,,,,,,,,,,,
46102,1335528,,,,,,,,,,,
46103,2202756,,,,,,,,,,,
46105,2213726,,,,,,,,,,,
46107,21725777,,,,,,,,,,,
46109,14986172,,,,,,,,,,,
46111,19721589,,,,,,,,,,,
46115,50171682,,,,,,,,,,,
46117,4259066.5,,,,,,,,,,,
46119,13432870,,,,,,,,,,,
46121,840322,,,,,,,,,,,
46123,7667640,,,,,,,,,,,
46125,41318210,,,,,,,,,,,
46127,13028480,,,,,,,,,,,
46129,9025463,,,,,,,,,,,
46135,22901300,,,,,,,,,,,
46137,2861334,,,,,,,,,,,
47003,328396,,,,,,,,,,,
47005,285675,,,,,,,,,,,
47007,736545,,,,,,,,,,,
47009,113516,,,,,,,,,,,
47011,275534,,,,,,,,,,,
47015,102777,,,,,,,,,,,
47017,324116,,,,,,,,,,,
47021,183550,,,,,,,,,,,
47023,160763,,,,,,,,,,,
47025,30072,,,,,,,,,,,
47027,1093555,,,,,,,,,,,
47029,245731,,,,,,,,,,,
47031,192922,,,,,,,,,,,
47033,654908,,,,,,,,,,,
47037,117693,,,,,,,,,,,
47039,782444,,,,,,,,,,,
47041,31732,,,,,,,,,,,
47043,48418,,,,,,,,,,,
47045,3529379,,,,,,,,,,,
47047,864297,,,,,,,,,,,
47049,6044,,,,,,,,,,,
47051,199778,,,,,,,,,,,
47053,984442,,,,,,,,,,,
47055,182707,,,,,,,,,,,
47057,92364,,,,,,,,,,,
47059,121061,,,,,,,,,,,
47061,5220,,,,,,,,,,,
47063,55805,,,,,,,,,,,
47065,460,,,,,,,,,,,
47067,7247,,,,,,,,,,,
47069,523172,,,,,,,,,,,
47071,416416,,,,,,,,,,,
47073,84628,,,,,,,,,,,
47075,429909.77,,,,,,,,,,,
47077,428775.5,,,,,,,,,,,
47079,877654,,,,,,,,,,,
47081,212382,,,,,,,,,,,
47083,9937,,,,,,,,,,,
47085,168092,,,,,,,,,,,
47087,864848,,,,,,,,,,,
47089,130143,,,,,,,,,,,
47091,12418,,,,,,,,,,,
47095,2061157,,,,,,,,,,,
47097,5624828.8,,,,,,,,,,,
47099,199374,,,,,,,,,,,
47101,7550,,,,,,,,,,,
47103,71314,,,,,,,,,,,
47105,156178,,,,,,,,,,,
47107,285329,,,,,,,,,,,
47109,551703,,,,,,,,,,,
47111,3173836,,,,,,,,,,,
47113,662120,,,,,,,,,,,
47115,1260,,,,,,,,,,,
47117,16485,,,,,,,,,,,
47119,469848,,,,,,,,,,,
47121,88220,,,,,,,,,,,
47123,459840,,,,,,,,,,,
47125,814884,,,,,,,,,,,
47127,5525,,,,,,,,,,,
47131,1028778,,,,,,,,,,,
47133,91763,,,,,,,,,,,
47135,93777,,,,,,,,,,,
47137,23589,,,,,,,,,,,
47139,378137,,,,,,,,,,,
47141,42218,,,,,,,,,,,
47143,153659,,,,,,,,,,,
47147,2639665,,,,,,,,,,,
47149,288201,,,,,,,,,,,
47157,1684093,,,,,,,,,,,
47159,1168294,,,,,,,,,,,
47161,352157,,,,,,,,,,,
47163,1881,,,,,,,,,,,
47165,6447899.5,,,,,,,,,,,
47167,1244423,,,,,,,,,,,
47169,270860,,,,,,,,,,,
47175,27562,,,,,,,,,,,
47177,259147,,,,,,,,,,,
47179,29746,,,,,,,,,,,
47181,111322,,,,,,,,,,,
47183,489253.56,,,,,,,,,,,
47185,55223,,,,,,,,,,,
47187,53733,,,,,,,,,,,
47189,74968,,,,,,,,,,,
47999,246175,,,,,,,,,,,
48001,957522,,,,,,,,,,,
48003,3363526,,,,,,,,,,,
48005,27825,,,,,,,,,,,
48007,47629,,,,,,,,,,,
48009,1243526.86,,,,,,,,,,,
48011,5171602,,,,,,,,,,,
48013,579224,,,,,,,,,,,
48015,788565,,,,,,,,,,,
48017,10576683,,,,,,,,,,,
48019,95964,,,,,,,,,,,
48021,531555,,,,,,,,,,,
48023,2050416,,,,,,,,,,,
48025,822725,,,,,,,,,,,
48027,1698431.12,,,,,,,,,,,
48029,446212,,,,,,,,,,,
48031,164040,,,,,,,,,,,
48033,6382302.2,,,,,,,,,,,
48035,701814,,,,,,,,,,,
48037,2079910,,,,,,,,,,,
48039,2924470,,,,,,,,,,,
48041,1270817,,,,,,,,,,,
48043,1564204,,,,,,,,,,,
48045,7950903,,,,,,,,,,,
48047,252439,,,,,,,,,,,
48049,155248,,,,,,,,,,,
48051,1634168.9,,,,,,,,,,,
48053,117652,,,,,,,,,,,
48055,374830,,,,,,,,,,,
48057,1098895.5,,,,,,,,,,,
48059,200990,,,,,,,,,,,
48061,5059070,,,,,,,,,,,
48063,38567,,,,,,,,,,,
48065,21762135,,,,,,,,,,,
48067,19881,,,,,,,,,,,
48069,24042162.6,,,,,,,,,,,
48071,15222245,,,,,,,,,,,
48073,336805,,,,,,,,,,,
48075,2399148.1,,,,,,,,,,,
48077,880056,,,,,,,,,,,
48079,19469917,,,,,,,,,,,
48081,146122,,,,,,,,,,,
48083,1004985,,,,,,,,,,,
48085,1805477,,,,,,,,,,,
48087,4694841,,,,,,,,,,,
48089,5623549,,,,,,,,,,,
48091,110817,,,,,,,,,,,
48093,521069,,,,,,,,,,,
48095,3433446,,,,,,,,,,,
48097,180305,,,,,,,,,,,
48099,791957,,,,,,,,,,,
48101,2329752,,,,,,,,,,,
48103,403080,,,,,,,,,,,
48105,2327310,,,,,,,,,,,
48107,27115556.5,,,,,,,,,,,
48109,4749909,,,,,,,,,,,
48111,24978041.6,,,,,,,,,,,
48113,630282,,,,,,,,,,,
48115,33768576,,,,,,,,,,,
48117,10898149.2,,,,,,,,,,,
48119,1688891,,,,,,,,,,,
48121,735847,,,,,,,,,,,
48123,476587,,,,,,,,,,,
48125,3418622,,,,,,,,,,,
48127,1565048,,,,,,,,,,,
48129,2083998,,,,,,,,,,,
48131,989156,,,,,,,,,,,
48133,311470,,,,,,,,,,,
48135,145508,,,,,,,,,,,
48137,411130,,,,,,,,,,,
48139,4255333.9,,,,,,,,,,,
48141,7964234.2,,,,,,,,,,,
48143,288502,,,,,,,,,,,
48145,3030754.2,,,,,,,,,,,
48147,1810144,,,,,,,,,,,
48149,353789,,,,,,,,,,,
48151,13728601.84,,,,,,,,,,,
48153,42161764,,,,,,,,,,,
48155,2148353,,,,,,,,,,,
48157,2879757,,,,,,,,,,,
48159,35225,,,,,,,,,,,
48161,854388,,,,,,,,,,,
48163,1877856,,,,,,,,,,,
48165,60203941,,,,,,,,,,,
48167,210275,,,,,,,,,,,
48169,3598056.4,,,,,,,,,,,
48171,345962,,,,,,,,,,,
48173,6837811,,,,,,,,,,,
48175,306682,,,,,,,,,,,
48177,1004658,,,,,,,,,,,
48179,7723601,,,,,,,,,,,
48181,1431177,,,,,,,,,,,
48185,466671,,,,,,,,,,,
48187,331748,,,,,,,,,,,
48189,50912589.6,,,,,,,,,,,
48191,9717823,,,,,,,,,,,
48193,618303,,,,,,,,,,,
48195,17777112,,,,,,,,,,,
48197,3604477.3,,,,,,,,,,,
48199,5807,,,,,,,,,,,
48201,98785,,,,,,,,,,,
48203,13075,,,,,,,,,,,
48205,26363637,,,,,,,,,,,
48207,17367163,,,,,,,,,,,
48209,130004,,,,,,,,,,,
48211,1532849,,,,,,,,,,,
48213,970729,,,,,,,,,,,
48215,6061108.1,,,,,,,,,,,
48217,3257933,,,,,,,,,,,
48219,23258376.9,,,,,,,,,,,
48221,99413,,,,,,,,,,,
48223,313155,,,,,,,,,,,
48225,720216,,,,,,,,,,,
48227,14618040,,,,,,,,,,,
48229,7030738,,,,,,,,,,,
48231,633560,,,,,,,,,,,
48233,7914947,,,,,,,,,,,
48235,353847,,,,,,,,,,,
48237,292358,,,,,,,,,,,
48239,10462176,,,,,,,,,,,
48241,77258,,,,,,,,,,,
48243,546674,,,,,,,,,,,
48245,4391774,,,,,,,,,,,
48247,745462,,,,,,,,,,,
48249,954429,,,,,,,,,,,
48251,260576,,,,,,,,,,,
48253,12077422.75,,,,,,,,,,,
48255,422376,,,,,,,,,,,
48257,1866632,,,,,,,,,,,
48259,142552,,,,,,,,,,,
48261,712570,,,,,,,,,,,
48263,1074664,,,,,,,,,,,
48265,248977,,,,,,,,,,,
48267,96250,,,,,,,,,,,
48269,1314425,,,,,,,,,,,
48271,1799825,,,,,,,,,,,
48273,549528,,,,,,,,,,,
48275,2900556.9,,,,,,,,,,,
48277,1992942,,,,,,,,,,,
48279,33010591.8,,,,,,,,,,,
48281,218317,,,,,,,,,,,
48283,1260792,,,,,,,,,,,
48285,467405,,,,,,,,,,,
48287,257781,,,,,,,,,,,
48289,958818,,,,,,,,,,,
48291,4373850,,,,,,,,,,,
48293,1140413,,,,,,,,,,,
48295,3191179,,,,,,,,,,,
48297,1069195,,,,,,,,,,,
48299,261046,,,,,,,,,,,
48301,234629,,,,,,,,,,,
48303,28542426,,,,,,,,,,,
48305,24007226.4,,,,,,,,,,,
48307,1411051.2,,,,,,,,,,,
48309,1898874,,,,,,,,,,,
48311,472893,,,,,,,,,,,
48313,175869,,,,,,,,,,,
48317,6588027,,,,,,,,,,,
48319,181653,,,,,,,,,,,
48321,20024543,,,,,,,,,,,
48323,1807781,,,,,,,,,,,
48325,2409160,,,,,,,,,,,
48327,120251,,,,,,,,,,,
48329,1225549,,,,,,,,,,,
48331,2205676,,,,,,,,,,,
48333,195910,,,,,,,,,,,
48335,5748166.25,,,,,,,,,,,
48337,99497,,,,,,,,,,,
48339,82264,,,,,,,,,,,
48341,13826686,,,,,,,,,,,
48343,23059,,,,,,,,,,,
48345,3007446,,,,,,,,,,,
48347,55634,,,,,,,,,,,
48349,3571125,,,,,,,,,,,
48351,21647,,,,,,,,,,,
48353,4646918,,,,,,,,,,,
48355,233091,,,,,,,,,,,
48357,19727894,,,,,,,,,,,
48359,787525,,,,,,,,,,,
48361,1410,,,,,,,,,,,
48363,158828,,,,,,,,,,,
48365,8613,,,,,,,,,,,
48367,42010,,,,,,,,,,,
48369,27862518,,,,,,,,,,,
48371,4751366,,,,,,,,,,,
48373,111581,,,,,,,,,,,
48375,493022,,,,,,,,,,,
48377,884773,,,,,,,,,,,
48379,171823,,,,,,,,,,,
48381,3481279.5,,,,,,,,,,,
48383,4507719,,,,,,,,,,,
48385,30079,,,,,,,,,,,
48387,6301532,,,,,,,,,,,
48389,2237769,,,,,,,,,,,
48391,2191244,,,,,,,,,,,
48393,969638,,,,,,,,,,,
48395,1193535.9,,,,,,,,,,,
48397,86078,,,,,,,,,,,
48399,8405331,,,,,,,,,,,
48401,60831,,,,,,,,,,,
48407,136856,,,,,,,,,,,
48409,478573,,,,,,,,,,,
48411,595916,,,,,,,,,,,
48413,1036084,,,,,,,,,,,
48415,7485371,,,,,,,,,,,
48417,428341,,,,,,,,,,,
48419,40945,,,,,,,,,,,
48421,15059731,,,,,,,,,,,
48423,122043,,,,,,,,,,,
48427,2335553,,,,,,,,,,,
48429,176065,,,,,,,,,,,
48431,372604.48,,,,,,,,,,,
48433,1970810.41,,,,,,,,,,,
48435,663915,,,,,,,,,,,
48437,24445862.8,,,,,,,,,,,
48439,24467,,,,,,,,,,,
48441,2744520,,,,,,,,,,,
48443,1638931,,,,,,,,,,,
48445,39577205,,,,,,,,,,,
48447,2190847,,,,,,,,,,,
48449,74247,,,,,,,,,,,
48451,10160964,,,,,,,,,,,
48453,459740.5,,,,,,,,,,,
48455,57377,,,,,,,,,,,
48457,42425,,,,,,,,,,,
48459,8652,,,,,,,,,,,
48461,1763081,,,,,,,,,,,
48463,2353339,,,,,,,,,,,
48465,2662672,,,,,,,,,,,
48467,509615,,,,,,,,,,,
48469,1323434,,,,,,,,,,,
48471,178456,,,,,,,,,,,
48473,506829,,,,,,,,,,,
48475,562267,,,,,,,,,,,
48477,179326,,,,,,,,,,,
48479,6527704,,,,,,,,,,,
48481,13084839,,,,,,,,,,,
48483,1111458,,,,,,,,,,,
48485,3353478.09,,,,,,,,,,,
48487,4296293.16,,,,,,,,,,,
48489,2906323,,,,,,,,,,,
48491,2106285,,,,,,,,,,,
48493,612573,,,,,,,,,,,
48495,533965,,,,,,,,,,,
48497,299909,,,,,,,,,,,
48499,86453,,,,,,,,,,,
48501,30031372,,,,,,,,,,,
48503,730954.2,,,,,,,,,,,
48505,894530,,,,,,,,,,,
48507,1874814,,,,,,,,,,,
48999,70566,,,,,,,,,,,
49001,736905,,,,,,,,,,,
49003,2840333,,,,,,,,,,,
49005,369415,,,,,,,,,,,
49007,111027,,,,,,,,,,,
49009,71801,,,,,,,,,,,
49011,35465,,,,,,,,,,,
49013,230156,,,,,,,,,,,
49015,381098,,,,,,,,,,,
49017,138769,,,,,,,,,,,
49019,436568,,,,,,,,,,,
49021,418143,,,,,,,,,,,
49023,557192,,,,,,,,,,,
49025,253018,,,,,,,,,,,
49027,511537,,,,,,,,,,,
49029,92938,,,,,,,,,,,
49031,416840,,,,,,,,,,,
49033,28129,,,,,,,,,,,
49037,982922,,,,,,,,,,,
49039,520028,,,,,,,,,,,
49041,561238,,,,,,,,,,,
49043,303479,,,,,,,,,,,
49045,157421,,,,,,,,,,,
49047,532362,,,,,,,,,,,
49049,3542630,,,,,,,,,,,
49051,84208,,,,,,,,,,,
49053,385304,,,,,,,,,,,
49055,142469,,,,,,,,,,,
49057,56849,,,,,,,,,,,
50001,1402897,,,,,,,,,,,
50003,24671,,,,,,,,,,,
50007,142794,,,,,,,,,,,
50009,5797,,,,,,,,,,,
50011,1135501,,,,,,,,,,,
50013,94722,,,,,,,,,,,
50015,40692,,,,,,,,,,,
50017,8140,,,,,,,,,,,
50019,108816,,,,,,,,,,,
50021,200264,,,,,,,,,,,
50023,15975,,,,,,,,,,,
50025,4690,,,,,,,,,,,
50027,6314,,,,,,,,,,,
51001,1855714.6,,,,,,,,,,,
51003,1452122.6,,,,,,,,,,,
51005,21763,,,,,,,,,,,
51007,1176270,,,,,,,,,,,
51009,89633,,,,,,,,,,,
51011,7428,,,,,,,,,,,
51015,50093.5,,,,,,,,,,,
51019,199815,,,,,,,,,,,
51023,421459,,,,,,,,,,,
51025,822774,,,,,,,,,,,
51029,185736,,,,,,,,,,,
51031,414918,,,,,,,,,,,
51033,735189.6,,,,,,,,,,,
51035,1004433,,,,,,,,,,,
51036,361860,,,,,,,,,,,
51037,845390,,,,,,,,,,,
51041,212986,,,,,,,,,,,
51043,127386.7,,,,,,,,,,,
51045,51708,,,,,,,,,,,
51047,353102,,,,,,,,,,,
51049,207866,,,,,,,,,,,
51053,688839.9,,,,,,,,,,,
51057,244460,,,,,,,,,,,
51061,252426,,,,,,,,,,,
51063,28241,,,,,,,,,,,
51065,10896,,,,,,,,,,,
51067,1036759,,,,,,,,,,,
51069,2755589,,,,,,,,,,,
51071,8341,,,,,,,,,,,
51073,55094,,,,,,,,,,,
51075,157806.6,,,,,,,,,,,
51077,1826,,,,,,,,,,,
51079,9074,,,,,,,,,,,
51081,829693,,,,,,,,,,,
51083,1818405.8,,,,,,,,,,,
51085,554966.5,,,,,,,,,,,
51087,514317.8,,,,,,,,,,,
51089,262593,,,,,,,,,,,
51093,424086,,,,,,,,,,,
51095,19568,,,,,,,,,,,
51097,271486.4,,,,,,,,,,,
51099,67952,,,,,,,,,,,
51101,304292.75,,,,,,,,,,,
51103,118085,,,,,,,,,,,
51105,303356,,,,,,,,,,,
51107,131379.38,,,,,,,,,,,
51109,194916,,,,,,,,,,,
51111,602226,,,,,,,,,,,
51113,14626,,,,,,,,,,,
51115,15288,,,,,,,,,,,
51117,2934682.4,,,,,,,,,,,
51119,48978,,,,,,,,,,,
51121,22277,,,,,,,,,,,
51125,605618,,,,,,,,,,,
51127,77421,,,,,,,,,,,
51131,2459828.2,,,,,,,,,,,
51133,75094,,,,,,,,,,,
51135,98946,,,,,,,,,,,
51137,86481,,,,,,,,,,,
51139,114315,,,,,,,,,,,
51141,739565.6,,,,,,,,,,,
51143,5457465,,,,,,,,,,,
51145,266681.7,,,,,,,,,,,
51147,208791.2,,,,,,,,,,,
51149,293481.4,,,,,,,,,,,
51153,10413,,,,,,,,,,,
51157,13253,,,,,,,,,,,
51159,157526,,,,,,,,,,,
51163,37494,,,,,,,,,,,
51165,610696,,,,,,,,,,,
51167,3671,,,,,,,,,,,
51169,34893,,,,,,,,,,,
51171,347583,,,,,,,,,,,
51173,34397,,,,,,,,,,,
51175,647225.7,,,,,,,,,,,
51177,61677.3,,,,,,,,,,,
51179,30282,,,,,,,,,,,
51181,253897,,,,,,,,,,,
51183,1097870,,,,,,,,,,,
51187,3047,,,,,,,,,,,
51191,65400,,,,,,,,,,,
51193,218006,,,,,,,,,,,
51197,47890,,,,,,,,,,,
51550,270984,,,,,,,,,,,
51800,188486.5,,,,,,,,,,,
51810,15965,,,,,,,,,,,
51999,59208,,,,,,,,,,,
53001,16834156.02,,,,,,,,,,,
53003,420972,,,,,,,,,,,
53005,10727218,,,,,,,,,,,
53007,17424702.1,,,,,,,,,,,
53013,2671019.45,,,,,,,,,,,
53017,11110815.9,,,,,,,,,,,
53021,8873997,,,,,,,,,,,
53023,2500012,,,,,,,,,,,
53025,42540742.59,,,,,,,,,,,
53027,7194,,,,,,,,,,,
53029,15074,,,,,,,,,,,
53033,26359,,,,,,,,,,,
53037,1101447,,,,,,,,,,,
53039,7599523.5,,,,,,,,,,,
53043,5156392.94,,,,,,,,,,,
53047,21175079.83,,,,,,,,,,,
53049,3627,,,,,,,,,,,
53057,393200.9,,,,,,,,,,,
53061,9822,,,,,,,,,,,
53063,4560850.44,,,,,,,,,,,
53065,91967,,,,,,,,,,,
53071,12667525,,,,,,,,,,,
53073,494944,,,,,,,,,,,
53075,13220307.04,,,,,,,,,,,
53077,33999449.9,,,,,,,,,,,
53999,58250,,,,,,,,,,,
54003,9711,,,,,,,,,,,
54025,33132,,,,,,,,,,,
54027,276386,,,,,,,,,,,
54031,6032,,,,,,,,,,,
54035,39205,,,,,,,,,,,
54037,38263,,,,,,,,,,,
54053,89703,,,,,,,,,,,
54057,79178,,,,,,,,,,,
54063,16323,,,,,,,,,,,
54071,7943,,,,,,,,,,,
54077,180725,,,,,,,,,,,
54083,164,,,,,,,,,,,
54999,8706,,,,,,,,,,,
55001,7492459,,,,,,,,,,,
55003,92485,,,,,,,,,,,
55005,4788630.9,,,,,,,,,,,
55007,231340,,,,,,,,,,,
55009,7732275.3,,,,,,,,,,,
55011,1689539,,,,,,,,,,,
55013,901924.55,,,,,,,,,,,
55015,3448811.4,,,,,,,,,,,
55017,5685133.9,,,,,,,,,,,
55019,7782148.6,,,,,,,,,,,
55021,3876507.1,,,,,,,,,,,
55023,1072499,,,,,,,,,,,
55025,8629361.2,,,,,,,,,,,
55027,7894017.6,,,,,,,,,,,
55029,3994698.7,,,,,,,,,,,
55031,343072,,,,,,,,,,,
55033,2797203.6,,,,,,,,,,,
55035,1691677,,,,,,,,,,,
55037,5531,,,,,,,,,,,
55039,6576833.3,,,,,,,,,,,
55041,53526,,,,,,,,,,,
55043,2353524.5,,,,,,,,,,,
55045,3492852,,,,,,,,,,,
55047,1505853,,,,,,,,,,,
55049,2008451,,,,,,,,,,,
55051,123228,,,,,,,,,,,
55053,1695377,,,,,,,,,,,
55055,4136999,,,,,,,,,,,
55057,3082887,,,,,,,,,,,
55059,4603484,,,,,,,,,,,
55061,3214824.05,,,,,,,,,,,
55063,661277,,,,,,,,,,,
55065,2894417,,,,,,,,,,,
55067,1454995.75,,,,,,,,,,,
55069,515806,,,,,,,,,,,
55071,4122071.79,,,,,,,,,,,
55073,8037821.1,,,,,,,,,,,
55075,2130024.15,,,,,,,,,,,
55077,2357066.5,,,,,,,,,,,
55079,392420,,,,,,,,,,,
55081,2750000,,,,,,,,,,,
55083,7035687.55,,,,,,,,,,,
55085,1271185,,,,,,,,,,,
55087,12370744.36,,,,,,,,,,,
55089,1301272,,,,,,,,,,,
55091,546520,,,,,,,,,,,
55093,2707580.5,,,,,,,,,,,
55095,3915353.9,,,,,,,,,,,
55097,6476307,,,,,,,,,,,
55099,473241.4,,,,,,,,,,,
55101,6375935,,,,,,,,,,,
55103,1930446,,,,,,,,,,,
55105,4704062,,,,,,,,,,,
55107,2909653,,,,,,,,,,,
55109,2981357.5,,,,,,,,,,,
55111,2974356,,,,,,,,,,,
55113,423819,,,,,,,,,,,
55115,6412154.66,,,,,,,,,,,
55117,4031052,,,,,,,,,,,
55119,5479293,,,,,,,,,,,
55121,2357442,,,,,,,,,,,
55123,2690487.75,,,,,,,,,,,
55125,426885,,,,,,,,,,,
55127,7978578,,,,,,,,,,,
55129,542787,,,,,,,,,,,
55131,1372497,,,,,,,,,,,
55133,1769315,,,,,,,,,,,
55135,3684772,,,,,,,,,,,
55137,5105040.4,,,,,,,,,,,
55139,4952146.4,,,,,,,,,,,
55141,5684079.3,,,,,,,,,,,
55999,4293,,,,,,,,,,,
56001,47676,,,,,,,,,,,
56003,4626896,,,,,,,,,,,
56005,35830,,,,,,,,,,,
56007,713999,,,,,,,,,,,
56009,304857,,,,,,,,,,,
56011,56806,,,,,,,,,,,
56013,243583,,,,,,,,,,,
56015,2078487,,,,,,,,,,,
56017,11169,,,,,,,,,,,
56019,49552,,,,,,,,,,,
56021,1893638,,,,,,,,,,,
56023,1353236,,,,,,,,,,,
56025,194818,,,,,,,,,,,
56027,214780,,,,,,,,,,,
56029,3432607,,,,,,,,,,,
56031,406153,,,,,,,,,,,
56033,15613,,,,,,,,,,,
56037,2345542,,,,,,,,,,,
56041,976652,,,,,,,,,,,
56043,24505,,,,,,,,,,,
56045,9718,,,,,,,,,,,
56999,8549,,,,,,,,,,,
