Month,FIPS,se_count,Sum of MAGNITUDE,Average of MAGNITUDE,Max of MAGNITUDE,adj_mag_mean,Sum of Indemnity Amount
1,20005,1,0,0,0,#N/A,1803
1,20007,2,0,0,0,#N/A,4846.5
1,20011,1,52,52,52,52,39534
1,20013,1,0,0,0,#N/A,2622
1,20015,1,0,0,0,#N/A,605
1,20019,3,0,0,0,#N/A,2579
1,20021,,,,,#N/A,86183
1,20027,2,0,0,0,#N/A,4179
1,20035,,,,,#N/A,10113
1,20037,,,,,#N/A,19591
1,20041,1,0,0,0,#N/A,2478
1,20045,1,0,0,0,#N/A,5126
1,20049,1,0,0,0,#N/A,1292
1,20051,1,0,0,0,#N/A,107.75
1,20053,,,,,#N/A,2929
1,20057,2,0,0,0,#N/A,19462
1,20063,1,0,0,0,#N/A,10850
1,20077,1,0,0,0,#N/A,620
1,20079,,,,,#N/A,12232
1,20081,,,,,#N/A,30564.6
1,20083,,,,,#N/A,462
1,20089,,,,,#N/A,6876.5
1,20095,,,,,#N/A,49570
1,20099,,,,,#N/A,2600
1,20101,,,,,#N/A,335.1
1,20105,1,0,0,0,#N/A,12116.75
1,20113,,,,,#N/A,35992
1,20115,,,,,#N/A,30489.61
1,20117,,,,,#N/A,73326.3
1,20121,,,,,#N/A,2233
1,20123,,,,,#N/A,3056
1,20125,,,,,#N/A,41846
1,20127,,,,,#N/A,17863.96
1,20131,,,,,#N/A,193.5
1,20133,,,,,#N/A,17597
1,20135,,,,,#N/A,67666.18
1,20139,,,,,#N/A,53244.5
1,20141,,,,,#N/A,70972.84
1,20151,,,,,#N/A,31256
1,20153,,,,,#N/A,8966
1,20155,,,,,#N/A,133218.88
1,20157,,,,,#N/A,13733
1,20159,,,,,#N/A,160592.5
1,20161,,,,,#N/A,16748
1,20163,,,,,#N/A,1329
1,20165,,,,,#N/A,13715.5
1,20169,,,,,#N/A,14793.8
1,20173,,,,,#N/A,20222.2
1,20189,,,,,#N/A,7942.4
1,20191,,,,,#N/A,268203
1,20193,,,,,#N/A,4502
1,20201,,,,,#N/A,41838
1,20205,,,,,#N/A,85621
1,31001,,,,,#N/A,240
1,31003,3,0,0,0,#N/A,7452
1,31007,2,53,53,53,53,45477
1,31013,1,0,0,0,#N/A,1349
1,31019,2,105,52.5,53,52.5,3358
1,31033,2,50,50,50,50,72625.16
1,31045,2,50,50,50,50,13746
1,31049,,,,,#N/A,30434.4
1,31061,1,0,0,0,#N/A,416
1,31065,1,50,50,50,50,14924
1,31069,,,,,#N/A,11739
1,31085,1,0,0,0,#N/A,21074
1,31099,,,,,#N/A,11114
1,31105,,,,,#N/A,437
1,31107,,,,,#N/A,30198
1,31111,,,,,#N/A,4939
1,31123,,,,,#N/A,40379
1,31129,,,,,#N/A,4373.5
1,31135,,,,,#N/A,418
1,31139,,,,,#N/A,1238
1,31149,,,,,#N/A,125
1,31157,,,,,#N/A,4986
1,31165,,,,,#N/A,1063.6
1,31181,,,,,#N/A,21321.15
1,38003,2,52,52,52,52,1880005
1,38005,1,0,0,0,#N/A,168631
1,38007,5,0,0,0,#N/A,5582.4
1,38009,2,56,56,56,56,469952.85
1,38017,2,50,50,50,50,1267930.4
1,38019,2,37,37,37,37,199977.6
1,38021,2,52,52,52,52,795009.5
1,38023,1,0,0,0,#N/A,51009.49
1,38027,5,0,0,0,#N/A,9731.75
1,38029,5,0,0,0,#N/A,5691
1,38031,1,53,53,53,53,81450.05
1,38035,2,57,57,57,57,161392.95
1,38039,5,0,0,0,#N/A,99904.4
1,38041,3,105,52.5,53,52.5,111145.2
1,38043,1,54,54,54,54,28434
1,38045,2,53,53,53,53,457425.75
1,38047,1,0,0,0,#N/A,105368.4
1,38057,,,,,#N/A,31121.2
1,38059,,,,,#N/A,166366.5
1,38061,,,,,#N/A,6985.6
1,38063,,,,,#N/A,149821.45
1,38065,,,,,#N/A,62120
1,38067,,,,,#N/A,45683
1,38071,,,,,#N/A,188607
1,38073,,,,,#N/A,15432.5
1,38075,,,,,#N/A,33304.83
1,38077,,,,,#N/A,174870.9
1,38081,,,,,#N/A,27149.2
1,38083,,,,,#N/A,12634
1,38085,,,,,#N/A,3492
1,38087,,,,,#N/A,190611.6
1,38089,,,,,#N/A,43413.2
1,38091,,,,,#N/A,785725.25
1,38093,,,,,#N/A,253787.33
1,38095,,,,,#N/A,2843.4
1,38097,,,,,#N/A,394789.1
1,38101,,,,,#N/A,30764.7
1,38103,,,,,#N/A,71404.04
1,46003,2,53,53,53,53,176647.7
1,46005,2,0,0,0,#N/A,11174.8
1,46007,2,0,0,0,#N/A,1210
1,46009,3,55,55,55,55,70122.1
1,46013,1,56,56,56,56,23718
1,46015,1,53,53,53,53,4653
1,46021,3,0,0,0,#N/A,3498
1,46023,3,0,0,0,#N/A,197741.89
1,46031,1,60,60,60,60,83771
1,46035,1,62,62,62,62,197531
1,46037,3,56,56,56,56,16870.5
1,46039,1,0,0,0,#N/A,18324
1,46043,1,58,58,58,58,272273
1,46047,1,52,52,52,52,7385
1,46051,1,56,56,56,56,26105
1,46053,1,0,0,0,#N/A,122610
1,46055,1,0,0,0,#N/A,19080.6
1,46061,1,0,0,0,#N/A,130645
1,46065,1,0,0,0,#N/A,36850
1,46067,1,0,0,0,#N/A,698471
1,46071,1,0,0,0,#N/A,67866.51
1,46077,,,,,#N/A,1401.6
1,46089,,,,,#N/A,18767.6
1,46091,,,,,#N/A,4615
1,46097,,,,,#N/A,161516
1,46111,,,,,#N/A,644768
1,46115,,,,,#N/A,1401
1,46119,,,,,#N/A,3019
1,46123,,,,,#N/A,11057.12
1,46129,,,,,#N/A,16993.25
1,46135,,,,,#N/A,143524
2,20007,2,0,0,0,#N/A,5903
2,20009,1,0,0,0,#N/A,4770
2,20013,2,0,0,0,#N/A,2738
2,20019,2,0,0,0,#N/A,24722
2,20021,3,1,1,1,1,20748
2,20023,1,0,0,0,#N/A,18032
2,20027,2,0,0,0,#N/A,3868
2,20033,2,0,0,0,#N/A,3351
2,20035,1,0,0,0,#N/A,4542
2,20039,,,,,#N/A,8089
2,20041,2,0,0,0,#N/A,4156
2,20047,3,0,0,0,#N/A,6023
2,20053,,,,,#N/A,2621
2,20057,2,0,0,0,#N/A,9323.5
2,20059,1,0,0,0,#N/A,301.62
2,20063,,,,,#N/A,972.8
2,20067,1,0,0,0,#N/A,8178
2,20069,1,0,0,0,#N/A,102485.78
2,20079,,,,,#N/A,67056
2,20081,,,,,#N/A,1356
2,20083,2,0,0,0,#N/A,1380
2,20089,,,,,#N/A,30889
2,20095,1,0,0,0,#N/A,34735
2,20099,1,0,0,0,#N/A,86277
2,20105,1,0,0,0,#N/A,40640
2,20113,,,,,#N/A,30386
2,20115,,,,,#N/A,23753.5
2,20123,,,,,#N/A,37475
2,20125,,,,,#N/A,113961
2,20135,,,,,#N/A,20213.99
2,20143,,,,,#N/A,81141.2
2,20155,,,,,#N/A,44086.58
2,20157,,,,,#N/A,7559
2,20159,,,,,#N/A,17920
2,20167,,,,,#N/A,4832
2,20169,,,,,#N/A,49865
2,20171,,,,,#N/A,2154
2,20173,,,,,#N/A,718
2,20185,,,,,#N/A,5948
2,20195,,,,,#N/A,31600
2,20201,,,,,#N/A,99
2,20203,,,,,#N/A,195
2,20205,,,,,#N/A,6472
2,20207,,,,,#N/A,18924
2,31007,,,,,#N/A,5328.6
2,31013,1,0,0,0,#N/A,100562.86
2,31031,1,0,0,0,#N/A,212.85
2,31033,2,0,0,0,#N/A,19292.56
2,31035,,,,,#N/A,6989
2,31041,2,0,0,0,#N/A,6632
2,31045,3,0,0,0,#N/A,1596.6
2,31049,3,0,0,0,#N/A,17830.38
2,31057,,,,,#N/A,7141
2,31065,2,0,0,0,#N/A,3229
2,31069,,,,,#N/A,5228
2,31073,3,0,0,0,#N/A,9446
2,31085,3,0,0,0,#N/A,6629
2,31087,3,0,0,0,#N/A,443
2,31105,,,,,#N/A,1853
2,31111,,,,,#N/A,18454.59
2,31123,,,,,#N/A,6702
2,31125,,,,,#N/A,1835
2,31135,,,,,#N/A,39107
2,31145,,,,,#N/A,13587
2,31161,,,,,#N/A,49933
2,31181,,,,,#N/A,9828
2,38003,1,0,0,0,#N/A,3430619.1
2,38005,1,0,0,0,#N/A,385534
2,38009,1,0,0,0,#N/A,8650.2
2,38013,1,0,0,0,#N/A,2238
2,38015,4,0,0,0,#N/A,60437
2,38017,1,0,0,0,#N/A,977442.7
2,38019,1,0,0,0,#N/A,12940.35
2,38021,1,0,0,0,#N/A,959841
2,38027,6,0,0,0,#N/A,96918
2,38031,2,0,0,0,#N/A,294776.2
2,38035,1,0,0,0,#N/A,22466.9
2,38039,5,0,0,0,#N/A,236626.7
2,38043,1,0,0,0,#N/A,18915
2,38045,,,,,#N/A,1510656.6
2,38047,,,,,#N/A,112691
2,38049,5,0,0,0,#N/A,16954.2
2,38055,,,,,#N/A,23068.83
2,38061,,,,,#N/A,4243.16
2,38063,,,,,#N/A,74491.45
2,38069,,,,,#N/A,91769.3
2,38071,,,,,#N/A,943563.8
2,38073,,,,,#N/A,465028
2,38075,,,,,#N/A,32194
2,38077,,,,,#N/A,383153.8
2,38079,,,,,#N/A,183144.2
2,38081,,,,,#N/A,967308.1
2,38091,,,,,#N/A,114421
2,38093,,,,,#N/A,1984758.7
2,38095,,,,,#N/A,102941.4
2,38097,,,,,#N/A,134187.6
2,38099,,,,,#N/A,10246
2,38101,,,,,#N/A,33946
2,38103,,,,,#N/A,41456
2,46003,2,0,0,0,#N/A,19982
2,46005,2,0,0,0,#N/A,431371
2,46009,3,0,0,0,#N/A,364.5
2,46013,3,0,0,0,#N/A,1164197.5
2,46015,3,0,0,0,#N/A,14660.68
2,46023,4,0,0,0,#N/A,2975
2,46035,2,0,0,0,#N/A,105992
2,46043,3,0,0,0,#N/A,1845
2,46053,,,,,#N/A,81788.57
2,46055,,,,,#N/A,56320
2,46059,,,,,#N/A,354855
2,46061,,,,,#N/A,25638
2,46067,1,0,0,0,#N/A,16992
2,46069,1,0,0,0,#N/A,210262
2,46071,1,0,0,0,#N/A,4439
2,46075,,,,,#N/A,12825
2,46089,,,,,#N/A,243802.4
2,46091,,,,,#N/A,153133
2,46093,,,,,#N/A,47204.23
2,46103,,,,,#N/A,11642
2,46105,,,,,#N/A,31275
2,46107,,,,,#N/A,13599
2,46111,,,,,#N/A,5480
2,46115,,,,,#N/A,16524
2,46119,,,,,#N/A,268811
2,46123,,,,,#N/A,71155.35
2,46125,,,,,#N/A,82343
3,20003,2,50,50,50,50,26321
3,20005,5,52,52,52,52,79587
3,20009,,,,,#N/A,55563
3,20011,,,,,#N/A,79058
3,20013,4,116,58,64,58,1335
3,20015,2,52,52,52,52,55176
3,20017,7,300,50,50,50,17452
3,20019,1,0,0,0,#N/A,1379
3,20021,,,,,#N/A,126
3,20027,4,74,74,74,74,28835
3,20029,3,54,54,54,54,14691
3,20035,2,2.75,1.375,1.75,1.375,28633
3,20037,1,0.88,0.88,0.88,0.88,29747
3,20041,1,63,63,63,63,5831.37
3,20043,1,0,0,0,#N/A,303376
3,20045,1,0,0,0,#N/A,19585
3,20047,1,0,0,0,#N/A,6141
3,20049,,,,,#N/A,5674
3,20051,,,,,#N/A,3031
3,20053,,,,,#N/A,138320.4
3,20057,,,,,#N/A,126
3,20059,,,,,#N/A,5246.5
3,20065,1,0,0,0,#N/A,152420
3,20069,,,,,#N/A,450.25
3,20073,,,,,#N/A,10682
3,20079,,,,,#N/A,14173
3,20083,,,,,#N/A,15145
3,20085,,,,,#N/A,3253.03
3,20087,1,0,0,0,#N/A,147129.5
3,20089,,,,,#N/A,23356.4
3,20091,,,,,#N/A,6560
3,20095,,,,,#N/A,3088
3,20099,,,,,#N/A,143861
3,20103,,,,,#N/A,191106
3,20107,,,,,#N/A,6753
3,20111,1,0.88,0.88,0.88,0.88,2784
3,20113,,,,,#N/A,197950.42
3,20115,3,3.25,1.083333333,1.25,1.083333333,106045.5
3,20117,,,,,#N/A,116775.2
3,20121,,,,,#N/A,111530
3,20123,,,,,#N/A,9776
3,20125,,,,,#N/A,6447
3,20127,,,,,#N/A,15536.36
3,20131,,,,,#N/A,4800
3,20135,,,,,#N/A,33255
3,20137,,,,,#N/A,2188
3,20139,,,,,#N/A,5603.5
3,20141,,,,,#N/A,13476.3
3,20143,1,1,1,1,1,14411
3,20145,,,,,#N/A,35022
3,20149,1,0.88,0.88,0.88,0.88,5458
3,20151,,,,,#N/A,46652
3,20153,,,,,#N/A,19554.4
3,20155,,,,,#N/A,70272.1
3,20157,,,,,#N/A,120103
3,20159,,,,,#N/A,173879
3,20161,,,,,#N/A,67897.5
3,20163,,,,,#N/A,28138
3,20167,,,,,#N/A,7977
3,20169,,,,,#N/A,17956.5
3,20171,,,,,#N/A,20411
3,20173,,,,,#N/A,25048.2
3,20177,1,0.88,0.88,0.88,0.88,26053
3,20179,,,,,#N/A,3443.5
3,20181,,,,,#N/A,12279.8
3,20185,,,,,#N/A,105052
3,20191,,,,,#N/A,68612.4
3,20193,4,0,0,0,#N/A,25878
3,20195,,,,,#N/A,5291
3,20201,2,2,1,1,1,30368
3,20203,,,,,#N/A,2818
3,20205,,,,,#N/A,4849.4
3,20207,,,,,#N/A,38465
3,20209,,,,,#N/A,443941.6
3,31001,,,,,#N/A,28214
3,31003,7,0,0,0,#N/A,903133
3,31007,1,0,0,0,#N/A,6776
3,31013,,,,,#N/A,4107.7
3,31015,5,0,0,0,#N/A,151988.5
3,31017,2,0,0,0,#N/A,8193
3,31019,7,0,0,0,#N/A,195653.5
3,31021,5,0,0,0,#N/A,2329547.08
3,31023,3,0,0,0,#N/A,268298.9
3,31025,8,55,55,55,55,430143
3,31027,3,0,0,0,#N/A,49491
3,31029,1,0,0,0,#N/A,7029
3,31033,1,50,50,50,50,69847.18
3,31035,2,0,0,0,#N/A,57248.75
3,31037,9,62,62,62,62,78299.13
3,31039,10,214,53.5,59,53.5,223636.13
3,31041,16,103,51.5,52,51.5,21658
3,31043,5,50,50,50,50,16754.5
3,31045,,,,,#N/A,44959.64
3,31047,2,0,0,0,#N/A,93125.5
3,31049,1,0,0,0,#N/A,14759
3,31051,5,50,50,50,50,39014
3,31053,16,0,0,0,#N/A,496315.44
3,31055,12,0,0,0,#N/A,216638.9
3,31059,2,62,62,62,62,38140
3,31061,5,102.88,34.29333333,52,34.29333333,243910
3,31063,2,0,0,0,#N/A,73806.48
3,31065,1,50,50,50,50,103579.17
3,31067,6,52.63,17.54333333,50,17.54333333,343
3,31069,1,59,59,59,59,22391.78
3,31073,6,204,51,53,51,32241
3,31077,1,0,0,0,#N/A,14550
3,31079,4,52,52,52,52,723219.7
3,31081,2,64,64,64,64,7981
3,31083,3,2.5,2.5,2.5,2.5,140799
3,31085,2,0,0,0,#N/A,5307
3,31087,1,0,0,0,#N/A,900
3,31089,3,0,0,0,#N/A,122031
3,31093,3,0,0,0,#N/A,245620
3,31099,,,,,#N/A,110954
3,31101,,,,,#N/A,9520.57
3,31103,2,0,0,0,#N/A,165064
3,31105,,,,,#N/A,29902.33
3,31107,4,0,0,0,#N/A,398489
3,31109,,,,,#N/A,4867
3,31119,3,0,0,0,#N/A,523651
3,31121,2,0,0,0,#N/A,735452
3,31123,,,,,#N/A,17258.12
3,31125,2,0,0,0,#N/A,328220.25
3,31127,1,0,0,0,#N/A,866654.7
3,31129,3,4.25,1.416666667,1.75,1.416666667,10338
3,31131,1,0,0,0,#N/A,363675
3,31135,,,,,#N/A,25979.25
3,31139,4,0,0,0,#N/A,567633
3,31141,5,0,0,0,#N/A,552796
3,31143,,,,,#N/A,354767
3,31145,,,,,#N/A,2629
3,31147,1,0,0,0,#N/A,274617.22
3,31149,3,0,0,0,#N/A,1978
3,31151,1,0,0,0,#N/A,4507
3,31153,7,0,0,0,#N/A,243529.5
3,31155,8,0,0,0,#N/A,113694.76
3,31159,1,0,0,0,#N/A,23037
3,31161,,,,,#N/A,38461.25
3,31163,2,0,0,0,#N/A,273724
3,31167,1,0,0,0,#N/A,71121.82
3,31173,2,0,0,0,#N/A,12636
3,31175,2,0,0,0,#N/A,20560
3,31177,3,0,0,0,#N/A,485484.39
3,31179,2,0,0,0,#N/A,79190.5
3,31181,3,3.63,1.21,1.75,1.21,66735
3,31185,,,,,#N/A,10246
3,31999,,,,,#N/A,72298
3,38001,,,,,#N/A,38647.45
3,38003,,,,,#N/A,2975062.1
3,38005,,,,,#N/A,5785
3,38009,,,,,#N/A,6985
3,38011,,,,,#N/A,40688.7
3,38015,2,0,0,0,#N/A,10061.05
3,38017,,,,,#N/A,1300752.3
3,38021,,,,,#N/A,1529717.5
3,38027,3,0,0,0,#N/A,40652
3,38029,3,0,0,0,#N/A,76827
3,38031,,,,,#N/A,27892
3,38035,2,0,0,0,#N/A,107262
3,38037,3,0,0,0,#N/A,10248
3,38039,3,0,0,0,#N/A,81615
3,38041,1,0,0,0,#N/A,15387.25
3,38043,1,0,0,0,#N/A,39972.4
3,38045,2,0,0,0,#N/A,2903461.6
3,38047,2,0,0,0,#N/A,253534.6
3,38049,3,0,0,0,#N/A,11069.28
3,38051,2,0,0,0,#N/A,142809
3,38055,,,,,#N/A,3544
3,38061,,,,,#N/A,3155.5
3,38063,,,,,#N/A,34185
3,38069,,,,,#N/A,3657
3,38071,,,,,#N/A,21627
3,38073,,,,,#N/A,812495.5
3,38077,,,,,#N/A,512341.4
3,38079,,,,,#N/A,34434
3,38081,,,,,#N/A,530925.6
3,38083,,,,,#N/A,6880
3,38087,,,,,#N/A,3286.8
3,38089,,,,,#N/A,5330
3,38091,,,,,#N/A,144636.8
3,38093,,,,,#N/A,1262671.5
3,38095,,,,,#N/A,39831
3,38097,,,,,#N/A,249990
3,38101,,,,,#N/A,2288
3,38103,,,,,#N/A,5990
3,46003,5,0,0,0,#N/A,267048.29
3,46005,5,0,0,0,#N/A,59385
3,46007,4,0,0,0,#N/A,186552
3,46009,10,0,0,0,#N/A,631559
3,46011,8,0,0,0,#N/A,166598
3,46013,4,0,0,0,#N/A,436206.5
3,46015,5,0,0,0,#N/A,220691.27
3,46017,4,0,0,0,#N/A,74015.88
3,46019,3,0,0,0,#N/A,39278
3,46021,4,0,0,0,#N/A,419190
3,46023,5,0,0,0,#N/A,974234.75
3,46025,2,0,0,0,#N/A,658051
3,46027,7,0,0,0,#N/A,88248
3,46029,4,0,0,0,#N/A,219865
3,46031,6,0,0,0,#N/A,24970
3,46033,2,0,0,0,#N/A,27345
3,46035,5,0,0,0,#N/A,954959
3,46037,4,0,0,0,#N/A,3791
3,46039,4,0,0,0,#N/A,455529.38
3,46043,4,0,0,0,#N/A,1290435.08
3,46045,3,0,0,0,#N/A,1672870
3,46047,3,0,0,0,#N/A,18093
3,46049,3,0,0,0,#N/A,392685
3,46051,4,0,0,0,#N/A,169387.27
3,46053,5,0,0,0,#N/A,4442
3,46055,4,0,0,0,#N/A,232576
3,46057,6,0,0,0,#N/A,250261
3,46059,4,0,0,0,#N/A,338692.11
3,46061,5,0,0,0,#N/A,2600970
3,46063,4,0,0,0,#N/A,2185.2
3,46065,2,0,0,0,#N/A,573471
3,46067,4,0,0,0,#N/A,796780.62
3,46069,1,0,0,0,#N/A,871429
3,46071,1,0,0,0,#N/A,79225
3,46075,3,0,0,0,#N/A,652147.42
3,46077,1,0,0,0,#N/A,38924
3,46079,2,0,0,0,#N/A,1105198
3,46083,7,0,0,0,#N/A,306496
3,46085,2,0,0,0,#N/A,46194
3,46087,2,0,0,0,#N/A,5252387
3,46089,1,0,0,0,#N/A,213450
3,46091,1,0,0,0,#N/A,133561
3,46093,1,0,0,0,#N/A,397720
3,46095,1,0,0,0,#N/A,19968
3,46097,1,0,0,0,#N/A,1273913.7
3,46099,15,0,0,0,#N/A,1872028
3,46101,8,0,0,0,#N/A,663364.8
3,46103,2,0,0,0,#N/A,313995
3,46107,1,0,0,0,#N/A,540455
3,46109,2,0,0,0,#N/A,113696.9
3,46111,3,0,0,0,#N/A,727666
3,46115,3,0,0,0,#N/A,2028143
3,46117,2,0,0,0,#N/A,938509.5
3,46119,1,0,0,0,#N/A,1454875
3,46121,2,0,0,0,#N/A,21382
3,46123,2,0,0,0,#N/A,1162.2
3,46125,5,0,0,0,#N/A,352220.8
3,46129,1,0,0,0,#N/A,299505
3,46135,4,0,0,0,#N/A,288266.3
3,46137,1,0,0,0,#N/A,281991
4,20001,1,0,0,0,#N/A,269789.29
4,20003,6,165,33,61,33,122118
4,20005,2,0,0,0,#N/A,124722
4,20007,,,,,#N/A,101766
4,20009,9,180.5,20.05555556,64,20.05555556,344629.3
4,20011,,,,,#N/A,61130.28
4,20013,1,0,0,0,#N/A,45969
4,20015,5,3.76,0.94,1,0.94,96704.39
4,20017,1,61,61,61,61,3361
4,20019,,,,,#N/A,12678.93
4,20021,7,323.75,46.25,63,46.25,165790.62
4,20023,2,55,27.5,53,27.5,15379
4,20027,,,,,#N/A,70735.4
4,20029,3,3.25,1.083333333,1.5,1.083333333,99223.2
4,20031,6,55.63,11.126,50,11.126,127351.3
4,20033,,,,,#N/A,37837
4,20035,2,2,1,1,1,191618.32
4,20037,8,312,52,52,52,324712.86
4,20039,,,,,#N/A,56552
4,20041,,,,,#N/A,43988
4,20043,1,0,0,0,#N/A,643050.5
4,20045,,,,,#N/A,48181
4,20047,,,,,#N/A,144511.9
4,20049,5,4.25,1.416666667,2,1.416666667,7043
4,20051,,,,,#N/A,72608.1
4,20053,,,,,#N/A,115033
4,20055,,,,,#N/A,36899
4,20057,,,,,#N/A,1920
4,20059,3,2,1,1,1,108281.6
4,20061,,,,,#N/A,32309
4,20063,4,106,26.5,52,26.5,34073.17
4,20065,2,113,56.5,61,56.5,474151.5
4,20067,,,,,#N/A,53804.6
4,20069,,,,,#N/A,3730.72
4,20071,,,,,#N/A,12769
4,20073,6,184.75,36.95,61,36.95,14606.33
4,20077,4,2.88,0.96,1,0.96,286786.1
4,20079,,,,,#N/A,256480.83
4,20081,,,,,#N/A,5048.31
4,20083,,,,,#N/A,2673.25
4,20085,,,,,#N/A,83599
4,20087,,,,,#N/A,74739.25
4,20089,,,,,#N/A,333119.5
4,20091,2,0,0,0,#N/A,188752
4,20093,,,,,#N/A,24839
4,20095,,,,,#N/A,166838.06
4,20097,,,,,#N/A,4622
4,20099,2,61,61,61,61,310295.67
4,20101,3,108,36,57,36,26421.5
4,20103,1,0,0,0,#N/A,77969
4,20105,,,,,#N/A,17762.6
4,20107,3,0,0,0,#N/A,108091.63
4,20109,,,,,#N/A,250217.04
4,20111,2,61,61,61,61,153918
4,20113,,,,,#N/A,208325.6
4,20115,,,,,#N/A,58804.87
4,20117,,,,,#N/A,407511
4,20119,,,,,#N/A,416
4,20121,2,0.75,0.75,0.75,0.75,245462
4,20123,1,1.75,1.75,1.75,1.75,75502.69
4,20125,3,159,53,56,53,27933.9
4,20127,,,,,#N/A,2430.1
4,20129,,,,,#N/A,226
4,20131,1,52,52,52,52,36154.5
4,20133,,,,,#N/A,144739.5
4,20135,3,67.75,22.58333333,65,22.58333333,43399
4,20137,,,,,#N/A,98856.5
4,20139,1,0,0,0,#N/A,20467
4,20141,1,53,53,53,53,30046.54
4,20143,,,,,#N/A,78572.59
4,20145,1,1.75,1.75,1.75,1.75,220668.9
4,20147,5,223,44.6,59,44.6,26985
4,20149,,,,,#N/A,19169
4,20151,,,,,#N/A,28409
4,20153,1,73,73,73,73,54666.5
4,20155,6,7.75,1.291666667,1.75,1.291666667,1110416.73
4,20157,,,,,#N/A,25757.5
4,20159,2,3,1.5,1.5,1.5,585986.9
4,20161,,,,,#N/A,31258
4,20163,1,65,65,65,65,32763
4,20165,4,4.75,1.1875,1.75,1.1875,102097.1
4,20167,,,,,#N/A,47196.5
4,20169,,,,,#N/A,138470
4,20171,1,1,1,1,1,53960.46
4,20173,4,4.63,1.1575,1.75,1.1575,133867.98
4,20175,,,,,#N/A,104132
4,20177,,,,,#N/A,66975
4,20179,1,0.88,0.88,0.88,0.88,261684.92
4,20181,2,54,27,53,27,33633
4,20183,2,106,53,55,53,11965.2
4,20185,,,,,#N/A,836780.75
4,20187,,,,,#N/A,4341
4,20189,,,,,#N/A,15721
4,20191,2,0.75,0.75,0.75,0.75,448985.65
4,20193,,,,,#N/A,304132.5
4,20195,2,112,56,56,56,58392.8
4,20197,,,,,#N/A,6117
4,20199,4,111.88,37.29333333,61,37.29333333,44516.9
4,20201,1,1.25,1.25,1.25,1.25,51944.5
4,20203,,,,,#N/A,33436
4,20205,,,,,#N/A,37622
4,20207,1,61,61,61,61,86417
4,20209,1,0,0,0,#N/A,49003.9
4,31001,2,1.63,0.815,0.88,0.815,29299
4,31003,1,0,0,0,#N/A,369930.9
4,31007,1,0,0,0,#N/A,5541
4,31009,1,0,0,0,#N/A,54702
4,31011,1,0,0,0,#N/A,5434
4,31013,,,,,#N/A,27687.3
4,31015,,,,,#N/A,102171.5
4,31017,,,,,#N/A,120996
4,31019,9,7.88,1.125714286,1.75,1.125714286,60628.25
4,31021,1,0,0,0,#N/A,215454.08
4,31023,1,0,0,0,#N/A,160302.4
4,31025,1,0,0,0,#N/A,194179.25
4,31027,1,0,0,0,#N/A,205004
4,31029,3,123,41,61,41,160014
4,31031,,,,,#N/A,228318
4,31033,,,,,#N/A,201910.75
4,31035,2,0.88,0.88,0.88,0.88,10631.05
4,31037,1,0,0,0,#N/A,107949.08
4,31039,1,0,0,0,#N/A,93450.48
4,31041,,,,,#N/A,266150.5
4,31043,,,,,#N/A,8377.25
4,31045,,,,,#N/A,402093
4,31047,3,2.76,0.92,1,0.92,133859.57
4,31049,,,,,#N/A,3411
4,31051,,,,,#N/A,41480
4,31053,,,,,#N/A,342324.4
4,31055,1,0,0,0,#N/A,140647.8
4,31057,1,0,0,0,#N/A,16987
4,31059,2,50,50,50,50,29627
4,31061,3,2.88,0.96,1,0.96,141586
4,31063,,,,,#N/A,98789
4,31065,,,,,#N/A,61216
4,31067,4,4.51,1.1275,1.5,1.1275,221788
4,31069,1,0,0,0,#N/A,3781.78
4,31071,,,,,#N/A,9190
4,31073,,,,,#N/A,35872
4,31079,2,1.88,0.94,1,0.94,200399.85
4,31081,1,0,0,0,#N/A,22027
4,31083,1,1,1,1,1,148198
4,31085,,,,,#N/A,92169
4,31087,,,,,#N/A,25444
4,31089,,,,,#N/A,653463
4,31093,3,3.38,1.126666667,1.5,1.126666667,47592
4,31095,1,0,0,0,#N/A,4560
4,31097,,,,,#N/A,353237
4,31099,3,2.88,0.96,1,0.96,1684
4,31101,,,,,#N/A,32717.57
4,31103,,,,,#N/A,126132
4,31105,,,,,#N/A,12083.4
4,31107,,,,,#N/A,529516
4,31109,6,55.38,9.23,50,9.23,87300
4,31111,,,,,#N/A,29846
4,31113,,,,,#N/A,43903
4,31115,,,,,#N/A,2605
4,31119,1,50,50,50,50,548627.5
4,31121,,,,,#N/A,441425
4,31123,,,,,#N/A,558
4,31125,,,,,#N/A,24914.25
4,31127,,,,,#N/A,377397.84
4,31129,2,52.25,26.125,51,26.125,28853
4,31131,1,0.88,0.88,0.88,0.88,114521
4,31133,,,,,#N/A,379924
4,31135,,,,,#N/A,26735.25
4,31137,,,,,#N/A,11087
4,31139,,,,,#N/A,1356936
4,31141,,,,,#N/A,145787
4,31143,,,,,#N/A,250957
4,31145,,,,,#N/A,17052
4,31147,,,,,#N/A,975814.89
4,31149,,,,,#N/A,81121
4,31151,,,,,#N/A,3055
4,31155,,,,,#N/A,76255.1
4,31157,5,264,52.8,58,52.8,19407
4,31159,,,,,#N/A,76751
4,31161,,,,,#N/A,575558.85
4,31163,,,,,#N/A,27444
4,31165,1,52,52,52,52,381796
4,31167,,,,,#N/A,88604.78
4,31169,,,,,#N/A,13249
4,31171,,,,,#N/A,16028
4,31173,,,,,#N/A,40773
4,31175,,,,,#N/A,32979.75
4,31177,,,,,#N/A,88308.39
4,31179,,,,,#N/A,1256
4,31181,4,55.26,13.815,52,13.815,23701.75
4,31183,,,,,#N/A,686356
4,31185,,,,,#N/A,11524
4,38001,,,,,#N/A,78415.85
4,38003,1,0,0,0,#N/A,4219852.6
4,38005,1,0,0,0,#N/A,169594
4,38007,,,,,#N/A,28458.7
4,38009,1,0,0,0,#N/A,178207.8
4,38011,1,0,0,0,#N/A,40688.7
4,38013,1,0,0,0,#N/A,54480
4,38015,,,,,#N/A,129003.65
4,38017,1,0,0,0,#N/A,4406625.2
4,38019,,,,,#N/A,79407.8
4,38021,,,,,#N/A,7355568.9
4,38023,,,,,#N/A,15070.25
4,38025,,,,,#N/A,16179.15
4,38027,,,,,#N/A,157623
4,38029,1,0,0,0,#N/A,71437
4,38031,,,,,#N/A,655162
4,38033,,,,,#N/A,212680.15
4,38035,1,0,0,0,#N/A,3353967.35
4,38037,1,0,0,0,#N/A,39569.5
4,38039,2,0,0,0,#N/A,596780.7
4,38041,,,,,#N/A,137034.25
4,38043,,,,,#N/A,332072.2
4,38045,1,0,0,0,#N/A,3880652.7
4,38047,1,0,0,0,#N/A,145746
4,38049,2,0,0,0,#N/A,65867.32
4,38051,2,0,0,0,#N/A,471062.1
4,38053,2,0,0,0,#N/A,44717
4,38055,,,,,#N/A,4448
4,38059,,,,,#N/A,27096.5
4,38063,,,,,#N/A,490305.9
4,38067,1,0,0,0,#N/A,183989
4,38069,,,,,#N/A,76641.55
4,38071,,,,,#N/A,361149.7
4,38073,1,0,0,0,#N/A,4769596.87
4,38075,,,,,#N/A,176894
4,38077,,,,,#N/A,1647773.1
4,38079,,,,,#N/A,76075.1
4,38081,1,0,0,0,#N/A,6713930.8
4,38083,,,,,#N/A,51118
4,38085,,,,,#N/A,31937.75
4,38087,,,,,#N/A,26217.8
4,38089,,,,,#N/A,68444.9
4,38091,1,0,0,0,#N/A,732767.2
4,38093,,,,,#N/A,3269224.91
4,38095,,,,,#N/A,207570
4,38097,1,0,0,0,#N/A,1985557.9
4,38099,1,0,0,0,#N/A,922312.5
4,38101,,,,,#N/A,30938.5
4,38103,,,,,#N/A,265007
4,38105,,,,,#N/A,14299
4,46003,2,0,0,0,#N/A,6219087.37
4,46005,2,0,0,0,#N/A,15250990.08
4,46007,1,0,0,0,#N/A,107866
4,46009,4,0,0,0,#N/A,8746770.1
4,46011,4,0,0,0,#N/A,6199291.76
4,46013,8,0,0,0,#N/A,13738234.4
4,46015,2,0,0,0,#N/A,1845647.4
4,46017,2,0,0,0,#N/A,251837
4,46021,2,0,0,0,#N/A,820302.5
4,46023,1,0,0,0,#N/A,11896562.43
4,46025,2,0,0,0,#N/A,7190382.89
4,46027,2,0,0,0,#N/A,4474624.53
4,46029,7,0,0,0,#N/A,3746068.07
4,46031,3,0,0,0,#N/A,525610
4,46035,4,0,0,0,#N/A,10213827.58
4,46037,2,0,0,0,#N/A,6516926.24
4,46039,2,0,0,0,#N/A,2543992.54
4,46041,2,0,0,0,#N/A,1408130.4
4,46043,1,0,0,0,#N/A,12904857
4,46045,2,0,0,0,#N/A,4131400.5
4,46047,1,0,0,0,#N/A,78683
4,46049,2,0,0,0,#N/A,8865899
4,46051,2,0,0,0,#N/A,5261063.5
4,46053,1,0,0,0,#N/A,850128.59
4,46055,1,0,0,0,#N/A,727665.52
4,46057,4,0,0,0,#N/A,3119673.82
4,46059,2,0,0,0,#N/A,10628180.11
4,46061,2,0,0,0,#N/A,16492403.04
4,46063,1,0,0,0,#N/A,39964.2
4,46065,2,0,0,0,#N/A,934402.5
4,46067,3,0,0,0,#N/A,29927142.48
4,46069,2,0,0,0,#N/A,1601662.5
4,46071,1,0,0,0,#N/A,283202
4,46073,1,0,0,0,#N/A,4062692.5
4,46075,1,0,0,0,#N/A,542588
4,46077,,,,,#N/A,9893784.98
4,46079,,,,,#N/A,8570477.02
4,46083,6,0,0,0,#N/A,5658910
4,46085,1,0,0,0,#N/A,1059109.5
4,46087,,,,,#N/A,12092590.64
4,46089,1,0,0,0,#N/A,1486760.1
4,46091,1,0,0,0,#N/A,7563725.25
4,46093,,,,,#N/A,532926
4,46095,,,,,#N/A,149573
4,46097,,,,,#N/A,5467814.79
4,46099,10,0,0,0,#N/A,6783753
4,46101,6,0,0,0,#N/A,3300873.85
4,46102,,,,,#N/A,329795
4,46103,,,,,#N/A,435310.6
4,46105,,,,,#N/A,88629
4,46107,1,0,0,0,#N/A,3975908.5
4,46109,2,0,0,0,#N/A,3870430
4,46111,2,0,0,0,#N/A,4488835.94
4,46115,3,0,0,0,#N/A,16078424.55
4,46117,1,0,0,0,#N/A,488682
4,46119,1,0,0,0,#N/A,1215942.3
4,46121,,,,,#N/A,235973.86
4,46123,,,,,#N/A,1404345.41
4,46125,3,0,0,0,#N/A,13824617
4,46127,4,0,0,0,#N/A,3828614.98
4,46129,1,0,0,0,#N/A,1105049.5
4,46135,3,0,0,0,#N/A,6085286.2
4,46137,,,,,#N/A,1142026
5,20001,2,56,56,56,56,1322065.08
5,20003,8,53,26.5,52,26.5,1156950.49
5,20005,4,1,1,1,1,570893.2
5,20007,3,0,0,0,#N/A,281227.8
5,20009,20,248.76,16.584,65,16.584,1513160.71
5,20011,3,0,0,0,#N/A,617265.97
5,20013,6,76.75,12.79166667,70,12.79166667,520947.48
5,20015,37,671.02,31.95333333,61,31.95333333,1962809.23
5,20017,3,62,31,61,31,709951.16
5,20019,3,169,56.33333333,61,56.33333333,30403.73
5,20021,18,223.75,22.375,61,22.375,825267.24
5,20023,1,1,1,1,1,43234
5,20025,8,119,19.83333333,63,19.83333333,167476
5,20027,4,2.88,0.96,1,0.96,1156134.27
5,20029,6,57.51,9.585,52,9.585,472889.55
5,20031,11,228.5,45.7,61,45.7,1320564.53
5,20033,3,1,1,1,1,13973.2
5,20035,19,228.38,20.76181818,61,20.76181818,2278324.36
5,20037,21,315,52.5,55,52.5,1688269.06
5,20039,2,0,0,0,#N/A,130369.2
5,20041,10,128.38,16.0475,70,16.0475,686613.6
5,20043,3,2.5,1.25,1.5,1.25,2120209.85
5,20045,8,273,54.6,61,54.6,188995.05
5,20047,5,63.25,31.625,62,31.625,575504.9
5,20049,3,1,1,1,1,83415
5,20051,9,142.88,28.576,70,28.576,233757.6
5,20053,6,64.75,12.95,61,12.95,496194.93
5,20055,4,225,56.25,61,56.25,77475.5
5,20057,17,243.25,30.40625,70,30.40625,89656
5,20059,14,595.75,49.64583333,70,49.64583333,432299.91
5,20061,12,352.25,32.02272727,61,32.02272727,122479.26
5,20063,6,8.26,1.376666667,3,1.376666667,180605
5,20065,,,,,#N/A,1124553
5,20067,7,49.63,16.54333333,48,16.54333333,50345.74
5,20069,10,5.88,0.98,1,0.98,319535
5,20071,,,,,#N/A,576923.5
5,20073,15,299,33.22222222,70,33.22222222,338578.64
5,20075,7,112,16,55,16,105438
5,20077,4,53,26.5,52,26.5,1686201.82
5,20079,10,59.75,11.95,56,11.95,1854868.69
5,20081,4,54,13.5,50,13.5,271963
5,20083,14,262.5,29.16666667,78,29.16666667,136721.65
5,20085,6,3.88,0.97,1,0.97,384414.26
5,20087,,,,,#N/A,381998.9
5,20089,5,65.13,13.026,61,13.026,692554.08
5,20091,1,52,52,52,52,101603
5,20093,3,3.5,1.166666667,1.5,1.166666667,22333
5,20095,8,343,57.16666667,61,57.16666667,1174651.55
5,20097,1,61,61,61,61,509991.2
5,20099,5,61,61,61,61,1475363.86
5,20101,1,51,51,51,51,177758.8
5,20103,10,291,58.2,61,58.2,584340.8
5,20105,6,176.75,29.45833333,61,29.45833333,184781.5
5,20107,,,,,#N/A,1087612.62
5,20109,3,3,1.5,1.75,1.5,196833.5
5,20111,14,253.51,31.68875,75,31.68875,964543.52
5,20113,21,485.38,30.33625,62,30.33625,1734324.4
5,20115,13,161.75,17.97222222,52,17.97222222,911192.44
5,20117,3,113,56.5,61,56.5,2219976.8
5,20119,18,11.5,1.4375,2.25,1.4375,227930.63
5,20121,3,2.75,1.375,1.75,1.375,321607
5,20123,5,171,57,60,57,466681.26
5,20125,14,236,59,61,59,2041895.09
5,20127,1,1,1,1,1,178520.1
5,20129,4,5.25,1.3125,1.75,1.3125,89066.35
5,20131,7,54.88,13.72,52,13.72,423477.9
5,20133,11,156,39,52,39,1297677.3
5,20135,1,1,1,1,1,281747.89
5,20137,3,3.75,1.25,1.75,1.25,534082
5,20139,19,936.5,58.53125,70,58.53125,1105022.75
5,20141,3,2,1,1,1,613335.35
5,20143,6,281,46.83333333,78,46.83333333,504470.35
5,20145,8,5.25,1.75,2.5,1.75,1999362.98
5,20147,2,1,1,1,1,49230.7
5,20149,1,70,70,70,70,273497.8
5,20151,10,380,42.22222222,70,42.22222222,2659231.57
5,20153,9,60.75,8.678571429,52,8.678571429,815962
5,20155,28,477.5,28.08823529,65,28.08823529,3337101.07
5,20157,3,4,1.333333333,1.5,1.333333333,539668.1
5,20159,16,385,35,87,35,2526353.88
5,20161,4,117,29.25,61,29.25,435424
5,20163,3,5.5,2.75,3,2.75,281356.14
5,20165,5,70,70,70,70,763834.8
5,20167,5,68.5,17.125,66,17.125,229700.5
5,20169,16,348.88,26.83692308,66,26.83692308,1219437.7
5,20171,4,6.5,1.625,2,1.625,67928.98
5,20173,45,774.01,28.66703704,61,28.66703704,2457326.85
5,20175,6,174.5,29.08333333,67,29.08333333,26581.4
5,20177,3,3,1.5,2,1.5,215200.52
5,20179,2,0.75,0.75,0.75,0.75,885091.08
5,20181,9,8.51,1.215714286,2,1.215714286,257585.4
5,20183,3,3,1,1,1,200982.5
5,20185,3,66,33,65,33,1705817.72
5,20187,10,111.88,12.43111111,52,12.43111111,55828
5,20189,5,5.5,1.1,1.5,1.1,788057.22
5,20191,21,274.25,39.17857143,56,39.17857143,6741130.38
5,20193,13,60,8.571428571,51,8.571428571,561028
5,20195,5,9,1.8,2.75,1.8,234244
5,20197,4,175,43.75,61,43.75,181515
5,20199,8,57.75,9.625,52,9.625,57904.7
5,20201,4,64.75,21.58333333,61,21.58333333,380889.75
5,20203,4,4.63,1.1575,1.75,1.1575,144873
5,20205,7,52,52,52,52,1122891.38
5,20207,4,2.63,1.315,1.75,1.315,806561.79
5,20209,3,70,70,70,70,301588.5
5,31001,9,8.38,1.197142857,1.5,1.197142857,112477
5,31003,2,51,25.5,50,25.5,2991660.35
5,31007,,,,,#N/A,169672.4
5,31011,1,61,61,61,61,250323
5,31013,,,,,#N/A,656370.58
5,31015,,,,,#N/A,1550330
5,31017,6,7,1.166666667,1.75,1.166666667,1237117
5,31019,6,6.75,1.125,2,1.125,683959.75
5,31021,1,1.5,1.5,1.5,1.5,1900034.66
5,31023,5,3.5,1.75,1.75,1.75,1134223.55
5,31025,2,65.88,32.94,65,32.94,174039.3
5,31027,,,,,#N/A,605554.1
5,31029,16,212.75,17.72916667,77,17.72916667,1032043.46
5,31031,1,1,1,1,1,368278
5,31033,4,4.63,1.1575,1.75,1.1575,1048083.05
5,31035,6,6.5,1.3,1.75,1.3,362947.9
5,31037,1,0,0,0,#N/A,1262954.3
5,31039,,,,,#N/A,417457.42
5,31041,7,111.25,18.54166667,54,18.54166667,735926.25
5,31043,2,0,0,0,#N/A,657175.75
5,31045,,,,,#N/A,28882.19
5,31047,12,59.13,7.39125,50,7.39125,3168309.25
5,31049,5,59,11.8,52,11.8,440972.7
5,31051,1,0,0,0,#N/A,161493
5,31053,3,3,1,1,1,2121938.45
5,31055,14,126.25,12.625,65,12.625,819661.46
5,31057,6,57.63,9.605,51,9.605,19653.6
5,31059,1,0,0,0,#N/A,149149.5
5,31061,6,6.13,1.5325,2,1.5325,261303
5,31063,12,59.25,14.8125,52,14.8125,197879.11
5,31065,3,3.01,1.003333333,1.25,1.003333333,565570.75
5,31067,6,5.5,1.375,2.5,1.375,437385.05
5,31069,,,,,#N/A,76298.64
5,31071,,,,,#N/A,384848
5,31073,,,,,#N/A,273099
5,31077,,,,,#N/A,353959.55
5,31079,,,,,#N/A,1816224.55
5,31081,9,125.63,15.70375,65,15.70375,298916
5,31083,4,3,1.5,2,1.5,161570
5,31085,2,1,1,1,1,268558.5
5,31087,7,10.63,1.771666667,3,1.771666667,89377.3
5,31089,1,1,1,1,1,8898970.31
5,31093,1,1.5,1.5,1.5,1.5,812436.1
5,31095,10,117,14.625,54,14.625,88456
5,31097,5,5,1.25,1.75,1.25,466576.55
5,31099,2,2,1,1,1,330746.1
5,31101,16,69,4.928571429,50,4.928571429,742306.56
5,31103,1,1,1,1,1,376684
5,31105,,,,,#N/A,138421.74
5,31107,1,61,61,61,61,1646860
5,31109,25,771.75,45.39705882,80,45.39705882,537135.38
5,31111,20,22.88,1.525333333,2.75,1.525333333,334205
5,31113,1,1.25,1.25,1.25,1.25,94738
5,31115,1,1,1,1,1,15918
5,31117,,,,,#N/A,12508
5,31119,,,,,#N/A,814403.95
5,31121,3,3,1.5,1.75,1.5,6049316.8
5,31123,,,,,#N/A,102433.2
5,31125,,,,,#N/A,3034961.5
5,31127,7,1,1,1,1,2439543.84
5,31129,1,0,0,0,#N/A,1504914.27
5,31131,2,104,52,52,52,800724.3
5,31133,4,50.88,25.44,50,25.44,485802.7
5,31135,1,1.5,1.5,1.5,1.5,629918.29
5,31137,2,110,55,57,55,340505.4
5,31139,,,,,#N/A,2526852.6
5,31141,4,0,0,0,#N/A,600743.05
5,31143,3,1.76,0.88,0.88,0.88,530205.67
5,31145,3,1.5,1.5,1.5,1.5,444013
5,31147,13,53,26.5,52,26.5,2501123.38
5,31149,,,,,#N/A,938514
5,31151,,,,,#N/A,107599.25
5,31153,6,171.25,34.25,65,34.25,710210.29
5,31155,9,131,18.71428571,73,18.71428571,671666.27
5,31157,,,,,#N/A,16520
5,31159,4,92.75,46.375,91,46.375,259482.5
5,31161,,,,,#N/A,540592.51
5,31163,,,,,#N/A,346280
5,31165,,,,,#N/A,8869
5,31167,1,0,0,0,#N/A,327862.44
5,31169,,,,,#N/A,398613.2
5,31173,1,0,0,0,#N/A,61327
5,31175,1,56,56,56,56,1708117.45
5,31177,1,1,1,1,1,2306633.33
5,31179,,,,,#N/A,197114.5
5,31181,5,3.88,0.97,1,0.97,367423.25
5,31183,,,,,#N/A,616722
5,31185,2,0.88,0.88,0.88,0.88,68304
5,38001,,,,,#N/A,546197.15
5,38003,9,118.25,19.70833333,61,19.70833333,10318401.1
5,38005,,,,,#N/A,432644
5,38007,,,,,#N/A,71479.8
5,38009,,,,,#N/A,377099.26
5,38011,,,,,#N/A,291690.6
5,38013,,,,,#N/A,143328
5,38015,,,,,#N/A,438352.3
5,38017,1,0,0,0,#N/A,7003748.55
5,38019,,,,,#N/A,706716.77
5,38021,,,,,#N/A,17578078.72
5,38023,,,,,#N/A,30473.25
5,38025,,,,,#N/A,97298.85
5,38027,3,65.5,21.83333333,63,21.83333333,167270
5,38029,5,5.75,1.15,1.5,1.15,949197.5
5,38031,,,,,#N/A,455855.3
5,38033,,,,,#N/A,280040.85
5,38035,4,114.75,28.6875,56,28.6875,2764853.18
5,38037,,,,,#N/A,236690.75
5,38039,2,112,56,56,56,1922244
5,38041,,,,,#N/A,336599
5,38043,1,1.5,1.5,1.5,1.5,319690.15
5,38045,,,,,#N/A,18402869.5
5,38047,1,1.5,1.5,1.5,1.5,686102.5
5,38049,,,,,#N/A,177747.99
5,38051,,,,,#N/A,2345052.68
5,38053,,,,,#N/A,19479
5,38055,,,,,#N/A,257872.95
5,38057,,,,,#N/A,17972
5,38059,3,4.5,1.5,1.75,1.5,83164.5
5,38061,,,,,#N/A,182659.25
5,38063,1,1,1,1,1,1676663
5,38065,,,,,#N/A,10739
5,38067,,,,,#N/A,576112
5,38069,,,,,#N/A,190620.15
5,38071,2,1,1,1,1,1347648.13
5,38073,,,,,#N/A,8491806.8
5,38075,,,,,#N/A,322701.14
5,38077,2,57,28.5,56,28.5,10367455.05
5,38079,,,,,#N/A,104693.8
5,38081,,,,,#N/A,10952058.1
5,38083,,,,,#N/A,71727.8
5,38085,,,,,#N/A,346992.25
5,38087,,,,,#N/A,75121.4
5,38089,,,,,#N/A,324942.1
5,38091,8,280.5,40.07142857,62,40.07142857,2848305.5
5,38093,1,1.75,1.75,1.75,1.75,7221662.95
5,38095,,,,,#N/A,626946
5,38097,3,160,53.33333333,56,53.33333333,6505666.65
5,38099,,,,,#N/A,589466
5,38101,,,,,#N/A,466805.25
5,38103,,,,,#N/A,452075.5
5,38105,,,,,#N/A,51198.79
5,46003,1,0,0,0,#N/A,4994086.03
5,46005,1,0,0,0,#N/A,25272007.66
5,46007,2,0,0,0,#N/A,591741.5
5,46009,4,0,0,0,#N/A,15141062.58
5,46011,7,51,25.5,50,25.5,12821061.34
5,46013,2,0,0,0,#N/A,18954952.1
5,46015,1,0,0,0,#N/A,7293938.94
5,46017,1,0,0,0,#N/A,548879.47
5,46019,3,1.25,1.25,1.25,1.25,56027
5,46021,1,0,0,0,#N/A,1114940.5
5,46023,2,0,0,0,#N/A,16320416.96
5,46025,3,0,0,0,#N/A,8260002.57
5,46027,4,0,0,0,#N/A,19175469.4
5,46029,4,0,0,0,#N/A,2916283.98
5,46031,1,0,0,0,#N/A,740914
5,46033,2,0,0,0,#N/A,15030
5,46035,2,0,0,0,#N/A,3453318.85
5,46037,1,0,0,0,#N/A,4396532.87
5,46039,1,0,0,0,#N/A,7361810.68
5,46041,2,0,0,0,#N/A,1320991.7
5,46043,,,,,#N/A,8690296.4
5,46045,2,0.75,0.75,0.75,0.75,7513425.25
5,46047,3,1.88,0.94,1,0.94,101665
5,46049,1,0,0,0,#N/A,11534293.75
5,46051,1,0,0,0,#N/A,4101753.93
5,46053,,,,,#N/A,3448187.14
5,46055,3,0,0,0,#N/A,1430143.5
5,46057,4,1,1,1,1,7142285.15
5,46059,1,0,0,0,#N/A,22079518.43
5,46061,1,0,0,0,#N/A,6425040.8
5,46063,2,0,0,0,#N/A,294353.6
5,46065,4,0.88,0.88,0.88,0.88,937317.5
5,46067,2,0,0,0,#N/A,24444338.74
5,46069,1,0,0,0,#N/A,4485260.5
5,46071,2,0,0,0,#N/A,499926
5,46073,,,,,#N/A,3311683.5
5,46075,4,0,0,0,#N/A,1387946.5
5,46077,,,,,#N/A,20828082.83
5,46079,,,,,#N/A,15785480.49
5,46083,6,0,0,0,#N/A,13699189.7
5,46085,4,0,0,0,#N/A,3627899
5,46087,1,0,0,0,#N/A,18408950.74
5,46089,1,0,0,0,#N/A,2463628.65
5,46091,2,1,1,1,1,9643513
5,46093,13,6,1,1,1,428529
5,46095,2,0,0,0,#N/A,684965.5
5,46097,,,,,#N/A,10119046.59
5,46099,9,0,0,0,#N/A,15222629
5,46101,5,0,0,0,#N/A,10291122.1
5,46102,3,0,0,0,#N/A,219105
5,46103,4,0,0,0,#N/A,1108216
5,46105,2,0,0,0,#N/A,691469
5,46107,1,0,0,0,#N/A,7160547
5,46109,2,0,0,0,#N/A,7340815.4
5,46111,2,0,0,0,#N/A,4563012.94
5,46115,4,0,0,0,#N/A,21745552.35
5,46117,2,0,0,0,#N/A,1045365
5,46119,1,0,0,0,#N/A,4250700.45
5,46121,2,1,1,1,1,113833.31
5,46123,4,56,56,56,56,4073177.19
5,46125,6,0,0,0,#N/A,18549048.5
5,46127,9,0.88,0.88,0.88,0.88,5797148.4
5,46129,1,0,0,0,#N/A,1633949
5,46135,2,0,0,0,#N/A,13244651.7
5,46137,5,0,0,0,#N/A,823923.6
6,20001,6,60.63,10.105,56,10.105,376616.5
6,20003,7,8.75,1.458333333,1.75,1.458333333,491971.6
6,20005,1,0,0,0,#N/A,656655.9
6,20007,3,61.5,20.5,59,20.5,328581.41
6,20009,8,61.5,8.785714286,52,8.785714286,766413.09
6,20011,,,,,#N/A,187439
6,20013,2,0,0,0,#N/A,392395.5
6,20015,18,287.5,31.94444444,65,31.94444444,537634.73
6,20017,,,,,#N/A,240582.27
6,20019,,,,,#N/A,41536.93
6,20021,1,1,1,1,1,921327
6,20023,5,4.25,1.416666667,2,1.416666667,102902.4
6,20025,2,4.25,2.125,2.75,2.125,60469
6,20027,1,0,0,0,#N/A,1067177.3
6,20029,3,53.25,26.625,52,26.625,384956.25
6,20031,3,52,52,52,52,592666.2
6,20033,2,3,1.5,1.5,1.5,34686
6,20035,2,0,0,0,#N/A,743943.56
6,20037,4,54.38,18.12666667,52,18.12666667,1006422.18
6,20039,,,,,#N/A,95708.2
6,20041,2,61,61,61,61,829936.1
6,20043,2,56,56,56,56,1112251.25
6,20045,6,268,53.6,61,53.6,366917.95
6,20047,9,62.25,7.78125,52,7.78125,674941.4
6,20049,5,58,58,58,58,85451.8
6,20051,1,54,54,54,54,131044.5
6,20053,8,11.25,1.40625,2,1.40625,496066.44
6,20055,4,223,55.75,65,55.75,132272
6,20057,11,181,16.45454545,65,16.45454545,1275696.8
6,20059,7,177.25,35.45,87,35.45,466997.64
6,20061,3,160,53.33333333,56,53.33333333,84529
6,20063,5,118,23.6,61,23.6,570740.3
6,20065,,,,,#N/A,310989
6,20067,4,3.5,1.166666667,1.5,1.166666667,1400012.3
6,20069,7,171.25,24.46428571,61,24.46428571,6084143.2
6,20071,1,1,1,1,1,112563.25
6,20073,1,0,0,0,#N/A,208250.06
6,20075,1,0,0,0,#N/A,227985
6,20077,8,110.5,27.625,56,27.625,1084103.71
6,20079,1,0.75,0.75,0.75,0.75,1154581.97
6,20081,6,7,1.4,1.75,1.4,1235761.99
6,20083,6,210,35,52,35,94411.1
6,20085,1,52,52,52,52,381290
6,20087,7,226.88,45.376,61,45.376,730675.54
6,20089,9,273.88,30.43111111,57,30.43111111,3461666.53
6,20091,13,221.88,17.06769231,56,17.06769231,71730
6,20093,2,50.88,25.44,50,25.44,254376
6,20095,8,232,38.66666667,65,38.66666667,637608.85
6,20097,4,59.5,14.875,56,14.875,168083.8
6,20099,3,0,0,0,#N/A,1085546
6,20101,,,,,#N/A,38671
6,20103,7,104.88,34.96,52,34.96,986354.2
6,20105,3,3.5,1.75,1.75,1.75,384340.9
6,20107,4,106,26.5,52,26.5,241851.5
6,20109,11,60.75,7.59375,51,7.59375,1512890.5
6,20111,,,,,#N/A,661276.13
6,20113,4,174.75,43.6875,61,43.6875,849369
6,20115,7,1,1,1,1,1146412.57
6,20117,4,3.63,1.21,1.75,1.21,941921.6
6,20119,3,2.5,0.833333333,1,0.833333333,250980.5
6,20121,1,56,56,56,56,540889
6,20123,2,54,27,53,27,342038.2
6,20125,3,0,0,0,#N/A,628130.3
6,20127,,,,,#N/A,201378.71
6,20129,4,3.75,0.9375,1,0.9375,667553.35
6,20131,,,,,#N/A,539732.75
6,20133,6,161.63,32.326,56,32.326,749084.85
6,20135,,,,,#N/A,109877.9
6,20137,1,77,77,77,77,306314.72
6,20139,1,1,1,1,1,361272.75
6,20141,2,2.13,1.065,1.25,1.065,160378.82
6,20143,,,,,#N/A,311917.4
6,20145,5,4.5,1.5,1.5,1.5,490687.8
6,20147,1,51,51,51,51,32257
6,20149,1,52,52,52,52,230755.2
6,20151,1,1,1,1,1,1190462.05
6,20153,6,246.88,41.14666667,76,41.14666667,1456148.15
6,20155,11,232.25,25.80555556,61,25.80555556,2537204.95
6,20157,2,108,54,56,54,510176.2
6,20159,13,277.51,23.12583333,63,23.12583333,1937221.11
6,20161,1,52,52,52,52,207363
6,20163,,,,,#N/A,412342.6
6,20165,1,0,0,0,#N/A,135029
6,20167,3,54.25,18.08333333,52,18.08333333,314965.19
6,20169,2,1,1,1,1,916287.55
6,20171,3,106.88,35.62666667,55,35.62666667,292907.32
6,20173,46,1511.5,37.7875,70,37.7875,992917.58
6,20175,1,1,1,1,1,599238
6,20177,2,62,31,61,31,286984.5
6,20179,2,152,76,89,76,1712427
6,20181,12,127,12.7,60,12.7,499764.15
6,20183,,,,,#N/A,69255
6,20185,,,,,#N/A,713272.43
6,20187,10,361.25,36.125,74,36.125,4764491.55
6,20189,1,1,1,1,1,1705928.1
6,20191,6,282,56.4,61,56.4,2513752.87
6,20193,11,13.25,1.472222222,2,1.472222222,1285645.83
6,20195,1,54,54,54,54,600825.6
6,20197,,,,,#N/A,154184.36
6,20199,13,702,54,91,54,3235456.07
6,20201,,,,,#N/A,461182.11
6,20203,1,0.88,0.88,0.88,0.88,89625
6,20205,1,65,65,65,65,898829.95
6,20207,,,,,#N/A,109856.96
6,20209,6,56.25,11.25,52,11.25,154275
6,31001,12,232.63,19.38583333,59,19.38583333,2422055.75
6,31003,,,,,#N/A,582044.75
6,31007,1,52,52,52,52,187448.79
6,31011,1,1,1,1,1,85437
6,31013,7,53,13.25,50,13.25,513141.93
6,31015,,,,,#N/A,735988
6,31017,1,1,1,1,1,619732.1
6,31019,1,62,62,62,62,500609.5
6,31021,,,,,#N/A,765065.71
6,31023,,,,,#N/A,697981.06
6,31025,,,,,#N/A,192225.05
6,31027,,,,,#N/A,122739
6,31029,7,9.25,1.321428571,1.75,1.321428571,1046066.56
6,31031,5,56,11.2,52,11.2,68478
6,31033,4,161.75,40.4375,56,40.4375,522989.4
6,31035,9,129.13,14.34777778,65,14.34777778,191003
6,31037,,,,,#N/A,465917.75
6,31039,,,,,#N/A,110878.91
6,31041,4,53.25,13.3125,50,13.3125,374270.5
6,31043,3,0,0,0,#N/A,39463
6,31045,9,162.75,18.08333333,52,18.08333333,235755.33
6,31047,,,,,#N/A,748987.35
6,31049,,,,,#N/A,174228.2
6,31051,2,0,0,0,#N/A,32695
6,31053,,,,,#N/A,849423.97
6,31055,,,,,#N/A,224250
6,31057,2,52,52,52,52,27012.9
6,31059,7,60.01,8.572857143,52,8.572857143,188071.5
6,31061,3,54.25,18.08333333,51,18.08333333,136279
6,31063,,,,,#N/A,284863.6
6,31065,15,782,55.85714286,83,55.85714286,893965.86
6,31067,3,159,53,55,53,443964.2
6,31069,,,,,#N/A,103609.8
6,31071,,,,,#N/A,5915
6,31073,1,61,61,61,61,48182
6,31077,1,61,61,61,61,84857.2
6,31079,3,103,51.5,52,51.5,1193919.6
6,31081,1,70,70,70,70,74977.5
6,31083,5,215,53.75,61,53.75,754422.04
6,31085,1,52,52,52,52,32329.02
6,31087,1,1.25,1.25,1.25,1.25,97132.25
6,31089,,,,,#N/A,1646231.43
6,31093,1,0,0,0,#N/A,1001604.7
6,31095,2,52.88,26.44,52,26.44,73292.5
6,31097,3,156,52,52,52,148562.59
6,31099,4,264,66,83,66,509812.85
6,31101,5,116,23.2,61,23.2,148369.8
6,31103,,,,,#N/A,138837
6,31105,3,2.25,1.125,1.25,1.125,160006.5
6,31107,,,,,#N/A,368089.54
6,31109,1,0.88,0.88,0.88,0.88,147704.77
6,31111,14,117.25,8.375,52,8.375,351312.11
6,31113,1,1.5,1.5,1.5,1.5,13287
6,31115,,,,,#N/A,121150
6,31117,2,2,1,1,1,16584
6,31119,,,,,#N/A,544395.55
6,31121,,,,,#N/A,1428165.22
6,31123,1,56,56,56,56,24102
6,31125,,,,,#N/A,358706.43
6,31127,6,6.88,1.376,1.75,1.376,1341519.52
6,31129,10,232,29,61,29,951680.66
6,31131,1,53,53,53,53,840529.4
6,31133,,,,,#N/A,286931.55
6,31135,1,1,1,1,1,210562.37
6,31137,10,504,50.4,65,50.4,778623.4
6,31139,,,,,#N/A,446028.8
6,31141,,,,,#N/A,194617.04
6,31143,1,0,0,0,#N/A,325367.87
6,31145,2,108,54,56,54,183377
6,31147,2,51,51,51,51,770720.86
6,31149,,,,,#N/A,420933.73
6,31151,4,53,26.5,52,26.5,148772.25
6,31153,,,,,#N/A,153136.5
6,31155,1,0,0,0,#N/A,534471.89
6,31157,14,15.51,1.107857143,1.5,1.107857143,212243.6
6,31159,1,52,52,52,52,239736.15
6,31161,4,106,26.5,52,26.5,588340.85
6,31163,,,,,#N/A,379908
6,31165,3,2.68,0.893333333,1,0.893333333,406
6,31167,,,,,#N/A,96167.82
6,31169,3,52,52,52,52,303163
6,31173,,,,,#N/A,237176.94
6,31175,2,125,62.5,64,62.5,627404
6,31177,,,,,#N/A,447169.9
6,31179,,,,,#N/A,11791.9
6,31181,8,157.5,22.5,52,22.5,1897621.09
6,31183,,,,,#N/A,1891009
6,31185,6,112.63,22.526,56,22.526,232506
6,38001,,,,,#N/A,58485.5
6,38003,3,108.88,36.29333333,56,36.29333333,1767072.5
6,38005,4,165.25,41.3125,60,41.3125,365969
6,38007,2,2.63,1.315,1.75,1.315,133580
6,38009,3,57.88,19.29333333,56,19.29333333,597723.82
6,38011,3,4.75,1.583333333,1.75,1.583333333,377461
6,38013,1,52,52,52,52,644921.9
6,38015,5,197.88,39.576,56,39.576,163338.5
6,38017,14,770,55,70,55,3623057.99
6,38019,2,108,54,56,54,545493.55
6,38021,2,56,56,56,56,2914800.05
6,38023,,,,,#N/A,276537.1
6,38025,,,,,#N/A,285423.85
6,38027,1,60,60,60,60,203513.5
6,38029,1,56,56,56,56,469763.75
6,38031,1,0,0,0,#N/A,665392.6
6,38033,,,,,#N/A,50533.7
6,38035,5,156.88,39.22,52,39.22,169624.5
6,38037,1,3,3,3,3,284259.7
6,38039,3,56.75,18.91666667,55,18.91666667,1137401.9
6,38041,1,1,1,1,1,259683.7
6,38043,,,,,#N/A,405331.2
6,38045,1,0,0,0,#N/A,3763113.1
6,38047,,,,,#N/A,600552
6,38049,,,,,#N/A,297737.6
6,38051,,,,,#N/A,1576165.42
6,38053,1,0,0,0,#N/A,93380.25
6,38055,,,,,#N/A,450874.64
6,38057,,,,,#N/A,116145.55
6,38059,3,3.63,1.21,1.75,1.21,2538219.65
6,38061,1,0,0,0,#N/A,218282.65
6,38063,,,,,#N/A,1266589.75
6,38065,,,,,#N/A,11363.75
6,38067,1,0.75,0.75,0.75,0.75,1013468.35
6,38069,1,61,61,61,61,283002.96
6,38071,4,4,1,1.25,1,698348.65
6,38073,1,1,1,1,1,1711357.85
6,38075,,,,,#N/A,531758.69
6,38077,3,114,38,61,38,2248602.25
6,38079,2,1,1,1,1,109670.02
6,38081,,,,,#N/A,2264923.5
6,38083,,,,,#N/A,33881.07
6,38085,,,,,#N/A,289495
6,38087,1,0.88,0.88,0.88,0.88,47889.5
6,38089,,,,,#N/A,439202.35
6,38091,1,61,61,61,61,706160.5
6,38093,5,1.25,1.25,1.25,1.25,1130401.96
6,38095,,,,,#N/A,378410.7
6,38097,5,55.5,13.875,52,13.875,1120987.59
6,38099,4,55.13,13.7825,52,13.7825,450683.1
6,38101,1,50,50,50,50,656440.95
6,38103,1,0,0,0,#N/A,368128.5
6,38105,,,,,#N/A,251395.03
6,46003,3,108,54,56,54,4759489.72
6,46005,3,50,50,50,50,5683261.86
6,46007,2,1,1,1,1,764665
6,46009,5,0,0,0,#N/A,3976534.9
6,46011,6,0,0,0,#N/A,2551775.3
6,46013,6,64.25,21.41666667,62,21.41666667,3127152
6,46015,2,0,0,0,#N/A,1387034.3
6,46017,1,0,0,0,#N/A,127021
6,46019,4,165.75,41.4375,61,41.4375,18356
6,46021,1,0,0,0,#N/A,204882.2
6,46023,5,1.88,0.94,1,0.94,7613727.93
6,46025,1,0,0,0,#N/A,1519288.04
6,46027,3,0,0,0,#N/A,2767699.5
6,46029,1,0,0,0,#N/A,655986.45
6,46031,2,52,52,52,52,376467.5
6,46033,10,17.25,1.725,2.5,1.725,35754
6,46035,3,1,1,1,1,5699378.7
6,46037,1,0,0,0,#N/A,995868.59
6,46039,7,124,31,61,31,1462084.7
6,46041,1,0,0,0,#N/A,425798.6
6,46043,1,0,0,0,#N/A,4837966.06
6,46045,1,0,0,0,#N/A,1824572.35
6,46047,2,2,1,1,1,82674
6,46049,2,1,1,1,1,3575105.05
6,46051,2,1,1,1,1,600799.44
6,46053,9,59.5,9.916666667,52,9.916666667,1691873.1
6,46055,2,0,0,0,#N/A,354496
6,46057,6,52.88,26.44,52,26.44,601594.13
6,46059,5,52,52,52,52,3291819.5
6,46061,7,2,1,1,1,4233711.4
6,46063,8,60.13,12.026,56,12.026,19928
6,46065,5,0,0,0,#N/A,495057
6,46067,8,0,0,0,#N/A,6485569.01
6,46069,9,7.5,1.5,2,1.5,749272
6,46071,7,115,28.75,61,28.75,73270
6,46073,1,0,0,0,#N/A,1656307
6,46075,1,0,0,0,#N/A,480625.75
6,46077,1,0,0,0,#N/A,3605095.78
6,46079,2,1,1,1,1,2381184.79
6,46081,7,6.38,0.911428571,1,0.911428571,1855
6,46083,7,0,0,0,#N/A,6812125.5
6,46085,4,1,1,1,1,467848.16
6,46087,1,0,0,0,#N/A,5236596.47
6,46089,3,2,1,1,1,955198.25
6,46091,1,0,0,0,#N/A,1132149.25
6,46093,1,0,0,0,#N/A,158758.8
6,46095,2,2,1,1,1,106202.5
6,46097,1,0,0,0,#N/A,3107630.92
6,46099,12,53.25,13.3125,51,13.3125,4121174.5
6,46101,7,55.75,27.875,55,27.875,1989240.9
6,46102,3,2.75,1.375,1.75,1.375,287090.4
6,46103,17,73.89,4.618125,53,4.618125,183999
6,46105,4,171.5,42.875,61,42.875,81841.4
6,46107,1,0,0,0,#N/A,1300293.2
6,46109,1,0,0,0,#N/A,1445481.2
6,46111,3,0,0,0,#N/A,7056997.62
6,46115,3,0,0,0,#N/A,5800013.8
6,46117,1,0,0,0,#N/A,421190
6,46119,1,0,0,0,#N/A,886119
6,46121,5,161,40.25,56,40.25,368822
6,46123,9,173,21.625,65,21.625,919795.68
6,46125,4,0.88,0.88,0.88,0.88,8152575
6,46127,12,0,0,0,#N/A,2459217.6
6,46129,2,0.88,0.88,0.88,0.88,290444.65
6,46135,3,0,0,0,#N/A,2839295.1
6,46137,2,105,52.5,53,52.5,294928.5
7,20001,1,1,1,1,1,145026.25
7,20003,9,112.25,12.47222222,52,12.47222222,906178.3
7,20005,,,,,#N/A,169168.9
7,20007,2,64,32,63,32,96455.5
7,20009,10,327,54.5,61,54.5,329527.2
7,20011,1,55,55,55,55,253998
7,20013,1,0,0,0,#N/A,86037
7,20015,6,222,55.5,61,55.5,123399.5
7,20017,,,,,#N/A,73468.49
7,20019,2,0,0,0,#N/A,120192.25
7,20021,1,55,55,55,55,322154
7,20023,,,,,#N/A,69249.6
7,20025,,,,,#N/A,74062.31
7,20027,3,110,55,55,55,363327.53
7,20029,1,51,51,51,51,387376.34
7,20031,3,187,62.33333333,70,62.33333333,502783.55
7,20033,1,0.75,0.75,0.75,0.75,297769.36
7,20035,1,56,56,56,56,148036.37
7,20037,4,156,52,52,52,473794
7,20039,,,,,#N/A,117368.4
7,20041,1,0,0,0,#N/A,867034.43
7,20043,,,,,#N/A,92708
7,20045,,,,,#N/A,64796.12
7,20047,,,,,#N/A,169622.51
7,20049,,,,,#N/A,136155.25
7,20051,3,114,38,61,38,195726.21
7,20053,,,,,#N/A,262090.6
7,20055,7,61.75,30.875,61,30.875,174634.25
7,20057,1,0.88,0.88,0.88,0.88,239982.34
7,20059,1,52,52,52,52,267665.65
7,20061,,,,,#N/A,65988.3
7,20063,,,,,#N/A,182318.43
7,20065,,,,,#N/A,92789.5
7,20067,,,,,#N/A,214164.05
7,20069,4,209.88,52.47,74,52.47,411640.51
7,20071,4,52.88,26.44,52,26.44,457493.82
7,20073,,,,,#N/A,276108.84
7,20075,2,133,66.5,74,66.5,208867.7
7,20077,,,,,#N/A,343833.88
7,20079,,,,,#N/A,837205.65
7,20081,1,1.75,1.75,1.75,1.75,183290.64
7,20083,3,169,56.33333333,65,56.33333333,219057.85
7,20085,,,,,#N/A,60258.97
7,20087,2,113,56.5,61,56.5,178479.7
7,20089,1,52,52,52,52,361376.64
7,20091,3,165,55,61,55,69567
7,20093,6,8.13,1.355,1.75,1.355,43029
7,20095,,,,,#N/A,462813.83
7,20097,,,,,#N/A,30365
7,20099,2,125,62.5,67,62.5,196411.5
7,20101,1,0,0,0,#N/A,80079.4
7,20103,2,57,28.5,56,28.5,166860
7,20105,,,,,#N/A,193414.05
7,20107,,,,,#N/A,476788
7,20109,,,,,#N/A,82893.96
7,20111,,,,,#N/A,330850
7,20113,3,0,0,0,#N/A,1394003.06
7,20115,5,0,0,0,#N/A,548220.49
7,20117,6,365,60.83333333,70,60.83333333,634238.7
7,20119,,,,,#N/A,18753.87
7,20121,,,,,#N/A,330550
7,20123,,,,,#N/A,181074.45
7,20125,3,171,57,61,57,601256.38
7,20127,,,,,#N/A,52181.68
7,20129,1,0,0,0,#N/A,206917.05
7,20131,,,,,#N/A,111656.1
7,20133,,,,,#N/A,339567.25
7,20135,2,57,28.5,56,28.5,129589.92
7,20137,,,,,#N/A,61544
7,20139,1,0.88,0.88,0.88,0.88,307565.86
7,20141,,,,,#N/A,282560.15
7,20143,,,,,#N/A,336178.37
7,20145,,,,,#N/A,310936.17
7,20147,,,,,#N/A,31309.3
7,20149,1,52,52,52,52,249785.5
7,20151,,,,,#N/A,305375.56
7,20153,11,294.64,32.73777778,61,32.73777778,119791.95
7,20155,,,,,#N/A,1049645.41
7,20157,6,353,58.83333333,65,58.83333333,586891.15
7,20159,2,122,61,61,61,906416.22
7,20161,3,111,55.5,59,55.5,67469.85
7,20163,,,,,#N/A,154870.36
7,20165,3,52,52,52,52,193970.1
7,20167,1,50,50,50,50,207656.95
7,20169,3,0,0,0,#N/A,634606.72
7,20171,,,,,#N/A,176133.08
7,20173,3,2,1,1,1,703321.88
7,20175,1,56,56,56,56,40236.6
7,20177,5,4.88,0.976,1,0.976,98205.6
7,20179,1,61,61,61,61,205511.5
7,20181,9,270.25,38.60714286,59,38.60714286,150411.22
7,20183,,,,,#N/A,55161.32
7,20185,,,,,#N/A,292795.59
7,20187,1,52,52,52,52,87670.23
7,20189,,,,,#N/A,134220.35
7,20191,3,53,26.5,52,26.5,1386006.09
7,20193,,,,,#N/A,55435.27
7,20195,,,,,#N/A,112239.59
7,20197,,,,,#N/A,31398
7,20199,,,,,#N/A,126353.15
7,20201,12,850,70.83333333,85,70.83333333,2059113.72
7,20203,,,,,#N/A,219746.17
7,20205,,,,,#N/A,355449.59
7,20207,,,,,#N/A,79997.29
7,20209,1,52,52,52,52,10901
7,31001,4,108,54,56,54,715990.75
7,31003,1,52,52,52,52,560145.1
7,31007,,,,,#N/A,197246.4
7,31011,,,,,#N/A,297802
7,31013,6,10.5,1.75,2.75,1.75,1723061.44
7,31015,4,54.25,18.08333333,52,18.08333333,53340.8
7,31017,,,,,#N/A,88737.9
7,31019,5,104,34.66666667,52,34.66666667,315722.5
7,31021,,,,,#N/A,126942.74
7,31023,,,,,#N/A,117149.54
7,31025,,,,,#N/A,3041.4
7,31027,,,,,#N/A,100810.4
7,31029,,,,,#N/A,331438.4
7,31031,19,248,13.05263158,70,13.05263158,105771
7,31033,10,132.38,18.91142857,65,18.91142857,1335912.03
7,31035,1,52,52,52,52,168055.2
7,31037,,,,,#N/A,44645
7,31039,,,,,#N/A,146009.3
7,31041,4,169,42.25,61,42.25,1217373.39
7,31043,,,,,#N/A,254639.5
7,31045,7,116.5,16.64285714,56,16.64285714,108423.82
7,31047,6,108,36,55,36,381888.3
7,31049,1,0,0,0,#N/A,374528.2
7,31051,,,,,#N/A,39853
7,31053,,,,,#N/A,124907.66
7,31055,3,175,58.33333333,65,58.33333333,488
7,31057,,,,,#N/A,174295
7,31059,,,,,#N/A,68078
7,31061,2,1,1,1,1,1834695.6
7,31063,7,1,1,1,1,31082
7,31065,4,162,54,60,54,585175.94
7,31067,,,,,#N/A,60151.8
7,31069,4,230,57.5,61,57.5,388278.94
7,31073,4,1.75,1.75,1.75,1.75,11102
7,31077,,,,,#N/A,190589.2
7,31079,,,,,#N/A,488141.5
7,31081,,,,,#N/A,55856
7,31083,2,55,55,55,55,3350909.55
7,31085,,,,,#N/A,420296
7,31087,1,52,52,52,52,100595.25
7,31089,2,53,26.5,52,26.5,310228
7,31093,,,,,#N/A,121734.8
7,31095,2,104,52,52,52,103074
7,31097,,,,,#N/A,58846.5
7,31099,1,0,0,0,#N/A,431775.09
7,31101,4,217,54.25,56,54.25,298377.25
7,31105,,,,,#N/A,61761.32
7,31107,2,3,1.5,1.75,1.5,107637
7,31109,,,,,#N/A,33757.12
7,31111,5,210.5,42.1,55,42.1,39074.5
7,31113,,,,,#N/A,142662
7,31115,,,,,#N/A,2907
7,31119,1,1,1,1,1,170136
7,31121,,,,,#N/A,200401.5
7,31123,2,1.88,0.94,1,0.94,126503
7,31125,,,,,#N/A,20545.8
7,31127,,,,,#N/A,84764.6
7,31129,1,1.25,1.25,1.25,1.25,241449.11
7,31131,,,,,#N/A,36904.1
7,31133,,,,,#N/A,20770.25
7,31135,1,56,56,56,56,853345.2
7,31137,5,122.88,40.96,70,40.96,1241363.24
7,31139,,,,,#N/A,297583.6
7,31141,,,,,#N/A,70073
7,31143,,,,,#N/A,65129.46
7,31145,6,7.25,1.208333333,1.5,1.208333333,151001.5
7,31147,,,,,#N/A,61394.4
7,31149,,,,,#N/A,339445
7,31151,,,,,#N/A,32051
7,31153,,,,,#N/A,17619
7,31155,,,,,#N/A,61244.61
7,31157,11,341,37.88888889,61,37.88888889,1360400.88
7,31159,,,,,#N/A,7653.35
7,31161,13,239,18.38461538,61,18.38461538,1136941.85
7,31163,,,,,#N/A,149655.6
7,31165,4,2.75,1.375,1.75,1.375,77689
7,31167,,,,,#N/A,21071.38
7,31169,1,50,50,50,50,48237
7,31173,,,,,#N/A,1745
7,31175,,,,,#N/A,105551.5
7,31177,,,,,#N/A,80984.1
7,31179,,,,,#N/A,151126
7,31181,3,118,39.33333333,61,39.33333333,548201.76
7,31183,,,,,#N/A,16081
7,31185,,,,,#N/A,35896.5
7,38001,2,2.75,1.375,1.75,1.375,210139
7,38003,2,2,1,1,1,5620703.5
7,38005,1,60,60,60,60,1006020.58
7,38007,2,51,25.5,50,25.5,633409.8
7,38009,5,66.5,13.3,61,13.3,1304179.03
7,38011,,,,,#N/A,259286.05
7,38013,1,1.75,1.75,1.75,1.75,456079
7,38015,7,84.25,14.04166667,78,14.04166667,771642
7,38017,13,402.75,40.275,65,40.275,6385614.9
7,38019,10,173,19.22222222,60,19.22222222,5033614.72
7,38021,,,,,#N/A,641094.39
7,38023,3,104.75,34.91666667,52,34.91666667,1379405.5
7,38025,3,113,37.66666667,56,37.66666667,486251.28
7,38027,2,60,60,60,60,199369.16
7,38029,1,0,0,0,#N/A,1350452.6
7,38031,,,,,#N/A,469792.5
7,38033,2,2.5,1.25,1.5,1.25,1157686.8
7,38035,9,457,57.125,70,57.125,1159710.98
7,38037,4,4.88,1.22,2,1.22,232961.75
7,38039,1,52,52,52,52,1950233.65
7,38041,9,88,11,78,11,6360861.4
7,38043,1,1,1,1,1,356446.98
7,38045,2,2,1,1,1,1184461.02
7,38047,,,,,#N/A,423420.85
7,38049,,,,,#N/A,499658.74
7,38051,,,,,#N/A,393380.5
7,38053,,,,,#N/A,147763
7,38055,2,2.38,1.19,1.5,1.19,180376.18
7,38057,3,58,29,57,29,53699.07
7,38059,6,62.75,10.45833333,56,10.45833333,1432179.03
7,38061,5,57,11.4,52,11.4,848969.3
7,38063,11,371.75,41.30555556,68,41.30555556,522583.1
7,38065,2,2,1,1,1,171025.25
7,38067,3,113,56.5,60,56.5,4374285.64
7,38069,,,,,#N/A,762301.39
7,38071,1,60,60,60,60,1267030.88
7,38073,,,,,#N/A,509837.06
7,38075,3,3.38,1.126666667,1.5,1.126666667,1153568.36
7,38077,10,56.5,28.25,55,28.25,2048357.45
7,38079,,,,,#N/A,424279.61
7,38081,3,150,50,50,50,337006.95
7,38083,1,0,0,0,#N/A,324467.5
7,38085,7,5.63,0.938333333,1,0.938333333,120759.55
7,38087,2,56,28,55,28,75159.5
7,38089,12,318.75,26.5625,67,26.5625,3483486.02
7,38091,2,60.88,30.44,60,30.44,1496297.25
7,38093,5,57.25,11.45,52,11.45,5243521.59
7,38095,2,1,1,1,1,1053922.8
7,38097,2,61,30.5,60,30.5,1047708.38
7,38099,6,53.38,13.345,50,13.345,3772228.55
7,38101,3,2,1,1,1,979750.66
7,38103,3,52.88,26.44,52,26.44,1251277.5
7,38105,2,120,60,61,60,823421.05
7,46003,9,405.75,45.08333333,65,45.08333333,589909.65
7,46005,14,538.63,44.88583333,66,44.88583333,6747881.35
7,46007,11,176.5,35.3,61,35.3,852843.83
7,46009,5,56,56,56,56,285865.5
7,46011,5,65,65,65,65,356166.8
7,46013,5,251,62.75,70,62.75,1020144.4
7,46015,5,157.75,39.4375,55,39.4375,649445.82
7,46017,4,164,54.66666667,56,54.66666667,173823
7,46019,5,1.75,0.875,1,0.875,19675.3
7,46021,2,2.25,1.125,1.25,1.125,402083.9
7,46023,11,455,65,100,65,1768286.25
7,46025,1,52,52,52,52,3201142.46
7,46027,2,139,69.5,74,69.5,81434
7,46029,,,,,#N/A,189848.6
7,46031,8,65,9.285714286,56,9.285714286,1370233.55
7,46033,9,59.25,8.464285714,52,8.464285714,1290
7,46035,8,333,47.57142857,61,47.57142857,608958.34
7,46037,1,50,50,50,50,807255.3
7,46039,1,61,61,61,61,406646.85
7,46041,6,279,46.5,63,46.5,386722
7,46043,4,252,63,70,63,362110.4
7,46045,8,139.25,17.40625,70,17.40625,826585
7,46047,8,138,19.71428571,70,19.71428571,2856
7,46049,2,113,56.5,61,56.5,1737086.34
7,46051,1,0,0,0,#N/A,876567.45
7,46053,3,57.5,19.16666667,56,19.16666667,148720.5
7,46055,6,303,60.6,70,60.6,167479
7,46057,2,70,70,70,70,336390.5
7,46059,9,397.88,44.20888889,63,44.20888889,371371.84
7,46061,3,65.25,32.625,64,32.625,724799.94
7,46063,11,282.25,25.65909091,61,25.65909091,124127.55
7,46065,5,285,57,69,57,135659
7,46067,10,427,71.16666667,81,71.16666667,649016.6
7,46069,2,122,61,70,61,375229.45
7,46071,10,298.88,37.36,71,37.36,28466
7,46073,1,61,61,61,61,365297.5
7,46075,2,113,56.5,61,56.5,199615
7,46077,1,64,64,64,64,7315748.04
7,46079,6,182,30.33333333,65,30.33333333,685629.23
7,46083,8,159,53,56,53,244970.9
7,46085,7,166.5,23.78571429,56,23.78571429,538555
7,46087,7,250,35.71428571,65,35.71428571,900193.6
7,46089,1,1.75,1.75,1.75,1.75,585673.7
7,46091,2,53,26.5,52,26.5,464688.4
7,46093,24,532.75,25.36904762,54,25.36904762,102619.25
7,46095,,,,,#N/A,220197.25
7,46097,1,52,52,52,52,912690.15
7,46099,14,225.5,32.21428571,64,32.21428571,1343212.01
7,46101,6,122,61,61,61,749252.1
7,46102,16,256.5,17.1,68,17.1,104576.12
7,46103,75,986.77,14.72791045,63,14.72791045,26968.5
7,46105,8,222.75,27.84375,61,27.84375,248576.45
7,46107,7,386,55.14285714,78,55.14285714,814819.66
7,46109,,,,,#N/A,979059.61
7,46111,4,66,33,65,33,1126656.95
7,46115,4,156,52,52,52,2290564.8
7,46117,3,218,72.66666667,94,72.66666667,1203643
7,46119,2,126,63,65,63,208809
7,46121,4,166,41.5,61,41.5,89531.75
7,46123,14,451,34.69230769,62,34.69230769,998387.36
7,46125,2,113,56.5,61,56.5,161664.75
7,46127,4,65,65,65,65,292836.5
7,46129,6,165.5,27.58333333,58,27.58333333,1559580.62
7,46135,2,0,0,0,#N/A,31844
7,46137,5,263,52.6,55,52.6,44502
8,20001,11,233.5,33.35714286,61,33.35714286,2926.5
8,20003,8,167,33.4,61,33.4,316139.9
8,20005,,,,,#N/A,43120
8,20007,3,54,54,54,54,37700.5
8,20009,15,384.75,48.09375,61,48.09375,180720.46
8,20011,2,52,52,52,52,51098
8,20013,5,6.75,1.6875,2.75,1.6875,747009.25
8,20015,14,684.75,52.67307692,67,52.67307692,24572.3
8,20017,4,165,55,61,55,8997
8,20019,,,,,#N/A,7918.5
8,20021,11,330,33,65,33,42708
8,20023,22,192.88,12.055,65,12.055,51312.8
8,20025,3,62.88,20.96,61,20.96,26339.52
8,20027,3,52,52,52,52,33251
8,20029,1,50,50,50,50,13450
8,20031,5,59.01,11.802,55,11.802,343707.32
8,20033,3,73,24.33333333,70,24.33333333,48140
8,20035,1,52,52,52,52,78144.15
8,20037,,,,,#N/A,51512
8,20039,7,255,42.5,71,42.5,967269.15
8,20041,3,0,0,0,#N/A,83027
8,20043,3,54.75,18.25,52,18.25,427033.4
8,20045,8,52,52,52,52,41341.5
8,20047,,,,,#N/A,262443.4
8,20049,,,,,#N/A,23556
8,20051,38,1523.5,54.41071429,85,54.41071429,192400.6
8,20053,3,61,61,61,61,35430.1
8,20055,1,50,50,50,50,841631.05
8,20057,6,276.88,46.14666667,61,46.14666667,233150.76
8,20059,6,169,56.33333333,61,56.33333333,338243.48
8,20061,2,56,56,56,56,33149
8,20063,7,61.13,10.18833333,54,10.18833333,630930.77
8,20065,20,860.88,47.82666667,91,47.82666667,587882.4
8,20067,2,62.5,31.25,61,31.25,341631.3
8,20069,2,62.25,31.125,61,31.125,970241.1
8,20071,,,,,#N/A,179627
8,20073,1,52,52,52,52,14020.5
8,20075,11,15.5,1.55,2.75,1.55,77887.5
8,20077,,,,,#N/A,88292.97
8,20079,12,510.75,42.5625,65,42.5625,83970.11
8,20081,3,54.5,18.16666667,52,18.16666667,109721.9
8,20083,1,52,52,52,52,146801.6
8,20085,1,56,56,56,56,29995
8,20087,24,570.13,31.67388889,63,31.67388889,83036.5
8,20089,4,217,54.25,56,54.25,26024.21
8,20093,2,3,1.5,1.75,1.5,252500
8,20095,,,,,#N/A,218902.9
8,20097,2,65,65,65,65,26970
8,20099,4,52.75,26.375,52,26.375,84474.8
8,20101,1,52,52,52,52,445846.62
8,20103,6,109,36.33333333,56,36.33333333,39327
8,20105,,,,,#N/A,50830.5
8,20107,2,62.75,31.375,61,31.375,925696.4
8,20109,5,113,56.5,61,56.5,162785
8,20111,8,528,66,81,66,275402.8
8,20113,6,210,52.5,56,52.5,146153.8
8,20115,2,113,56.5,61,56.5,37900
8,20117,1,1.75,1.75,1.75,1.75,92735.6
8,20119,,,,,#N/A,203609.25
8,20121,1,61,61,61,61,505505
8,20123,4,184.88,46.22,65,46.22,45041.5
8,20125,13,393,56.14285714,61,56.14285714,43884.2
8,20127,2,122,61,61,61,23183
8,20129,2,113,56.5,61,56.5,494454.5
8,20131,10,325.75,32.575,56,32.575,70601.25
8,20133,10,223,37.16666667,60,37.16666667,41679
8,20135,,,,,#N/A,493978.74
8,20137,3,166,55.33333333,63,55.33333333,70793
8,20139,7,168.88,24.12571429,61,24.12571429,192531
8,20141,3,51,51,51,51,146853.9
8,20143,1,0,0,0,#N/A,20759
8,20145,3,140,46.66666667,74,46.66666667,303185.9
8,20147,,,,,#N/A,36112.4
8,20149,3,62.88,20.96,61,20.96,4305
8,20151,4,155,38.75,52,38.75,199956.7
8,20153,14,526.75,52.675,79,52.675,411465.6
8,20155,4,119.88,29.97,61,29.97,417570.93
8,20157,,,,,#N/A,54594
8,20159,6,105,35,52,35,307865.55
8,20161,11,235.25,23.525,65,23.525,26547
8,20163,9,485,60.625,70,60.625,201131.2
8,20165,2,61,61,61,61,113100.65
8,20167,10,285,47.5,61,47.5,90912
8,20169,3,50,50,50,50,77305.6
8,20171,3,4.5,1.5,1.75,1.5,352695
8,20173,19,678.25,52.17307692,64,52.17307692,359744.93
8,20175,4,57.88,19.29333333,56,19.29333333,288440
8,20177,16,274.75,17.171875,53,17.171875,42600
8,20179,4,177,44.25,67,44.25,658532.5
8,20181,14,372,46.5,61,46.5,320833.5
8,20183,1,0,0,0,#N/A,88022
8,20185,1,61,61,61,61,195786.66
8,20187,,,,,#N/A,1072200.82
8,20189,1,74,74,74,74,152583.15
8,20191,2,104,52,52,52,385429.85
8,20193,24,914,50.77777778,68,50.77777778,472125.3
8,20195,10,311.01,31.101,74,31.101,500814.54
8,20197,11,158.75,31.75,52,31.75,28685
8,20199,4,170,56.66666667,66,56.66666667,711196.96
8,20201,,,,,#N/A,220816.6
8,20203,2,53,26.5,52,26.5,118855.83
8,20205,4,51.88,25.94,51,25.94,10832
8,20207,,,,,#N/A,10129.3
8,31001,8,380.25,54.32142857,70,54.32142857,2306504
8,31003,,,,,#N/A,58222
8,31007,2,1,1,1,1,28151
8,31011,,,,,#N/A,9863
8,31013,4,181,45.25,67,45.25,4606966.84
8,31015,1,52,52,52,52,191951.3
8,31017,2,112,56,60,56,21291
8,31019,3,1.75,1.75,1.75,1.75,555701.5
8,31021,,,,,#N/A,6323.29
8,31023,,,,,#N/A,41610
8,31025,,,,,#N/A,6862
8,31027,,,,,#N/A,36345.5
8,31029,6,159,26.5,52,26.5,3539264.48
8,31031,7,159,26.5,52,26.5,114222.15
8,31033,4,103,25.75,51,25.75,269100.56
8,31035,5,297,59.4,74,59.4,1605400.5
8,31039,,,,,#N/A,85460.5
8,31041,4,1,1,1,1,356411.5
8,31045,4,114,28.5,61,28.5,128273.62
8,31047,3,183,61,70,61,404146
8,31049,3,6.75,2.25,2.5,2.25,251623.02
8,31051,1,0.88,0.88,0.88,0.88,55524
8,31053,,,,,#N/A,29689
8,31055,,,,,#N/A,5232.5
8,31057,4,63,21,61,21,1913863.1
8,31059,1,0,0,0,#N/A,28305
8,31061,,,,,#N/A,66225
8,31063,,,,,#N/A,46154.41
8,31065,3,113.75,37.91666667,62,37.91666667,81913.01
8,31067,3,111,55.5,61,55.5,48676.15
8,31069,9,125,13.88888889,60,13.88888889,751764.28
8,31071,2,60,60,60,60,168774
8,31073,,,,,#N/A,7827
8,31077,,,,,#N/A,5248.8
8,31079,13,648,64.8,76,64.8,4636040.8
8,31081,,,,,#N/A,181256
8,31083,,,,,#N/A,39269
8,31085,13,110.25,15.75,52,15.75,3753492.08
8,31087,25,621.25,29.58333333,91,29.58333333,1171026.28
8,31089,10,265.5,26.55,52,26.55,1410090.6
8,31093,1,52,52,52,52,696334.4
8,31095,4,5.25,1.3125,1.75,1.3125,1998
8,31097,1,52,52,52,52,12919.91
8,31099,,,,,#N/A,38784
8,31101,7,185.75,26.53571429,70,26.53571429,637073.5
8,31103,1,0,0,0,#N/A,37590
8,31105,2,2,1,1,1,149298.23
8,31107,4,108.25,27.0625,52,27.0625,1896778.8
8,31109,,,,,#N/A,5330
8,31111,5,2.5,1.25,1.5,1.25,212846.91
8,31115,2,1.25,1.25,1.25,1.25,2443
8,31117,,,,,#N/A,11825
8,31119,1,0,0,0,#N/A,21442.05
8,31121,,,,,#N/A,180043
8,31123,6,61.5,10.25,54,10.25,2025048.87
8,31125,,,,,#N/A,61924
8,31127,,,,,#N/A,9748.1
8,31129,5,236,47.2,63,47.2,74021.95
8,31131,2,0,0,0,#N/A,24394
8,31133,1,52,52,52,52,69460.5
8,31135,10,258.25,28.69444444,70,28.69444444,12728218.1
8,31137,,,,,#N/A,109090
8,31139,,,,,#N/A,23365
8,31143,1,52,52,52,52,59507.6
8,31145,7,223.25,31.89285714,59,31.89285714,261741.2
8,31147,2,2.75,1.375,1.75,1.375,232345.45
8,31149,3,53,17.66666667,51,17.66666667,121240.07
8,31151,1,54,54,54,54,13101
8,31155,,,,,#N/A,26427.91
8,31157,27,529.75,19.62037037,79,19.62037037,3914198.06
8,31159,,,,,#N/A,35295
8,31161,9,228.5,25.38888889,65,25.38888889,612688.49
8,31163,2,0,0,0,#N/A,180005
8,31165,3,59,19.66666667,56,19.66666667,144111.4
8,31167,1,0,0,0,#N/A,15093.84
8,31169,,,,,#N/A,1798
8,31175,4,51.88,25.94,51,25.94,390269
8,31177,,,,,#N/A,1117
8,31179,,,,,#N/A,42889
8,31181,,,,,#N/A,331335.85
8,31185,1,52,52,52,52,42979
8,38001,2,2.25,1.125,1.25,1.125,492161.3
8,38003,,,,,#N/A,3459893.6
8,38005,1,1,1,1,1,2802355.05
8,38007,2,2.75,1.375,1.75,1.375,65056.95
8,38009,,,,,#N/A,3019069.95
8,38011,4,68.5,17.125,65,17.125,3641827.4
8,38013,1,1.75,1.75,1.75,1.75,2660080.62
8,38015,9,181.25,20.13888889,62,20.13888889,2891734.16
8,38017,,,,,#N/A,6644755.1
8,38019,,,,,#N/A,3603149.33
8,38021,1,70,70,70,70,1491595.57
8,38023,,,,,#N/A,1005504.75
8,38025,6,8,1.333333333,1.75,1.333333333,326891.05
8,38027,2,2.13,1.065,1.25,1.065,967004.25
8,38029,3,5.5,1.833333333,2,1.833333333,5648346.57
8,38031,,,,,#N/A,1228996.25
8,38033,,,,,#N/A,621658.35
8,38035,,,,,#N/A,3994263.47
8,38037,,,,,#N/A,659989.05
8,38039,,,,,#N/A,2698737.91
8,38041,3,65.5,21.83333333,63,21.83333333,2699450.3
8,38043,4,5,1.25,1.5,1.25,1082567.94
8,38045,,,,,#N/A,1359249.9
8,38047,,,,,#N/A,353997
8,38049,,,,,#N/A,819434.3
8,38051,1,1,1,1,1,677679.9
8,38053,8,59.14,7.3925,52,7.3925,617197.76
8,38055,7,112.5,18.75,56,18.75,6980705.91
8,38057,2,2.5,1.25,1.5,1.25,815120.9
8,38059,7,62.5,8.928571429,56,8.928571429,1449090.9
8,38061,4,56.25,14.0625,52,14.0625,2828058.33
8,38063,1,50,50,50,50,1112933.25
8,38065,5,66.5,13.3,61,13.3,481507.5
8,38067,,,,,#N/A,3685499.1
8,38069,2,71,35.5,70,35.5,962406.12
8,38071,1,1,1,1,1,2420414.07
8,38073,1,52,52,52,52,851799.1
8,38075,1,1,1,1,1,5578224.74
8,38077,2,50.75,25.375,50,25.375,3140273.25
8,38079,,,,,#N/A,1188486.9
8,38081,3,52,52,52,52,474893.35
8,38083,5,9.75,1.95,2.75,1.95,1624948.68
8,38085,,,,,#N/A,538873.79
8,38087,2,2.75,1.375,1.75,1.375,1849667.45
8,38089,4,3,1,1,1,1237395.35
8,38091,,,,,#N/A,1150489.43
8,38093,4,229,57.25,61,57.25,4413009.26
8,38095,,,,,#N/A,737948.1
8,38097,2,1.5,1.5,1.5,1.5,9623334.86
8,38099,1,52,52,52,52,3400969.45
8,38101,8,180.5,22.5625,61,22.5625,7925022.85
8,38103,3,3.25,1.083333333,1.25,1.083333333,4162692.65
8,38105,,,,,#N/A,1987815.57
8,46003,2,109,54.5,56,54.5,835600.5
8,46005,7,2.13,1.065,1.25,1.065,1558355.95
8,46007,4,156,52,52,52,81420.88
8,46009,7,57.75,19.25,56,19.25,644240.9
8,46011,4,0,0,0,#N/A,238657.1
8,46013,2,1,1,1,1,1043065.5
8,46015,8,9.38,1.34,2,1.34,496538.39
8,46017,,,,,#N/A,32191.12
8,46019,,,,,#N/A,28251
8,46021,4,157,39.25,52,39.25,1035718.52
8,46023,22,117.89,9.068461538,52,9.068461538,506475.04
8,46025,2,102,51,52,51,894543.06
8,46027,,,,,#N/A,123041.27
8,46029,6,105.5,35.16666667,52,35.16666667,2037052
8,46031,7,58.75,8.392857143,52,8.392857143,990546.75
8,46033,10,114.63,16.37571429,58,16.37571429,2470.5
8,46035,2,53,53,53,53,264832.05
8,46037,2,57,57,57,57,559537.26
8,46039,1,61,61,61,61,284787.4
8,46041,3,53.75,17.91666667,51,17.91666667,95186.2
8,46043,,,,,#N/A,147290.96
8,46045,1,0.88,0.88,0.88,0.88,587344.9
8,46047,16,401.25,25.078125,64,25.078125,56900
8,46049,1,1,1,1,1,879239.8
8,46051,1,0,0,0,#N/A,447346.6
8,46053,16,538.63,41.43307692,88,41.43307692,538987.1
8,46055,2,110,55,57,55,297027.38
8,46057,1,0,0,0,#N/A,74836.1
8,46059,2,1,1,1,1,214292.91
8,46061,1,0,0,0,#N/A,144324.61
8,46063,8,165.5,20.6875,54,20.6875,481653.8
8,46065,14,304.25,25.35416667,68,25.35416667,689475
8,46067,4,1,1,1,1,61132.3
8,46069,2,53,26.5,52,26.5,1094120.55
8,46071,6,156.88,26.14666667,52,26.14666667,351215.49
8,46073,,,,,#N/A,283098.5
8,46075,8,213.25,26.65625,52,26.65625,50127.18
8,46077,1,0.75,0.75,0.75,0.75,949589.93
8,46079,5,161.5,32.3,56,32.3,409767.85
8,46083,1,1,1,1,1,28497.9
8,46085,16,525.75,37.55357143,70,37.55357143,1024944.9
8,46087,,,,,#N/A,87117.9
8,46089,,,,,#N/A,198380.1
8,46091,2,51,51,51,51,191744.58
8,46093,8,11.38,1.4225,3,1.4225,185364.77
8,46095,9,121.75,13.52777778,61,13.52777778,20489
8,46097,2,50.88,25.44,50,25.44,479502.68
8,46099,9,107.76,17.96,52,17.96,379613.6
8,46101,5,173,57.66666667,65,57.66666667,124975.65
8,46102,12,370.5,37.05,75,37.05,230340.9
8,46103,12,226,20.54545455,61,20.54545455,70611.4
8,46105,2,1.75,0.875,1,0.875,644266.25
8,46107,6,138.75,23.125,70,23.125,6681791.8
8,46109,1,52,52,52,52,289857.32
8,46111,2,0,0,0,#N/A,550750.35
8,46115,1,0,0,0,#N/A,1026094.49
8,46117,4,166,41.5,61,41.5,62775
8,46119,9,177.88,19.76444444,61,19.76444444,4598101.75
8,46121,1,0.88,0.88,0.88,0.88,5794.08
8,46123,5,165,41.25,59,41.25,101214.47
8,46125,,,,,#N/A,44317.2
8,46127,,,,,#N/A,126704.6
8,46129,9,114.75,12.75,52,12.75,3399726.03
8,46135,2,0,0,0,#N/A,54298.96
8,46137,,,,,#N/A,201898.25
9,20001,1,0,0,0,#N/A,130834
9,20003,,,,,#N/A,17480
9,20005,,,,,#N/A,55924
9,20007,5,246,61.5,73,61.5,45834
9,20009,,,,,#N/A,47804
9,20011,2,0,0,0,#N/A,30565
9,20013,1,61,61,61,61,3381
9,20015,,,,,#N/A,17434.4
9,20019,1,0,0,0,#N/A,-1083
9,20021,,,,,#N/A,36316
9,20023,2,104,52,52,52,150438.71
9,20025,,,,,#N/A,920
9,20027,,,,,#N/A,63821
9,20029,4,56,14,53,14,2072
9,20031,,,,,#N/A,3636
9,20033,,,,,#N/A,15374
9,20035,,,,,#N/A,74897.05
9,20037,5,104,52,52,52,150003
9,20039,,,,,#N/A,83144.8
9,20041,2,2.75,1.375,1.75,1.375,1878
9,20043,,,,,#N/A,11681
9,20045,8,6.88,0.86,1,0.86,3143
9,20047,1,1,1,1,1,58046
9,20049,2,0,0,0,#N/A,9977
9,20051,1,54,54,54,54,1245
9,20053,,,,,#N/A,17929.1
9,20055,,,,,#N/A,93277
9,20057,,,,,#N/A,246371
9,20059,,,,,#N/A,36376.8
9,20061,,,,,#N/A,5348
9,20063,,,,,#N/A,105599.77
9,20065,,,,,#N/A,50381
9,20067,,,,,#N/A,118413.2
9,20069,,,,,#N/A,90359.98
9,20071,1,1,1,1,1,162863.25
9,20073,,,,,#N/A,22484
9,20075,1,0.88,0.88,0.88,0.88,24076
9,20077,,,,,#N/A,22771.59
9,20079,,,,,#N/A,31495
9,20081,,,,,#N/A,24344.45
9,20083,,,,,#N/A,7563.75
9,20085,,,,,#N/A,9862
9,20087,,,,,#N/A,13204
9,20089,2,1.63,0.815,0.88,0.815,846
9,20093,,,,,#N/A,108726
9,20095,,,,,#N/A,50503
9,20097,4,54,18,52,18,19446
9,20099,,,,,#N/A,57205
9,20101,,,,,#N/A,97218
9,20103,,,,,#N/A,11804
9,20105,1,1,1,1,1,25036.5
9,20107,,,,,#N/A,128592
9,20109,11,7.51,1.072857143,1.5,1.072857143,112209
9,20111,3,2.88,0.96,1,0.96,88556
9,20113,2,2,1,1,1,51907.2
9,20115,7,64.25,9.178571429,56,9.178571429,44284
9,20117,,,,,#N/A,528
9,20119,,,,,#N/A,41497
9,20121,,,,,#N/A,40774
9,20123,,,,,#N/A,8696
9,20125,1,0,0,0,#N/A,17619.75
9,20127,,,,,#N/A,5892
9,20129,,,,,#N/A,102779.7
9,20131,,,,,#N/A,47366
9,20133,,,,,#N/A,4036.75
9,20135,,,,,#N/A,47190.72
9,20137,,,,,#N/A,33764
9,20139,3,2.25,1.125,1.25,1.125,9800
9,20141,1,0.75,0.75,0.75,0.75,114986
9,20143,1,1,1,1,1,35563
9,20145,,,,,#N/A,25730.19
9,20147,,,,,#N/A,23857.6
9,20149,,,,,#N/A,5886
9,20151,26,385.5,18.35714286,70,18.35714286,178157.4
9,20153,,,,,#N/A,14738.6
9,20155,,,,,#N/A,155642.06
9,20157,1,0.88,0.88,0.88,0.88,61654
9,20159,,,,,#N/A,29245.55
9,20161,,,,,#N/A,38155
9,20163,,,,,#N/A,100327
9,20165,2,104,52,52,52,16831.62
9,20167,1,65,65,65,65,49624
9,20169,,,,,#N/A,53733
9,20171,,,,,#N/A,24956
9,20173,,,,,#N/A,43053.73
9,20175,,,,,#N/A,32913
9,20179,1,0.88,0.88,0.88,0.88,59761
9,20181,,,,,#N/A,69696
9,20183,1,1.25,1.25,1.25,1.25,157303
9,20185,,,,,#N/A,41736
9,20187,,,,,#N/A,12418.4
9,20189,,,,,#N/A,50305
9,20191,,,,,#N/A,150655.28
9,20193,,,,,#N/A,108734.5
9,20195,3,3.75,1.25,1.75,1.25,76259
9,20199,3,111.88,37.29333333,60,37.29333333,89180.07
9,20201,1,0.75,0.75,0.75,0.75,6993
9,20203,,,,,#N/A,4220
9,20205,,,,,#N/A,4263
9,20207,,,,,#N/A,66765
9,31001,1,1.25,1.25,1.25,1.25,83995.22
9,31003,,,,,#N/A,19718
9,31005,,,,,#N/A,65630
9,31007,,,,,#N/A,3934.4
9,31011,,,,,#N/A,617
9,31013,7,6.51,1.085,1.5,1.085,1136044.85
9,31015,2,3.5,1.75,1.75,1.75,36937.5
9,31019,1,2,2,2,2,112361
9,31021,5,69.25,13.85,62,13.85,35752
9,31023,,,,,#N/A,33735
9,31025,1,1.75,1.75,1.75,1.75,5290
9,31027,,,,,#N/A,44040
9,31029,9,250.75,27.86111111,70,27.86111111,2311665.16
9,31031,13,237,18.23076923,71,18.23076923,84650
9,31033,,,,,#N/A,50672.55
9,31035,,,,,#N/A,90404
9,31039,2,1,1,1,1,46015.98
9,31041,4,4.63,1.1575,2,1.1575,189186.5
9,31043,1,0,0,0,#N/A,33156
9,31045,1,0.88,0.88,0.88,0.88,47806
9,31047,1,1.25,1.25,1.25,1.25,220037
9,31049,,,,,#N/A,8342.2
9,31053,1,1.25,1.25,1.25,1.25,3836
9,31057,1,1,1,1,1,43924.4
9,31059,,,,,#N/A,857
9,31061,2,2.5,1.25,1.5,1.25,456911.76
9,31063,,,,,#N/A,87202
9,31065,1,2.5,2.5,2.5,2.5,15214.8
9,31067,1,1.5,1.5,1.5,1.5,8023.2
9,31069,,,,,#N/A,16508
9,31071,2,1.88,0.94,1,0.94,26062
9,31077,1,1.75,1.75,1.75,1.75,12870.6
9,31079,2,1.88,0.94,1,0.94,196553
9,31081,,,,,#N/A,8037
9,31083,1,1,1,1,1,55406
9,31085,6,195.75,32.625,70,32.625,662998.9
9,31087,1,50,50,50,50,2076
9,31089,5,2,1,1,1,164875
9,31093,1,1.75,1.75,1.75,1.75,115151
9,31095,1,0.88,0.88,0.88,0.88,1080
9,31097,,,,,#N/A,9183
9,31099,,,,,#N/A,223336
9,31101,3,54.5,18.16666667,52,18.16666667,66473
9,31105,,,,,#N/A,2003
9,31107,2,1.75,0.875,1,0.875,66970
9,31109,7,6.63,0.947142857,1,0.947142857,33674.62
9,31111,11,181.25,16.47727273,63,16.47727273,1204216.5
9,31119,,,,,#N/A,3916
9,31121,1,0.88,0.88,0.88,0.88,43321
9,31123,,,,,#N/A,87390.65
9,31125,,,,,#N/A,2686
9,31127,,,,,#N/A,53189.8
9,31129,,,,,#N/A,27134
9,31131,,,,,#N/A,12781
9,31135,2,53.75,26.875,52,26.875,1130793.78
9,31137,,,,,#N/A,56357.5
9,31139,1,1,1,1,1,20115
9,31141,,,,,#N/A,85336
9,31143,,,,,#N/A,598
9,31145,1,56,56,56,56,27867
9,31147,,,,,#N/A,5747
9,31149,1,0,0,0,#N/A,15
9,31151,,,,,#N/A,9886
9,31155,9,177.63,19.73666667,65,19.73666667,153627
9,31157,3,3.75,1.25,1.75,1.25,219623.56
9,31159,,,,,#N/A,6657
9,31161,3,3,1,1,1,69523.3
9,31163,1,2.5,2.5,2.5,2.5,135406.5
9,31167,1,0,0,0,#N/A,13359
9,31169,6,60.75,12.15,56,12.15,4088
9,31173,1,0,0,0,#N/A,41453
9,31175,2,56,28,55,28,121037.4
9,31177,5,4.51,0.902,1,0.902,101213
9,31179,1,1,1,1,1,4794
9,31181,,,,,#N/A,185260
9,31183,1,0.88,0.88,0.88,0.88,2895
9,38001,,,,,#N/A,3383478.97
9,38003,3,166,55.33333333,60,55.33333333,2097557.49
9,38005,2,1,1,1,1,2958647.48
9,38007,,,,,#N/A,813986.05
9,38009,3,6,2,2.75,2,9408886.04
9,38011,,,,,#N/A,1670051.5
9,38013,1,1,1,1,1,11236014.75
9,38015,2,54.75,27.375,54,27.375,1260865.27
9,38017,17,724.75,45.296875,78,45.296875,8876299.96
9,38019,8,9.88,1.235,1.5,1.235,14193506.32
9,38021,,,,,#N/A,618591.15
9,38023,,,,,#N/A,13163442.66
9,38025,,,,,#N/A,4721205.12
9,38027,,,,,#N/A,929487.6
9,38029,1,1,1,1,1,6302582.58
9,38031,2,2.25,1.125,1.25,1.125,856942.05
9,38033,1,1.25,1.25,1.25,1.25,1480787.1
9,38035,3,108,54,55,54,11339254.92
9,38037,,,,,#N/A,2049791.55
9,38039,2,51,25.5,50,25.5,1440663.79
9,38041,,,,,#N/A,6903817.25
9,38043,2,104,52,52,52,2593586.99
9,38045,1,1,1,1,1,1668447.81
9,38047,,,,,#N/A,1224509.85
9,38049,,,,,#N/A,3760703.86
9,38051,,,,,#N/A,2316484.63
9,38053,6,59,9.833333333,52,9.833333333,2085442
9,38055,2,53,26.5,52,26.5,3703967.93
9,38057,,,,,#N/A,1139163.79
9,38059,1,1,1,1,1,2524040.43
9,38061,3,5.5,1.833333333,2.5,1.833333333,9465590.26
9,38063,2,0,0,0,#N/A,2351992.62
9,38065,,,,,#N/A,697760.5
9,38067,10,8.75,0.972222222,1.5,0.972222222,6648332.6
9,38069,,,,,#N/A,2345006.48
9,38071,3,2,1,1,1,5506752.63
9,38073,4,250,62.5,78,62.5,378424.25
9,38075,,,,,#N/A,12061458.81
9,38077,4,105.25,26.3125,52,26.3125,1187827.3
9,38079,,,,,#N/A,3545745.3
9,38081,2,51,25.5,50,25.5,99527.5
9,38083,4,60.88,20.29333333,59,20.29333333,2191579.37
9,38085,,,,,#N/A,878844.86
9,38087,,,,,#N/A,3669027.1
9,38089,,,,,#N/A,5781567.03
9,38091,3,125,62.5,70,62.5,3359962.94
9,38093,7,374.5,53.5,74,53.5,5491495.19
9,38095,2,1.25,1.25,1.25,1.25,6794107.89
9,38097,2,1,1,1,1,9215326.48
9,38099,1,1,1,1,1,5569691.03
9,38101,5,8.88,1.776,2.75,1.776,13831028.57
9,38103,2,52,52,52,52,3431683.76
9,38105,6,59.25,9.875,52,9.875,12354664.03
9,46003,6,247,61.75,78,61.75,48235
9,46005,2,0,0,0,#N/A,489627.2
9,46007,3,54.25,18.08333333,52,18.08333333,64864.3
9,46009,7,1,1,1,1,20842
9,46011,7,0,0,0,#N/A,291026.8
9,46013,1,0,0,0,#N/A,219397.2
9,46015,3,104,52,52,52,89426
9,46017,,,,,#N/A,31129
9,46019,4,4,1,1,1,5315.7
9,46021,,,,,#N/A,705716.08
9,46023,10,65,16.25,62,16.25,78544.4
9,46025,,,,,#N/A,289184.48
9,46027,3,0,0,0,#N/A,28021
9,46029,3,0,0,0,#N/A,325186
9,46031,2,61,61,61,61,575165.5
9,46035,5,0,0,0,#N/A,28168.98
9,46037,3,0,0,0,#N/A,264078.5
9,46039,,,,,#N/A,188601.1
9,46041,,,,,#N/A,213063.8
9,46043,3,61,61,61,61,9866
9,46045,,,,,#N/A,3218
9,46047,,,,,#N/A,26100
9,46049,,,,,#N/A,57635
9,46051,,,,,#N/A,351017.25
9,46053,1,0,0,0,#N/A,12535
9,46055,2,2,1,1,1,5682
9,46057,3,0,0,0,#N/A,34922.3
9,46059,,,,,#N/A,479093.1
9,46061,2,0,0,0,#N/A,152512
9,46063,1,63,63,63,63,136711
9,46067,4,0.88,0.88,0.88,0.88,86825
9,46069,,,,,#N/A,118829.2
9,46073,1,0,0,0,#N/A,40135
9,46075,,,,,#N/A,31736.25
9,46077,1,0,0,0,#N/A,1582441.38
9,46079,6,0,0,0,#N/A,230002
9,46083,13,318,63.6,70,63.6,87230.7
9,46085,1,1,1,1,1,420330.8
9,46087,4,52,52,52,52,75981.5
9,46089,,,,,#N/A,230901.4
9,46091,1,1,1,1,1,1031655.81
9,46093,3,111,37,57,37,51299.94
9,46097,1,0,0,0,#N/A,107667.88
9,46099,24,475,67.85714286,78,67.85714286,551583.7
9,46101,8,0,0,0,#N/A,127689.8
9,46102,,,,,#N/A,20888
9,46103,6,63.63,10.605,58,10.605,9963
9,46105,5,160,32,54,32,216733
9,46107,,,,,#N/A,237530.5
9,46109,1,52,52,52,52,592552.57
9,46111,3,0,0,0,#N/A,278474.7
9,46115,2,0,0,0,#N/A,174817.9
9,46117,,,,,#N/A,40842
9,46119,,,,,#N/A,94610.5
9,46123,4,55,13.75,52,13.75,20839.94
9,46125,7,143,71.5,73,71.5,100012
9,46127,8,65,65,65,65,457144
9,46129,,,,,#N/A,147029.63
9,46135,3,0,0,0,#N/A,154948
9,46137,2,53,26.5,52,26.5,46478.65
10,20001,2,102,51,51,51,13675.25
10,20003,3,155,51.66666667,53,51.66666667,29518.25
10,20005,,,,,#N/A,966
10,20007,,,,,#N/A,1919
10,20009,,,,,#N/A,21156
10,20011,,,,,#N/A,110732
10,20013,1,51,51,51,51,15972
10,20015,,,,,#N/A,73170.15
10,20017,5,262,52.4,56,52.4,432
10,20019,,,,,#N/A,2169
10,20021,,,,,#N/A,47486
10,20023,,,,,#N/A,450297.09
10,20025,,,,,#N/A,26014.75
10,20027,,,,,#N/A,103462
10,20029,,,,,#N/A,15466.6
10,20031,,,,,#N/A,14455
10,20033,,,,,#N/A,11441.53
10,20035,1,0.75,0.75,0.75,0.75,48621.2
10,20037,,,,,#N/A,42858
10,20039,,,,,#N/A,275365.6
10,20041,1,52,52,52,52,21132
10,20043,,,,,#N/A,187701
10,20045,,,,,#N/A,34050
10,20047,,,,,#N/A,1547
10,20049,,,,,#N/A,41203
10,20051,,,,,#N/A,8453.4
10,20053,,,,,#N/A,59026.1
10,20055,1,50,50,50,50,197051
10,20057,,,,,#N/A,516798
10,20059,,,,,#N/A,2718
10,20063,,,,,#N/A,121091.5
10,20065,,,,,#N/A,177003.5
10,20067,,,,,#N/A,166115.2
10,20069,,,,,#N/A,284956
10,20071,,,,,#N/A,9269
10,20073,,,,,#N/A,-36496
10,20075,,,,,#N/A,36618
10,20077,1,0,0,0,#N/A,13481.2
10,20079,,,,,#N/A,86730
10,20081,,,,,#N/A,215
10,20083,,,,,#N/A,14827
10,20087,,,,,#N/A,17307
10,20089,,,,,#N/A,6688
10,20093,,,,,#N/A,122139
10,20095,,,,,#N/A,41078.7
10,20097,,,,,#N/A,18728
10,20099,,,,,#N/A,64123
10,20101,,,,,#N/A,128647.8
10,20103,,,,,#N/A,72862
10,20105,,,,,#N/A,84246.1
10,20107,,,,,#N/A,42750.9
10,20109,,,,,#N/A,45062
10,20111,,,,,#N/A,77793
10,20113,1,52,52,52,52,125200
10,20115,,,,,#N/A,61575
10,20117,,,,,#N/A,7276
10,20119,,,,,#N/A,31332
10,20121,,,,,#N/A,80310
10,20123,,,,,#N/A,24025.8
10,20125,,,,,#N/A,7491.6
10,20129,,,,,#N/A,19324.95
10,20133,,,,,#N/A,54459
10,20135,,,,,#N/A,138417.5
10,20137,,,,,#N/A,181141
10,20139,,,,,#N/A,17390
10,20141,,,,,#N/A,93437.1
10,20143,,,,,#N/A,111274
10,20145,,,,,#N/A,80011
10,20147,,,,,#N/A,34914
10,20151,,,,,#N/A,17468
10,20153,,,,,#N/A,409847.3
10,20155,3,164,54.66666667,62,54.66666667,152943.31
10,20157,1,70,70,70,70,59050.3
10,20159,,,,,#N/A,264483
10,20161,,,,,#N/A,4236
10,20163,,,,,#N/A,75569.7
10,20165,,,,,#N/A,31026.35
10,20167,,,,,#N/A,46941.3
10,20169,1,50,50,50,50,33081.55
10,20171,,,,,#N/A,63474.87
10,20173,3,3.25,1.083333333,1.5,1.083333333,31112.66
10,20175,,,,,#N/A,16931
10,20177,,,,,#N/A,5731
10,20179,,,,,#N/A,1203197
10,20181,,,,,#N/A,203126.5
10,20183,,,,,#N/A,23156
10,20185,,,,,#N/A,102420
10,20187,,,,,#N/A,40699
10,20189,,,,,#N/A,178326.5
10,20191,1,1,1,1,1,67645.17
10,20193,,,,,#N/A,706499.4
10,20195,,,,,#N/A,60157.88
10,20197,,,,,#N/A,6299
10,20199,,,,,#N/A,144791.15
10,20201,,,,,#N/A,23234
10,20203,,,,,#N/A,58801
10,20205,,,,,#N/A,38205
10,20207,,,,,#N/A,-20613
10,31001,,,,,#N/A,189566.5
10,31003,1,0,0,0,#N/A,109614.48
10,31007,,,,,#N/A,182164.2
10,31011,,,,,#N/A,43774
10,31013,,,,,#N/A,221672
10,31015,,,,,#N/A,6184
10,31019,1,65,65,65,65,126466.5
10,31021,,,,,#N/A,19688
10,31023,,,,,#N/A,17142
10,31025,,,,,#N/A,14488
10,31027,1,50,50,50,50,1473
10,31029,,,,,#N/A,7553
10,31033,,,,,#N/A,308769
10,31035,,,,,#N/A,105488.6
10,31037,,,,,#N/A,4514
10,31039,1,50,50,50,50,4871
10,31041,,,,,#N/A,31813
10,31043,1,0,0,0,#N/A,4671
10,31045,,,,,#N/A,83049.8
10,31047,,,,,#N/A,101052.6
10,31051,1,0,0,0,#N/A,18700
10,31053,,,,,#N/A,21738
10,31055,1,52,52,52,52,31201
10,31057,,,,,#N/A,438665
10,31059,2,58,58,58,58,23834
10,31061,,,,,#N/A,39085
10,31063,,,,,#N/A,182267
10,31065,,,,,#N/A,124299.2
10,31067,1,35,35,35,35,37913
10,31071,1,52,52,52,52,16954.8
10,31073,,,,,#N/A,46557
10,31077,,,,,#N/A,211461.8
10,31079,,,,,#N/A,209134
10,31081,4,205,51.25,52,51.25,12830
10,31083,,,,,#N/A,294390
10,31085,,,,,#N/A,422055.15
10,31087,,,,,#N/A,72668.8
10,31089,,,,,#N/A,123679
10,31093,,,,,#N/A,355895.15
10,31095,3,0,0,0,#N/A,20592
10,31097,,,,,#N/A,76432.5
10,31099,,,,,#N/A,49069
10,31101,,,,,#N/A,59422.75
10,31103,,,,,#N/A,1925
10,31105,,,,,#N/A,193393.5
10,31107,,,,,#N/A,37911
10,31109,,,,,#N/A,15789.26
10,31111,,,,,#N/A,1026067.3
10,31117,,,,,#N/A,27682
10,31119,,,,,#N/A,48867
10,31121,,,,,#N/A,78046.72
10,31125,,,,,#N/A,105.57
10,31127,,,,,#N/A,120264
10,31129,,,,,#N/A,7738
10,31131,,,,,#N/A,6413
10,31133,1,0,0,0,#N/A,14125
10,31135,,,,,#N/A,222449
10,31137,,,,,#N/A,34206.5
10,31139,,,,,#N/A,54442
10,31141,,,,,#N/A,55090
10,31143,,,,,#N/A,37339
10,31145,,,,,#N/A,318154.3
10,31147,,,,,#N/A,43079
10,31149,,,,,#N/A,16627.5
10,31151,1,0,0,0,#N/A,2938
10,31153,,,,,#N/A,8979
10,31155,,,,,#N/A,32781
10,31157,,,,,#N/A,71921.5
10,31159,,,,,#N/A,9612.5
10,31161,,,,,#N/A,277341.9
10,31163,,,,,#N/A,266906.25
10,31165,,,,,#N/A,65285
10,31167,,,,,#N/A,31842.58
10,31169,4,0,0,0,#N/A,7938
10,31173,,,,,#N/A,961
10,31175,,,,,#N/A,194309
10,31177,,,,,#N/A,4448.34
10,31179,,,,,#N/A,416
10,31181,,,,,#N/A,113475
10,31183,,,,,#N/A,9639
10,31185,,,,,#N/A,6388.5
10,38001,,,,,#N/A,1001010.08
10,38003,,,,,#N/A,7224448.9
10,38005,2,0,0,0,#N/A,5269398.23
10,38007,2,0,0,0,#N/A,197031.3
10,38009,,,,,#N/A,4033335.88
10,38011,1,0,0,0,#N/A,838977.1
10,38013,2,0,0,0,#N/A,4560468.77
10,38015,2,0,0,0,#N/A,1606211.1
10,38017,,,,,#N/A,8446212.19
10,38019,1,0,0,0,#N/A,17643819.1
10,38021,2,0,0,0,#N/A,1956967.51
10,38023,2,0,0,0,#N/A,1232309.63
10,38025,2,0,0,0,#N/A,1266977.6
10,38027,2,0,0,0,#N/A,1201765.05
10,38029,2,0,0,0,#N/A,2705587.95
10,38031,,,,,#N/A,1080299.83
10,38033,1,0,0,0,#N/A,237883.8
10,38035,1,0,0,0,#N/A,15829009.83
10,38037,2,0,0,0,#N/A,2148239.15
10,38039,2,0,0,0,#N/A,3378891.59
10,38041,1,0,0,0,#N/A,2349642.25
10,38043,1,0,0,0,#N/A,2987459.75
10,38045,1,0,0,0,#N/A,5009621.7
10,38047,1,0,0,0,#N/A,794153.25
10,38049,2,0,0,0,#N/A,1323223.55
10,38051,2,0,0,0,#N/A,1439875.3
10,38053,1,0,0,0,#N/A,269892.5
10,38055,,,,,#N/A,1657933.53
10,38057,,,,,#N/A,233420.51
10,38059,,,,,#N/A,975076.15
10,38061,,,,,#N/A,2831049.89
10,38063,,,,,#N/A,4666972.77
10,38065,,,,,#N/A,115206
10,38067,,,,,#N/A,9885577.38
10,38069,,,,,#N/A,1841950.3
10,38071,,,,,#N/A,8889501.87
10,38073,,,,,#N/A,1648882.7
10,38075,,,,,#N/A,2233158.65
10,38077,,,,,#N/A,1604183.25
10,38079,,,,,#N/A,3314571.77
10,38081,,,,,#N/A,1089203.2
10,38083,,,,,#N/A,1023691.58
10,38085,,,,,#N/A,982569.05
10,38087,,,,,#N/A,1030714.1
10,38089,,,,,#N/A,1727340.2
10,38091,,,,,#N/A,2952205.31
10,38093,,,,,#N/A,16478512.8
10,38095,,,,,#N/A,7748707.38
10,38097,,,,,#N/A,10780776.45
10,38099,,,,,#N/A,8462028.63
10,38101,,,,,#N/A,3006024.55
10,38103,,,,,#N/A,3927220.68
10,38105,,,,,#N/A,1926190.24
10,46003,1,0,0,0,#N/A,23023
10,46005,2,0,0,0,#N/A,95642.5
10,46007,2,35,35,35,35,56003.1
10,46009,6,0,0,0,#N/A,8339
10,46011,3,35,35,35,35,82170
10,46013,2,0,0,0,#N/A,695242.65
10,46015,1,0,0,0,#N/A,1331.2
10,46021,1,52,52,52,52,129167.1
10,46025,2,0,0,0,#N/A,247313.2
10,46027,1,0,0,0,#N/A,25383
10,46029,3,73,73,73,73,114114
10,46031,3,55,55,55,55,641957.7
10,46033,1,0,0,0,#N/A,1940.5
10,46035,2,0,0,0,#N/A,852.5
10,46037,,,,,#N/A,366407.5
10,46039,1,0,0,0,#N/A,205166
10,46041,1,0,0,0,#N/A,156571.8
10,46043,1,0,0,0,#N/A,503.5
10,46045,1,0,0,0,#N/A,28530
10,46049,1,0,0,0,#N/A,16785
10,46051,,,,,#N/A,89585.5
10,46053,,,,,#N/A,42997
10,46055,1,0,0,0,#N/A,39970
10,46057,2,0,0,0,#N/A,112636
10,46059,,,,,#N/A,2494
10,46063,,,,,#N/A,89582.4
10,46065,,,,,#N/A,35590
10,46069,,,,,#N/A,170696
10,46071,1,50,50,50,50,13561
10,46073,2,52,52,52,52,15173
10,46075,,,,,#N/A,3635.5
10,46077,,,,,#N/A,545054.1
10,46079,,,,,#N/A,382549.6
10,46083,1,0,0,0,#N/A,52326
10,46085,,,,,#N/A,15094
10,46087,,,,,#N/A,56288
10,46089,,,,,#N/A,286134.1
10,46091,,,,,#N/A,583286.21
10,46093,,,,,#N/A,3360
10,46095,,,,,#N/A,1771
10,46097,,,,,#N/A,29775.14
10,46099,1,0,0,0,#N/A,71308
10,46101,1,0,0,0,#N/A,275642
10,46102,,,,,#N/A,114493.2
10,46103,,,,,#N/A,42050.5
10,46105,,,,,#N/A,207559.9
10,46107,,,,,#N/A,546938
10,46109,,,,,#N/A,129489
10,46111,2,0,0,0,#N/A,82003
10,46115,1,0,0,0,#N/A,682908
10,46117,,,,,#N/A,13455
10,46119,,,,,#N/A,30943
10,46123,,,,,#N/A,42804.5
10,46125,,,,,#N/A,4866
10,46127,4,0,0,0,#N/A,3856
10,46129,,,,,#N/A,204568
10,46135,3,0,0,0,#N/A,33391
10,46137,,,,,#N/A,388
11,20001,3,51,51,51,51,16051.13
11,20003,2,50,50,50,50,56068.21
11,20005,2,56,56,56,56,1977
11,20007,1,56,56,56,56,10556
11,20009,,,,,#N/A,2887.09
11,20011,,,,,#N/A,145105.75
11,20013,2,59,59,59,59,29436.77
11,20015,2,59,59,59,59,81388.3
11,20017,1,59,59,59,59,23437.08
11,20019,1,56,56,56,56,11238.66
11,20021,,,,,#N/A,126641.14
11,20023,,,,,#N/A,16847.4
11,20025,,,,,#N/A,4053.42
11,20027,1,52,52,52,52,57857
11,20029,1,50,50,50,50,2026
11,20031,1,0,0,0,#N/A,58818.1
11,20033,2,50,50,50,50,14012.11
11,20035,1,0,0,0,#N/A,37515.19
11,20037,,,,,#N/A,80327.9
11,20039,,,,,#N/A,87328.25
11,20041,,,,,#N/A,3596
11,20043,,,,,#N/A,162
11,20045,,,,,#N/A,32964.38
11,20047,2,44,44,44,44,5533.89
11,20049,2,35,35,35,35,15298.2
11,20051,2,51,51,51,51,3489
11,20053,1,54,54,54,54,1247.73
11,20055,,,,,#N/A,20219.2
11,20057,,,,,#N/A,1818.1
11,20059,,,,,#N/A,84076
11,20061,,,,,#N/A,809.44
11,20063,1,51,51,51,51,24984.18
11,20065,,,,,#N/A,27818
11,20067,2,51,51,51,51,14184.61
11,20069,1,52,52,52,52,89434.71
11,20071,,,,,#N/A,17435.18
11,20073,,,,,#N/A,15779.63
11,20075,,,,,#N/A,8463.8
11,20077,,,,,#N/A,58533.63
11,20079,,,,,#N/A,74581.41
11,20081,,,,,#N/A,1168.5
11,20083,2,108,54,56,54,38488.9
11,20085,,,,,#N/A,3789.74
11,20087,,,,,#N/A,2610.31
11,20089,,,,,#N/A,18357.54
11,20093,1,54,54,54,54,2538
11,20095,,,,,#N/A,14695.29
11,20097,,,,,#N/A,11191
11,20099,1,65,65,65,65,38390.17
11,20101,,,,,#N/A,48054.78
11,20103,,,,,#N/A,5006
11,20105,,,,,#N/A,12565
11,20107,,,,,#N/A,35228.95
11,20109,,,,,#N/A,17801
11,20111,,,,,#N/A,36601.55
11,20113,,,,,#N/A,12231.02
11,20115,,,,,#N/A,12025.02
11,20117,,,,,#N/A,41996
11,20119,,,,,#N/A,3653.75
11,20121,,,,,#N/A,32685
11,20123,,,,,#N/A,12291.5
11,20125,,,,,#N/A,90614.88
11,20127,,,,,#N/A,6108.09
11,20129,,,,,#N/A,70537.1
11,20131,,,,,#N/A,44121
11,20133,,,,,#N/A,57165.35
11,20135,,,,,#N/A,12974.01
11,20137,,,,,#N/A,25366.78
11,20139,,,,,#N/A,8856.64
11,20141,,,,,#N/A,12795
11,20143,,,,,#N/A,23128.21
11,20145,,,,,#N/A,21092.11
11,20147,,,,,#N/A,3775
11,20149,,,,,#N/A,2358.5
11,20151,,,,,#N/A,39293.64
11,20153,,,,,#N/A,9342.5
11,20155,,,,,#N/A,71911.89
11,20157,,,,,#N/A,5339
11,20159,,,,,#N/A,28869.19
11,20161,,,,,#N/A,6289.15
11,20163,,,,,#N/A,2391
11,20165,,,,,#N/A,2283.78
11,20167,,,,,#N/A,129.31
11,20169,,,,,#N/A,2953.79
11,20171,,,,,#N/A,4333.66
11,20173,,,,,#N/A,88225.12
11,20177,,,,,#N/A,34111.38
11,20179,,,,,#N/A,44588
11,20181,,,,,#N/A,6666.23
11,20183,,,,,#N/A,365.98
11,20185,,,,,#N/A,30090.6
11,20187,,,,,#N/A,29385
11,20189,,,,,#N/A,94269.5
11,20191,,,,,#N/A,151027.58
11,20193,,,,,#N/A,12517.2
11,20195,,,,,#N/A,18307.78
11,20197,,,,,#N/A,4040.64
11,20199,,,,,#N/A,8444
11,20201,,,,,#N/A,25007.21
11,20203,,,,,#N/A,1546
11,20205,,,,,#N/A,6220.48
11,20207,,,,,#N/A,4836.66
11,31001,,,,,#N/A,1386.78
11,31003,1,0,0,0,#N/A,32980.42
11,31007,1,0,0,0,#N/A,6227.21
11,31013,2,0,0,0,#N/A,47700.5
11,31015,1,0,0,0,#N/A,45386.76
11,31017,1,0,0,0,#N/A,10019
11,31019,2,0,0,0,#N/A,63049
11,31021,2,0,0,0,#N/A,157595.44
11,31023,1,0,0,0,#N/A,23943.55
11,31025,3,0,0,0,#N/A,373
11,31029,1,54,54,54,54,41558.94
11,31033,1,0,0,0,#N/A,76364.76
11,31035,,,,,#N/A,32068.5
11,31037,2,51,51,51,51,52939.79
11,31039,2,56,56,56,56,262439.28
11,31041,2,56,56,56,56,24050.36
11,31043,1,0,0,0,#N/A,78236
11,31047,2,56,56,56,56,3730.43
11,31049,2,56,56,56,56,3741.9
11,31051,1,0,0,0,#N/A,710
11,31053,,,,,#N/A,42721.08
11,31055,2,0,0,0,#N/A,18503.34
11,31057,2,35,35,35,35,9536
11,31059,2,51,51,51,51,5997
11,31061,2,56,56,56,56,24716.64
11,31063,2,56,56,56,56,1521.4
11,31065,1,0,0,0,#N/A,7131.77
11,31067,,,,,#N/A,67678.6
11,31069,2,57,57,57,57,4989.78
11,31071,2,51,51,51,51,33452.2
11,31073,2,56,56,56,56,75587
11,31077,1,59,59,59,59,76967.85
11,31079,2,50,50,50,50,339042
11,31081,2,53,53,53,53,9480.5
11,31083,2,56,56,56,56,3182.41
11,31085,2,56,56,56,56,2321.55
11,31087,1,56,56,56,56,26899.12
11,31089,,,,,#N/A,78274.66
11,31093,,,,,#N/A,86246.85
11,31095,2,0,0,0,#N/A,113450
11,31097,,,,,#N/A,31742.95
11,31099,,,,,#N/A,9671.96
11,31101,,,,,#N/A,11051
11,31103,,,,,#N/A,9584
11,31105,,,,,#N/A,1104.6
11,31107,,,,,#N/A,21335.66
11,31109,,,,,#N/A,29403.85
11,31111,,,,,#N/A,35542.09
11,31119,,,,,#N/A,4194.95
11,31121,,,,,#N/A,127362.76
11,31123,,,,,#N/A,16260.16
11,31125,,,,,#N/A,9038.2
11,31127,,,,,#N/A,26358.6
11,31129,,,,,#N/A,749.51
11,31131,,,,,#N/A,78322.2
11,31133,,,,,#N/A,62860
11,31135,,,,,#N/A,82009.36
11,31137,,,,,#N/A,11211.96
11,31139,,,,,#N/A,32289
11,31141,,,,,#N/A,6660.91
11,31143,,,,,#N/A,25680.4
11,31147,,,,,#N/A,59008.8
11,31149,,,,,#N/A,5462.7
11,31151,,,,,#N/A,8975.5
11,31153,,,,,#N/A,11450.71
11,31155,,,,,#N/A,40007.46
11,31157,,,,,#N/A,25476
11,31159,,,,,#N/A,5364.5
11,31161,,,,,#N/A,143138.6
11,31163,,,,,#N/A,28109.9
11,31167,,,,,#N/A,25051.04
11,31169,,,,,#N/A,164433.8
11,31173,,,,,#N/A,17112.06
11,31175,,,,,#N/A,55758.15
11,31177,,,,,#N/A,26478.55
11,31179,,,,,#N/A,43227.1
11,31181,,,,,#N/A,5503.15
11,31183,,,,,#N/A,42427
11,31185,,,,,#N/A,3322
11,38001,1,0,0,0,#N/A,142214.7
11,38003,,,,,#N/A,540193.55
11,38005,,,,,#N/A,168253.9
11,38009,,,,,#N/A,87429.37
11,38011,,,,,#N/A,126975.95
11,38013,,,,,#N/A,91776
11,38015,1,0,0,0,#N/A,2730.04
11,38017,,,,,#N/A,2896963.32
11,38019,1,0,0,0,#N/A,48715
11,38021,1,0,0,0,#N/A,204668.21
11,38023,1,0,0,0,#N/A,144544
11,38025,1,0,0,0,#N/A,71809.05
11,38027,1,0,0,0,#N/A,12392.53
11,38029,1,0,0,0,#N/A,1044317.55
11,38031,,,,,#N/A,147612.8
11,38033,1,0,0,0,#N/A,48505.25
11,38035,1,0,0,0,#N/A,1731964.67
11,38037,1,0,0,0,#N/A,927666.55
11,38039,1,0,0,0,#N/A,201839.7
11,38041,1,0,0,0,#N/A,328372.4
11,38043,1,0,0,0,#N/A,156909.8
11,38045,1,0,0,0,#N/A,2069347.2
11,38047,1,0,0,0,#N/A,187119
11,38049,1,0,0,0,#N/A,14297.36
11,38051,1,0,0,0,#N/A,409513.02
11,38053,1,0,0,0,#N/A,658850
11,38055,,,,,#N/A,118116.03
11,38057,,,,,#N/A,61007
11,38059,,,,,#N/A,175704.34
11,38061,,,,,#N/A,166355.48
11,38063,,,,,#N/A,259013.8
11,38067,,,,,#N/A,574125.73
11,38069,,,,,#N/A,238067.4
11,38071,,,,,#N/A,703953.5
11,38073,,,,,#N/A,167738.6
11,38075,,,,,#N/A,35837.44
11,38077,,,,,#N/A,857888.5
11,38079,,,,,#N/A,120695.36
11,38081,,,,,#N/A,106653.8
11,38083,,,,,#N/A,7677
11,38085,,,,,#N/A,255836.75
11,38087,,,,,#N/A,39589.75
11,38089,,,,,#N/A,552817.05
11,38091,,,,,#N/A,668390.6
11,38093,,,,,#N/A,648159.46
11,38095,,,,,#N/A,215786.3
11,38097,,,,,#N/A,2011757.93
11,38099,,,,,#N/A,140160.71
11,38101,,,,,#N/A,231233.56
11,38103,,,,,#N/A,56200.1
11,38105,,,,,#N/A,27584.3
11,46003,1,0,0,0,#N/A,6909.74
11,46005,2,0,0,0,#N/A,254715.9
11,46007,1,0,0,0,#N/A,25473.39
11,46009,5,0,0,0,#N/A,669.42
11,46011,2,0,0,0,#N/A,92501.4
11,46013,3,0,0,0,#N/A,181233.75
11,46015,1,0,0,0,#N/A,9358
11,46017,1,0,0,0,#N/A,24631.53
11,46021,1,0,0,0,#N/A,415330.2
11,46023,3,0,0,0,#N/A,30403.55
11,46025,2,0,0,0,#N/A,85801.3
11,46027,2,0,0,0,#N/A,74765.3
11,46029,3,0,0,0,#N/A,45247.9
11,46031,2,0,0,0,#N/A,120254
11,46035,2,0,0,0,#N/A,88479
11,46037,1,0,0,0,#N/A,87712.24
11,46039,2,0,0,0,#N/A,261325.35
11,46041,2,0,0,0,#N/A,84109.5
11,46043,2,0,0,0,#N/A,21994.6
11,46045,1,0,0,0,#N/A,522.5
11,46049,1,0,0,0,#N/A,44451.56
11,46051,1,0,0,0,#N/A,137286.06
11,46053,3,0,0,0,#N/A,10260
11,46057,2,0,0,0,#N/A,12945
11,46059,3,0,0,0,#N/A,57028
11,46061,4,0,0,0,#N/A,37910.21
11,46063,2,0,0,0,#N/A,31394.25
11,46065,2,0,0,0,#N/A,40764
11,46067,5,0,0,0,#N/A,6372.25
11,46069,2,0,0,0,#N/A,295007.8
11,46075,,,,,#N/A,51523.4
11,46077,,,,,#N/A,291065.41
11,46079,,,,,#N/A,90029.02
11,46083,,,,,#N/A,295188.3
11,46085,,,,,#N/A,10307
11,46087,,,,,#N/A,31847.15
11,46089,,,,,#N/A,19053
11,46091,,,,,#N/A,25391
11,46093,,,,,#N/A,238.01
11,46095,,,,,#N/A,1288.75
11,46097,,,,,#N/A,8124.55
11,46099,,,,,#N/A,72408.99
11,46101,,,,,#N/A,228198.8
11,46102,,,,,#N/A,29239.38
11,46107,,,,,#N/A,423476.34
11,46109,,,,,#N/A,212658
11,46111,2,0,0,0,#N/A,127784.8
11,46115,1,0,0,0,#N/A,224733.11
11,46117,,,,,#N/A,9678
11,46119,,,,,#N/A,420939
11,46123,,,,,#N/A,16007.78
11,46125,,,,,#N/A,5047.75
11,46127,,,,,#N/A,44099.92
11,46129,,,,,#N/A,359367.32
11,46135,1,0,0,0,#N/A,25794.74
12,20003,,,,,#N/A,43637
12,20005,,,,,#N/A,4688
12,20007,,,,,#N/A,2191.29
12,20009,,,,,#N/A,11699
12,20011,,,,,#N/A,20440
12,20013,1,0,0,0,#N/A,7338
12,20015,,,,,#N/A,30559
12,20017,1,0,0,0,#N/A,147511
12,20021,,,,,#N/A,77278
12,20023,1,0,0,0,#N/A,10266
12,20025,1,0,0,0,#N/A,42531
12,20027,1,0,0,0,#N/A,19080
12,20029,1,0,0,0,#N/A,1878
12,20031,,,,,#N/A,6426
12,20033,2,55,55,55,55,5389
12,20035,1,0,0,0,#N/A,15309
12,20037,1,52,52,52,52,34750
12,20039,,,,,#N/A,46824
12,20041,,,,,#N/A,8619
12,20043,,,,,#N/A,30857
12,20045,,,,,#N/A,19078
12,20047,,,,,#N/A,442
12,20049,2,50,50,50,50,3443.75
12,20055,,,,,#N/A,46683
12,20057,1,0,0,0,#N/A,11642
12,20059,,,,,#N/A,38432
12,20061,,,,,#N/A,48
12,20063,,,,,#N/A,36711
12,20065,,,,,#N/A,178434
12,20067,,,,,#N/A,26787
12,20069,,,,,#N/A,46918
12,20071,,,,,#N/A,13719
12,20073,,,,,#N/A,17082
12,20075,,,,,#N/A,37708
12,20077,,,,,#N/A,1263
12,20079,,,,,#N/A,71968.74
12,20081,,,,,#N/A,7478.51
12,20083,1,0,0,0,#N/A,4505
12,20087,,,,,#N/A,1378
12,20091,,,,,#N/A,5656
12,20093,,,,,#N/A,142199
12,20095,,,,,#N/A,14204.85
12,20099,,,,,#N/A,32993
12,20101,,,,,#N/A,13436
12,20103,1,0,0,0,#N/A,9188
12,20105,1,0,0,0,#N/A,34560
12,20107,,,,,#N/A,3601
12,20109,,,,,#N/A,4357
12,20111,,,,,#N/A,26702
12,20113,,,,,#N/A,54667
12,20115,,,,,#N/A,151709
12,20117,,,,,#N/A,14147
12,20119,,,,,#N/A,2992
12,20121,,,,,#N/A,9294
12,20123,,,,,#N/A,2866
12,20125,,,,,#N/A,13855.25
12,20127,,,,,#N/A,6142
12,20129,,,,,#N/A,2219
12,20131,,,,,#N/A,2626
12,20133,,,,,#N/A,21308
12,20135,,,,,#N/A,12132
12,20137,,,,,#N/A,12381
12,20139,,,,,#N/A,14476
12,20141,,,,,#N/A,214
12,20143,,,,,#N/A,4553
12,20145,,,,,#N/A,12767
12,20147,,,,,#N/A,18744
12,20149,,,,,#N/A,765
12,20151,,,,,#N/A,5508.98
12,20153,,,,,#N/A,10349
12,20155,,,,,#N/A,92509
12,20157,,,,,#N/A,16287
12,20159,,,,,#N/A,38344
12,20161,,,,,#N/A,1077
12,20163,,,,,#N/A,22933
12,20169,,,,,#N/A,10779
12,20173,,,,,#N/A,9460
12,20175,,,,,#N/A,7791
12,20177,,,,,#N/A,2356
12,20179,,,,,#N/A,10449
12,20181,,,,,#N/A,13889
12,20183,,,,,#N/A,296
12,20185,,,,,#N/A,24229
12,20187,,,,,#N/A,22229
12,20189,,,,,#N/A,30264.78
12,20191,,,,,#N/A,8455.4
12,20193,,,,,#N/A,11395
12,20195,,,,,#N/A,9444
12,20197,,,,,#N/A,10482
12,20199,,,,,#N/A,41362
12,20201,,,,,#N/A,33730
12,20203,,,,,#N/A,707
12,31003,1,0,0,0,#N/A,2294
12,31007,2,0,0,0,#N/A,3278
12,31011,1,0,0,0,#N/A,735
12,31013,1,0,0,0,#N/A,5403
12,31015,,,,,#N/A,11310.4
12,31017,1,0,0,0,#N/A,114217
12,31019,2,57,57,57,57,8998
12,31021,1,0,0,0,#N/A,8942
12,31023,,,,,#N/A,24530
12,31025,2,0,0,0,#N/A,32620
12,31027,1,0,0,0,#N/A,4847
12,31029,1,0,0,0,#N/A,868
12,31033,,,,,#N/A,3311
12,31035,,,,,#N/A,3928.5
12,31037,1,0,0,0,#N/A,14022
12,31039,2,0,0,0,#N/A,5045
12,31041,2,0,0,0,#N/A,18086
12,31045,,,,,#N/A,19
12,31047,1,0,0,0,#N/A,29269
12,31053,,,,,#N/A,16480
12,31055,,,,,#N/A,1847
12,31057,,,,,#N/A,4957
12,31061,1,0,0,0,#N/A,3842
12,31063,1,0,0,0,#N/A,8384
12,31065,,,,,#N/A,3776.5
12,31067,,,,,#N/A,4305
12,31069,,,,,#N/A,638
12,31071,1,0,0,0,#N/A,518
12,31073,1,0,0,0,#N/A,198
12,31077,,,,,#N/A,5007
12,31079,,,,,#N/A,53009
12,31083,1,0,0,0,#N/A,9835
12,31085,1,0,0,0,#N/A,11878.8
12,31087,,,,,#N/A,1608
12,31089,,,,,#N/A,232796
12,31093,,,,,#N/A,15298
12,31095,1,0,0,0,#N/A,65555
12,31097,,,,,#N/A,1959
12,31099,,,,,#N/A,3535
12,31101,,,,,#N/A,10703
12,31107,,,,,#N/A,5127
12,31109,,,,,#N/A,26920
12,31111,,,,,#N/A,2964
12,31113,,,,,#N/A,39807
12,31119,,,,,#N/A,5367
12,31121,,,,,#N/A,4983
12,31123,,,,,#N/A,1723
12,31125,,,,,#N/A,547
12,31127,,,,,#N/A,19451
12,31129,,,,,#N/A,325
12,31131,,,,,#N/A,385
12,31133,,,,,#N/A,38458
12,31135,,,,,#N/A,1128
12,31141,,,,,#N/A,4813
12,31143,,,,,#N/A,799
12,31145,,,,,#N/A,34034
12,31147,,,,,#N/A,38259
12,31151,,,,,#N/A,14603
12,31155,,,,,#N/A,32293
12,31157,,,,,#N/A,2447.4
12,31159,,,,,#N/A,1535
12,31161,,,,,#N/A,5575.4
12,31163,,,,,#N/A,40175.75
12,31165,,,,,#N/A,138
12,31167,,,,,#N/A,16.3
12,31173,,,,,#N/A,16322
12,31175,,,,,#N/A,27202
12,31177,,,,,#N/A,17649
12,31179,,,,,#N/A,1526
12,31181,,,,,#N/A,12194
12,31183,,,,,#N/A,19309
12,31185,,,,,#N/A,4807
12,38003,,,,,#N/A,335100
12,38009,,,,,#N/A,47411
12,38013,,,,,#N/A,2632
12,38017,,,,,#N/A,1137572.85
12,38019,1,0,0,0,#N/A,32732.4
12,38021,,,,,#N/A,218434
12,38025,2,0,0,0,#N/A,37600.2
12,38029,4,0,0,0,#N/A,193004
12,38033,,,,,#N/A,21152
12,38035,1,0,0,0,#N/A,202132.4
12,38037,3,0,0,0,#N/A,53489
12,38039,4,0,0,0,#N/A,2196.25
12,38041,,,,,#N/A,55621
12,38043,,,,,#N/A,9100.95
12,38045,1,0,0,0,#N/A,2238141.5
12,38047,3,0,0,0,#N/A,81890.25
12,38051,2,0,0,0,#N/A,440469.25
12,38055,,,,,#N/A,52800
12,38057,,,,,#N/A,253
12,38061,,,,,#N/A,105985
12,38063,,,,,#N/A,2780.75
12,38067,,,,,#N/A,31578.75
12,38071,,,,,#N/A,140203
12,38073,,,,,#N/A,92587.5
12,38075,,,,,#N/A,16141.5
12,38077,,,,,#N/A,131271
12,38079,,,,,#N/A,2992.54
12,38081,,,,,#N/A,141265
12,38083,,,,,#N/A,17879
12,38085,,,,,#N/A,130447
12,38087,,,,,#N/A,30571
12,38089,,,,,#N/A,98432.8
12,38091,,,,,#N/A,242715.75
12,38093,,,,,#N/A,398335.9
12,38095,,,,,#N/A,30147.3
12,38097,,,,,#N/A,397622.05
12,38099,,,,,#N/A,14823.6
12,38101,,,,,#N/A,25796.6
12,38103,,,,,#N/A,3038.5
12,38105,,,,,#N/A,54704
12,46003,2,0,0,0,#N/A,10729
12,46005,4,0,0,0,#N/A,159219.7
12,46009,6,0,0,0,#N/A,840
12,46011,4,0,0,0,#N/A,224789.5
12,46013,2,0,0,0,#N/A,234673
12,46017,3,0,0,0,#N/A,3090
12,46019,3,0,0,0,#N/A,6813
12,46021,2,0,0,0,#N/A,67583
12,46023,3,0,0,0,#N/A,439
12,46025,1,0,0,0,#N/A,208727
12,46027,1,0,0,0,#N/A,2054
12,46035,3,0,0,0,#N/A,17290
12,46037,3,0,0,0,#N/A,12938
12,46039,2,0,0,0,#N/A,588570
12,46043,1,0,0,0,#N/A,26678
12,46045,2,0,0,0,#N/A,46260.5
12,46049,1,0,0,0,#N/A,17698
12,46051,1,0,0,0,#N/A,28093
12,46053,2,0,0,0,#N/A,9293
12,46057,2,0,0,0,#N/A,20506
12,46059,2,0,0,0,#N/A,24266
12,46061,3,0,0,0,#N/A,7886
12,46067,4,0,0,0,#N/A,6777
12,46069,2,0,0,0,#N/A,43596
12,46075,,,,,#N/A,6449
12,46077,,,,,#N/A,185938.65
12,46079,,,,,#N/A,354823
12,46083,,,,,#N/A,144695
12,46087,,,,,#N/A,16780
12,46089,,,,,#N/A,44335.5
12,46097,,,,,#N/A,12454.6
12,46099,,,,,#N/A,79242.2
12,46101,1,0,0,0,#N/A,14591
12,46105,,,,,#N/A,3376
12,46107,,,,,#N/A,30418
12,46109,,,,,#N/A,12132
12,46111,2,0,0,0,#N/A,69158.7
12,46115,1,0,0,0,#N/A,102505
12,46117,,,,,#N/A,34927
12,46121,,,,,#N/A,4985
12,46123,,,,,#N/A,7693
12,46125,,,,,#N/A,41498
12,46127,,,,,#N/A,18858
12,46129,,,,,#N/A,9250
12,46137,,,,,#N/A,25198
