Month,FIPS,se_count,Sum of MAGNITUDE,Average of MAGNITUDE,Max of MAGNITUDE
1,20001,1,,,
1,20005,1,,,
1,20006,2,50,50,50
1,20007,2,,,
1,20009,1,,,
1,20011,1,52,52,52
1,20012,1,52,52,52
1,20013,1,,,
1,20014,1,,,
1,20015,1,,,
1,20016,1,,,
1,20017,1,,,
1,20018,2,,,
1,20019,3,,,
1,20020,1,,,
1,20024,1,52,52,52
1,20025,2,52,52,52
1,20026,1,52,52,52
1,20027,2,,,
1,20028,1,,,
1,20029,1,,,
1,20030,1,,,
1,20032,1,,,
1,20033,1,,,
1,20036,1,,,
1,20040,2,52,52,52
1,20041,1,,,
1,20042,1,,,
1,20043,1,,,
1,20044,1,,,
1,20045,1,,,
1,20046,1,,,
1,20047,1,,,
1,20048,2,,,
1,20049,1,,,
1,20051,1,,,
1,20055,1,,,
1,20056,1,,,
1,20057,2,,,
1,20059,1,,,
1,20060,1,,,
1,20063,1,,,
1,20075,1,,,
1,20077,1,,,
1,20078,1,,,
1,20087,1,,,
1,20090,1,50,50,50
1,20102,2,52,52,52
1,20103,2,52,52,52
1,20104,2,52,52,52
1,20105,1,,,
1,31002,1,,,
1,31003,3,,,
1,31006,2,53,53,53
1,31007,2,53,53,53
1,31010,2,50,50,50
1,31011,2,50,50,50
1,31012,2,50,50,50
1,31013,1,,,
1,31014,1,,,
1,31015,2,50,50,50
1,31016,2,50,50,50
1,31017,2,50,50,50
1,31018,2,50,50,50
1,31019,2,105,52.5,53
1,31020,2,51,51,51
1,31026,1,52,52,52
1,31027,1,52,52,52
1,31028,1,53,53,53
1,31029,1,53,53,53
1,31030,2,52,52,52
1,31031,2,53,53,53
1,31032,2,50,50,50
1,31033,2,50,50,50
1,31034,3,101,50.5,51
1,31038,1,52,52,52
1,31039,8,423,52.875,59
1,31042,2,51,51,51
1,31043,2,50,50,50
1,31044,2,50,50,50
1,31045,2,50,50,50
1,31050,1,,,
1,31051,2,50,50,50
1,31052,3,50,50,50
1,31053,2,54,54,54
1,31055,2,52,52,52
1,31059,1,50,50,50
1,31060,1,,,
1,31061,1,,,
1,31062,2,109,54.5,55
1,31064,2,106,53,56
1,31065,1,50,50,50
1,31066,4,58,58,58
1,31067,4,50,50,50
1,31068,4,50,50,50
1,31072,1,,,
1,31073,1,,,
1,31075,2,110,55,58
1,31076,1,,,
1,31077,2,,,
1,31078,2,50,50,50
1,31082,1,,,
1,31084,1,,,
1,31085,1,,,
1,31086,2,,,
1,31087,2,,,
1,31088,2,50,50,50
1,31089,2,50,50,50
1,31090,3,50,50,50
1,31091,3,50,50,50
1,31092,3,50,50,50
1,31093,2,52,52,52
1,31095,1,50,50,50
1,38001,2,54,54,54
1,38002,2,52,52,52
1,38003,2,52,52,52
1,38004,1,,,
1,38005,1,,,
1,38006,4,,,
1,38007,5,,,
1,38008,6,,,
1,38009,2,56,56,56
1,38010,2,52,52,52
1,38011,2,53,53,53
1,38012,1,,,
1,38013,1,,,
1,38014,5,,,
1,38015,5,,,
1,38016,5,,,
1,38017,2,50,50,50
1,38018,2,52,52,52
1,38019,2,37,37,37
1,38020,2,52,52,52
1,38021,2,52,52,52
1,38022,2,52,52,52
1,38023,1,,,
1,38024,5,,,
1,38025,1,,,
1,38026,5,,,
1,38027,5,,,
1,38028,5,,,
1,38029,5,,,
1,38030,5,,,
1,38031,1,53,53,53
1,38032,1,52,52,52
1,38033,2,51,51,51
1,38034,2,50,50,50
1,38035,2,57,57,57
1,38036,1,,,
1,38037,1,,,
1,38038,5,,,
1,38039,5,,,
1,38040,1,52,52,52
1,38041,3,105,52.5,53
1,38042,2,52,52,52
1,38043,1,54,54,54
1,38044,1,,,
1,38045,2,53,53,53
1,38046,2,52,52,52
1,38047,1,,,
1,38048,1,,,
1,38049,5,,,
1,38050,1,,,
1,38051,1,,,
1,38052,5,,,
1,38053,5,,,
1,38054,5,,,
1,46001,1,62,62,62
1,46002,1,56,56,56
1,46003,2,53,53,53
1,46004,2,52,52,52
1,46005,2,,,
1,46006,3,,,
1,46007,2,,,
1,46008,2,,,
1,46009,3,55,55,55
1,46010,2,,,
1,46011,3,,,
1,46012,1,52,52,52
1,46013,1,56,56,56
1,46014,1,56,56,56
1,46015,1,53,53,53
1,46016,2,56,56,56
1,46017,2,,,
1,46018,3,,,
1,46019,3,,,
1,46020,3,,,
1,46021,3,,,
1,46022,3,,,
1,46023,3,,,
1,46024,2,,,
1,46025,2,52,52,52
1,46026,1,58,58,58
1,46027,1,52,52,52
1,46030,1,52,52,52
1,46031,1,60,60,60
1,46032,1,65,65,65
1,46033,1,56,56,56
1,46034,1,61,61,61
1,46035,1,62,62,62
1,46036,1,50,50,50
1,46037,3,56,56,56
1,46038,1,,,
1,46039,1,,,
1,46040,1,,,
1,46041,1,55,55,55
1,46042,1,52,52,52
1,46043,1,58,58,58
1,46044,1,52,52,52
1,46045,2,52,52,52
1,46046,1,52,52,52
1,46047,1,52,52,52
1,46048,2,63,63,63
1,46049,1,55,55,55
1,46050,1,,,
1,46051,1,56,56,56
1,46052,1,,,
1,46053,1,,,
1,46054,1,,,
1,46055,1,,,
1,46056,1,,,
1,46057,1,,,
1,46058,1,,,
1,46059,1,,,
1,46060,1,,,
1,46061,1,,,
1,46062,1,,,
1,46063,1,,,
1,46064,1,,,
1,46065,1,,,
1,46066,1,,,
1,46067,1,,,
1,46068,1,,,
1,46069,1,,,
1,46070,1,,,
1,46071,1,,,
1,46072,1,56,56,56
1,46073,1,56,56,56
1,46074,1,56,56,56
2,20004,1,,,
2,20005,2,,,
2,20006,2,,,
2,20007,2,,,
2,20008,1,,,
2,20009,1,,,
2,20010,1,,,
2,20013,2,,,
2,20014,2,,,
2,20015,1,,,
2,20016,1,,,
2,20017,2,,,
2,20018,2,,,
2,20019,2,,,
2,20020,1,,,
2,20021,3,1,1,1
2,20022,1,,,
2,20023,1,,,
2,20025,1,,,
2,20027,2,,,
2,20028,2,,,
2,20029,1,,,
2,20032,2,,,
2,20033,2,,,
2,20034,1,,,
2,20035,1,,,
2,20041,2,,,
2,20042,2,,,
2,20047,3,,,
2,20048,2,,,
2,20049,2,,,
2,20050,3,,,
2,20051,2,,,
2,20056,1,,,
2,20057,2,,,
2,20058,1,,,
2,20059,1,,,
2,20060,1,,,
2,20067,1,,,
2,20068,1,,,
2,20069,1,,,
2,20070,1,,,
2,20072,1,,,
2,20073,1,,,
2,20082,2,,,
2,20083,2,,,
2,20091,1,,,
2,20093,1,,,
2,20094,1,,,
2,20095,1,,,
2,20096,1,,,
2,20097,1,,,
2,20098,1,,,
2,20099,1,,,
2,20100,1,,,
2,20101,1,,,
2,20104,1,,,
2,20105,1,,,
2,31002,1,,,
2,31003,1,,,
2,31004,2,,,
2,31005,2,,,
2,31011,1,,,
2,31012,1,,,
2,31013,1,,,
2,31014,1,,,
2,31015,2,,,
2,31016,1,,,
2,31017,1,,,
2,31018,1,,,
2,31019,1,,,
2,31021,1,,,
2,31030,1,,,
2,31031,1,,,
2,31032,1,,,
2,31033,2,,,
2,31034,1,,,
2,31039,2,,,
2,31040,2,,,
2,31041,2,,,
2,31042,2,,,
2,31043,2,,,
2,31044,3,,,
2,31045,3,,,
2,31046,2,,,
2,31047,2,,,
2,31048,3,,,
2,31049,3,,,
2,31050,2,,,
2,31051,3,,,
2,31052,3,,,
2,31053,3,,,
2,31055,1,,,
2,31060,1,,,
2,31061,3,,,
2,31062,4,,,
2,31063,3,,,
2,31064,3,,,
2,31065,2,,,
2,31066,2,,,
2,31067,2,,,
2,31068,1,,,
2,31072,2,,,
2,31073,3,,,
2,31074,3,,,
2,31075,3,,,
2,31076,3,,,
2,31077,3,,,
2,31078,2,,,
2,31082,3,,,
2,31083,3,,,
2,31084,3,,,
2,31085,3,,,
2,31086,3,,,
2,31087,3,,,
2,31088,2,,,
2,31089,2,,,
2,31090,1,,,
2,31091,2,,,
2,31092,1,,,
2,31094,2,,,
2,31095,1,,,
2,31096,1,,,
2,38001,1,,,
2,38002,1,,,
2,38003,1,,,
2,38004,1,,,
2,38005,1,,,
2,38006,4,,,
2,38007,4,,,
2,38008,5,,,
2,38009,1,,,
2,38010,1,,,
2,38011,1,,,
2,38012,1,,,
2,38013,1,,,
2,38014,4,,,
2,38015,4,,,
2,38016,5,,,
2,38017,1,,,
2,38018,1,,,
2,38019,1,,,
2,38020,1,,,
2,38021,1,,,
2,38022,1,,,
2,38024,4,,,
2,38026,4,,,
2,38027,6,,,
2,38028,5,,,
2,38029,6,,,
2,38030,6,,,
2,38031,2,,,
2,38032,2,,,
2,38033,2,,,
2,38035,1,,,
2,38038,5,,,
2,38039,5,,,
2,38040,1,,,
2,38041,1,,,
2,38042,1,,,
2,38043,1,,,
2,38044,1,,,
2,38048,1,,,
2,38049,5,,,
2,38050,1,,,
2,38051,2,,,
2,38052,5,,,
2,38053,5,,,
2,38054,4,,,
2,46001,1,,,
2,46002,1,,,
2,46003,2,,,
2,46004,2,,,
2,46005,2,,,
2,46006,3,,,
2,46007,4,,,
2,46008,4,,,
2,46009,3,,,
2,46010,2,,,
2,46011,4,,,
2,46012,2,,,
2,46013,3,,,
2,46014,2,,,
2,46015,3,,,
2,46016,3,,,
2,46017,1,,,
2,46018,1,,,
2,46019,2,,,
2,46020,4,,,
2,46021,4,,,
2,46022,4,,,
2,46023,4,,,
2,46024,2,,,
2,46025,2,,,
2,46026,2,,,
2,46027,2,,,
2,46028,2,,,
2,46029,2,,,
2,46030,2,,,
2,46031,3,,,
2,46032,3,,,
2,46033,3,,,
2,46034,2,,,
2,46035,2,,,
2,46036,2,,,
2,46037,2,,,
2,46041,2,,,
2,46042,2,,,
2,46043,3,,,
2,46044,2,,,
2,46045,1,,,
2,46046,3,,,
2,46047,2,,,
2,46048,1,,,
2,46049,1,,,
2,46062,1,,,
2,46066,1,,,
2,46067,1,,,
2,46069,1,,,
2,46070,1,,,
2,46071,1,,,
2,46072,2,,,
2,46073,3,,,
2,46074,2,,,
3,20001,4,52,52,52
3,20002,2,59,59,59
3,20003,2,50,50,50
3,20004,2,50,50,50
3,20005,5,52,52,52
3,20006,3,52,52,52
3,20007,2,,,
3,20013,4,116,58,64
3,20014,2,56,56,56
3,20015,2,52,52,52
3,20016,3,109,54.5,56
3,20017,7,300,50,50
3,20018,1,,,
3,20019,1,,,
3,20027,4,74,74,74
3,20028,3,52,52,52
3,20029,3,54,54,54
3,20031,2,50,50,50
3,20032,1,,,
3,20033,1,,,
3,20035,2,2.75,1.375,1.75
3,20037,1,0.88,0.88,0.88
3,20039,1,,,
3,20041,1,63,63,63
3,20042,2,60,60,60
3,20043,1,,,
3,20044,1,,,
3,20045,1,,,
3,20046,1,,,
3,20047,1,,,
3,20048,1,,,
3,20061,5,169.88,42.47,59
3,20063,6,297,59.4,64
3,20064,2,50,50,50
3,20065,1,,,
3,20066,2,,,
3,20074,2,52,52,52
3,20075,1,,,
3,20077,1,,,
3,20078,5,221,55.25,62
3,20080,2,,,
3,20081,1,,,
3,20084,2,121,60.5,65
3,20086,2,110,55,56
3,20087,1,,,
3,20088,1,,,
3,20090,1,53,53,53
3,20111,1,0.88,0.88,0.88
3,20115,3,3.25,1.083333333,1.25
3,20143,1,1,1,1
3,20149,1,0.88,0.88,0.88
3,20177,1,0.88,0.88,0.88
3,20183,1,1.75,1.75,1.75
3,20193,4,,,
3,20201,2,2,1,1
3,31002,5,,,
3,31003,7,,,
3,31004,2,,,
3,31005,2,,,
3,31006,1,,,
3,31007,1,,,
3,31008,1,,,
3,31009,2,,,
3,31010,1,,,
3,31011,3,,,
3,31015,5,,,
3,31016,1,,,
3,31017,2,,,
3,31018,1,,,
3,31019,7,,,
3,31020,3,,,
3,31021,5,,,
3,31022,2,,,
3,31023,3,,,
3,31024,2,,,
3,31025,8,55,55,55
3,31026,2,55,55,55
3,31027,3,,,
3,31028,2,59,59,59
3,31029,1,,,
3,31030,1,,,
3,31031,1,,,
3,31032,1,50,50,50
3,31033,1,50,50,50
3,31035,2,,,
3,31036,3,62,62,62
3,31037,9,62,62,62
3,31038,2,67,67,67
3,31039,10,214,53.5,59
3,31040,3,,,
3,31041,16,103,51.5,52
3,31042,2,51,51,51
3,31043,5,50,50,50
3,31044,1,50,50,50
3,31046,4,54,54,54
3,31047,2,,,
3,31048,2,,,
3,31049,1,,,
3,31050,2,50,50,50
3,31051,5,50,50,50
3,31052,1,,,
3,31053,16,,,
3,31054,3,,,
3,31055,12,,,
3,31056,2,,,
3,31057,3,54,54,54
3,31058,2,54,54,54
3,31059,2,62,62,62
3,31060,14,640,53.33333333,58
3,31061,5,102.88,34.29333333,52
3,31062,8,314,52.33333333,55
3,31063,2,,,
3,31064,3,109,54.5,56
3,31065,1,50,50,50
3,31066,1,,,
3,31067,6,52.63,17.54333333,50
3,31069,1,59,59,59
3,31070,1,59,59,59
3,31071,3,64,64,64
3,31072,3,50,50,50
3,31073,6,204,51,53
3,31074,5,150,50,50
3,31075,7,210,52.5,55
3,31076,3,51,51,51
3,31077,1,,,
3,31078,1,50,50,50
3,31079,4,52,52,52
3,31080,2,59,59,59
3,31081,2,64,64,64
3,31082,4,109,54.5,57
3,31083,3,2.5,2.5,2.5
3,31084,2,,,
3,31085,2,,,
3,31086,3,53,53,53
3,31087,1,,,
3,31089,3,,,
3,31093,3,,,
3,31094,2,,,
3,31095,5,,,
3,31096,3,,,
3,31103,2,,,
3,31107,4,,,
3,31111,3,,,
3,31113,1,,,
3,31119,3,,,
3,31121,2,,,
3,31125,2,,,
3,31127,1,,,
3,31129,3,4.25,1.416666667,1.75
3,31131,1,,,
3,31139,4,,,
3,31141,5,,,
3,31147,1,,,
3,31149,3,,,
3,31151,1,,,
3,31153,7,,,
3,31155,8,,,
3,31159,1,,,
3,31163,2,,,
3,31167,1,,,
3,31169,1,1,1,1
3,31173,2,,,
3,31175,2,,,
3,31177,3,,,
3,31179,2,,,
3,31181,3,3.63,1.21,1.75
3,31183,1,,,
3,38006,1,,,
3,38007,2,,,
3,38008,2,,,
3,38014,2,,,
3,38015,2,,,
3,38016,2,,,
3,38023,1,,,
3,38024,2,,,
3,38025,2,,,
3,38026,2,,,
3,38027,3,,,
3,38028,3,,,
3,38029,3,,,
3,38030,3,,,
3,38034,2,,,
3,38035,2,,,
3,38036,2,,,
3,38037,3,,,
3,38038,3,,,
3,38039,3,,,
3,38041,1,,,
3,38042,1,,,
3,38043,1,,,
3,38044,1,,,
3,38045,2,,,
3,38047,2,,,
3,38048,2,,,
3,38049,3,,,
3,38050,2,,,
3,38051,2,,,
3,38052,3,,,
3,38053,4,,,
3,38054,2,,,
3,38059,1,,,
3,46001,2,,,
3,46002,2,,,
3,46003,5,,,
3,46004,3,,,
3,46005,5,,,
3,46006,3,,,
3,46007,4,,,
3,46008,3,,,
3,46009,10,,,
3,46010,3,,,
3,46011,8,,,
3,46012,2,,,
3,46013,4,,,
3,46014,2,,,
3,46015,5,,,
3,46016,3,,,
3,46017,4,,,
3,46018,3,,,
3,46019,3,,,
3,46020,3,,,
3,46021,4,,,
3,46022,2,,,
3,46023,5,,,
3,46024,1,,,
3,46025,2,,,
3,46026,3,,,
3,46027,7,,,
3,46028,2,,,
3,46029,4,,,
3,46030,3,,,
3,46031,6,,,
3,46032,2,,,
3,46033,2,,,
3,46034,2,,,
3,46035,5,,,
3,46036,2,,,
3,46037,4,,,
3,46038,4,,,
3,46039,4,,,
3,46040,3,,,
3,46041,4,,,
3,46042,3,,,
3,46043,4,,,
3,46044,3,,,
3,46045,3,,,
3,46046,3,,,
3,46047,3,,,
3,46048,2,,,
3,46049,3,,,
3,46050,3,,,
3,46051,4,,,
3,46052,3,,,
3,46053,5,,,
3,46054,3,,,
3,46055,4,,,
3,46056,3,,,
3,46057,6,,,
3,46058,4,,,
3,46059,4,,,
3,46060,3,,,
3,46061,5,,,
3,46062,3,,,
3,46063,4,,,
3,46064,2,,,
3,46065,2,,,
3,46067,4,,,
3,46069,1,,,
3,46071,1,,,
3,46072,2,,,
3,46073,4,,,
3,46074,2,,,
3,46075,3,,,
3,46077,1,,,
3,46079,2,,,
3,46083,7,,,
3,46085,2,,,
3,46087,2,,,
3,46089,1,,,
3,46091,1,,,
3,46093,1,,,
3,46095,1,,,
3,46097,1,,,
3,46099,15,,,
3,46101,8,,,
3,46102,1,,,
3,46103,2,,,
3,46105,1,,,
3,46107,1,,,
3,46109,2,,,
3,46111,3,,,
3,46115,3,,,
3,46117,2,,,
3,46119,1,,,
3,46121,2,,,
3,46123,2,,,
3,46125,5,,,
3,46127,8,,,
3,46129,1,,,
3,46135,4,,,
3,46137,1,,,
4,20001,1,,,
4,20003,6,165,33,61
4,20005,2,,,
4,20006,1,50,50,50
4,20009,9,180.5,20.05555556,64
4,20013,1,,,
4,20015,5,3.76,0.94,1
4,20017,1,61,61,61
4,20021,7,323.75,46.25,63
4,20023,2,55,27.5,53
4,20029,3,3.25,1.083333333,1.5
4,20031,6,55.63,11.126,50
4,20035,2,2,1,1
4,20037,8,312,52,52
4,20043,1,,,
4,20049,5,4.25,1.416666667,2
4,20059,3,2,1,1
4,20063,4,106,26.5,52
4,20065,2,113,56.5,61
4,20073,6,184.75,36.95,61
4,20075,1,0.75,0.75,0.75
4,20077,4,2.88,0.96,1
4,20091,2,,,
4,20099,2,61,61,61
4,20101,3,108,36,57
4,20103,1,,,
4,20107,3,,,
4,20111,2,61,61,61
4,20121,2,0.75,0.75,0.75
4,20123,1,1.75,1.75,1.75
4,20125,3,159,53,56
4,20131,1,52,52,52
4,20135,3,67.75,22.58333333,65
4,20139,1,,,
4,20141,1,53,53,53
4,20145,1,1.75,1.75,1.75
4,20147,5,223,44.6,59
4,20153,1,73,73,73
4,20155,6,7.75,1.291666667,1.75
4,20159,2,3,1.5,1.5
4,20163,1,65,65,65
4,20165,4,4.75,1.1875,1.75
4,20171,1,1,1,1
4,20173,4,4.63,1.1575,1.75
4,20179,1,0.88,0.88,0.88
4,20181,2,54,27,53
4,20183,2,106,53,55
4,20191,2,0.75,0.75,0.75
4,20195,2,112,56,56
4,20199,4,111.88,37.29333333,61
4,20201,1,1.25,1.25,1.25
4,20207,1,61,61,61
4,20209,1,,,
4,31001,2,1.63,0.815,0.88
4,31002,1,,,
4,31003,1,,,
4,31004,1,,,
4,31005,1,,,
4,31006,1,,,
4,31007,1,,,
4,31008,1,,,
4,31009,1,,,
4,31010,1,,,
4,31011,1,,,
4,31012,1,,,
4,31016,1,,,
4,31019,9,7.88,1.125714286,1.75
4,31020,1,,,
4,31021,1,,,
4,31022,1,,,
4,31023,1,,,
4,31024,1,,,
4,31025,1,,,
4,31026,1,,,
4,31027,1,,,
4,31029,3,123,41,61
4,31035,2,0.88,0.88,0.88
4,31036,1,,,
4,31037,1,,,
4,31039,1,,,
4,31040,1,,,
4,31047,3,2.76,0.92,1
4,31054,1,,,
4,31055,1,,,
4,31056,1,,,
4,31057,1,,,
4,31058,1,,,
4,31059,2,50,50,50
4,31060,2,52,52,52
4,31061,3,2.88,0.96,1
4,31067,4,4.51,1.1275,1.5
4,31069,1,,,
4,31072,1,,,
4,31079,2,1.88,0.94,1
4,31080,1,,,
4,31081,1,,,
4,31082,2,54,54,54
4,31083,1,1,1,1
4,31093,3,3.38,1.126666667,1.5
4,31094,1,,,
4,31095,1,,,
4,31096,1,,,
4,31099,3,2.88,0.96,1
4,31109,6,55.38,9.23,50
4,31119,1,50,50,50
4,31129,2,52.25,26.125,51
4,31131,1,0.88,0.88,0.88
4,31157,5,264,52.8,58
4,31165,1,52,52,52
4,31181,4,55.26,13.815,52
4,38002,1,,,
4,38003,1,,,
4,38004,1,,,
4,38005,1,,,
4,38009,1,,,
4,38010,1,,,
4,38011,1,,,
4,38012,1,,,
4,38013,1,,,
4,38017,1,,,
4,38028,1,,,
4,38029,1,,,
4,38030,1,,,
4,38035,1,,,
4,38037,1,,,
4,38038,2,,,
4,38039,2,,,
4,38045,1,,,
4,38046,1,,,
4,38047,1,,,
4,38048,2,,,
4,38049,2,,,
4,38050,1,,,
4,38051,2,,,
4,38052,2,,,
4,38053,2,,,
4,38067,1,,,
4,38073,1,,,
4,38081,1,,,
4,38091,1,,,
4,38097,1,,,
4,38099,1,,,
4,46001,2,,,
4,46002,2,,,
4,46003,2,,,
4,46004,1,,,
4,46005,2,,,
4,46006,1,,,
4,46007,1,,,
4,46008,1,,,
4,46009,4,,,
4,46010,1,,,
4,46011,4,,,
4,46012,1,,,
4,46013,8,,,
4,46014,1,,,
4,46015,2,,,
4,46016,1,,,
4,46017,2,,,
4,46018,1,,,
4,46019,1,,,
4,46020,1,,,
4,46021,2,,,
4,46022,1,,,
4,46023,1,,,
4,46024,2,,,
4,46025,2,,,
4,46026,2,,,
4,46027,2,,,
4,46028,2,,,
4,46029,7,,,
4,46030,1,,,
4,46031,3,,,
4,46032,1,,,
4,46033,1,,,
4,46034,1,,,
4,46035,4,,,
4,46036,1,,,
4,46037,2,,,
4,46038,1,,,
4,46039,2,,,
4,46040,1,,,
4,46041,2,,,
4,46042,1,,,
4,46043,1,,,
4,46044,1,,,
4,46045,2,,,
4,46046,1,,,
4,46047,1,,,
4,46048,1,,,
4,46049,2,,,
4,46050,1,,,
4,46051,2,,,
4,46052,1,,,
4,46053,1,,,
4,46054,1,,,
4,46055,1,,,
4,46056,1,,,
4,46057,4,,,
4,46058,1,,,
4,46059,2,,,
4,46060,1,,,
4,46061,2,,,
4,46062,1,,,
4,46063,1,,,
4,46064,1,,,
4,46065,2,,,
4,46066,1,,,
4,46067,3,,,
4,46068,1,,,
4,46069,2,,,
4,46070,1,,,
4,46071,1,,,
4,46072,1,,,
4,46073,1,,,
4,46074,2,,,
4,46075,1,,,
4,46083,6,,,
4,46085,1,,,
4,46089,1,,,
4,46091,1,,,
4,46099,10,,,
4,46101,6,,,
4,46107,1,,,
4,46109,2,,,
4,46111,2,,,
4,46115,3,,,
4,46117,1,,,
4,46119,1,,,
4,46125,3,,,
4,46127,4,,,
4,46129,1,,,
4,46135,3,,,
5,20001,2,56,56,56
5,20003,8,53,26.5,52
5,20005,4,1,1,1
5,20007,3,,,
5,20009,20,248.76,16.584,65
5,20011,3,,,
5,20013,6,76.75,12.79166667,70
5,20015,37,671.02,31.95333333,61
5,20017,3,62,31,61
5,20018,1,52,52,52
5,20019,3,169,56.33333333,61
5,20021,18,223.75,22.375,61
5,20023,1,1,1,1
5,20025,8,119,19.83333333,63
5,20027,4,2.88,0.96,1
5,20029,6,57.51,9.585,52
5,20031,11,228.5,45.7,61
5,20033,3,1,1,1
5,20035,19,228.38,20.76181818,61
5,20037,21,315,52.5,55
5,20039,2,,,
5,20041,10,128.38,16.0475,70
5,20043,3,2.5,1.25,1.5
5,20045,8,273,54.6,61
5,20047,5,63.25,31.625,62
5,20049,3,1,1,1
5,20051,9,142.88,28.576,70
5,20053,6,64.75,12.95,61
5,20055,4,225,56.25,61
5,20057,17,243.25,30.40625,70
5,20059,14,595.75,49.64583333,70
5,20061,12,352.25,32.02272727,61
5,20063,6,8.26,1.376666667,3
5,20067,7,49.63,16.54333333,48
5,20069,10,5.88,0.98,1
5,20073,15,299,33.22222222,70
5,20075,7,112,16,55
5,20077,4,53,26.5,52
5,20079,10,59.75,11.95,56
5,20081,4,54,13.5,50
5,20083,14,262.5,29.16666667,78
5,20085,6,3.88,0.97,1
5,20089,5,65.13,13.026,61
5,20091,1,52,52,52
5,20093,3,3.5,1.166666667,1.5
5,20095,8,343,57.16666667,61
5,20097,1,61,61,61
5,20099,5,61,61,61
5,20101,1,51,51,51
5,20103,10,291,58.2,61
5,20104,1,52,52,52
5,20105,6,176.75,29.45833333,61
5,20109,3,3,1.5,1.75
5,20111,14,253.51,31.68875,75
5,20113,21,485.38,30.33625,62
5,20115,13,161.75,17.97222222,52
5,20117,3,113,56.5,61
5,20119,18,11.5,1.4375,2.25
5,20121,3,2.75,1.375,1.75
5,20123,5,171,57,60
5,20125,14,236,59,61
5,20127,1,1,1,1
5,20129,4,5.25,1.3125,1.75
5,20131,7,54.88,13.72,52
5,20133,11,156,39,52
5,20135,1,1,1,1
5,20137,3,3.75,1.25,1.75
5,20139,19,936.5,58.53125,70
5,20141,3,2,1,1
5,20143,6,281,46.83333333,78
5,20145,8,5.25,1.75,2.5
5,20147,2,1,1,1
5,20149,1,70,70,70
5,20151,10,380,42.22222222,70
5,20153,9,60.75,8.678571429,52
5,20155,28,477.5,28.08823529,65
5,20157,3,4,1.333333333,1.5
5,20159,16,385,35,87
5,20161,4,117,29.25,61
5,20163,3,5.5,2.75,3
5,20165,5,70,70,70
5,20167,5,68.5,17.125,66
5,20169,16,348.88,26.83692308,66
5,20171,4,6.5,1.625,2
5,20173,45,774.01,28.66703704,61
5,20175,6,174.5,29.08333333,67
5,20177,3,3,1.5,2
5,20179,2,0.75,0.75,0.75
5,20181,9,8.51,1.215714286,2
5,20183,3,3,1,1
5,20185,3,66,33,65
5,20187,10,111.88,12.43111111,52
5,20189,5,5.5,1.1,1.5
5,20191,21,274.25,39.17857143,56
5,20193,13,60,8.571428571,51
5,20195,5,9,1.8,2.75
5,20197,4,175,43.75,61
5,20199,8,57.75,9.625,52
5,20201,4,64.75,21.58333333,61
5,20203,4,4.63,1.1575,1.75
5,20205,7,52,52,52
5,20207,4,2.63,1.315,1.75
5,20209,3,70,70,70
5,31001,9,8.38,1.197142857,1.5
5,31002,1,,,
5,31003,2,51,25.5,50
5,31011,1,61,61,61
5,31016,1,52,52,52
5,31017,6,7,1.166666667,1.75
5,31019,6,6.75,1.125,2
5,31020,1,,,
5,31021,1,1.5,1.5,1.5
5,31023,5,3.5,1.75,1.75
5,31025,2,65.88,32.94,65
5,31029,16,212.75,17.72916667,77
5,31031,1,1,1,1
5,31033,4,4.63,1.1575,1.75
5,31034,1,57,57,57
5,31035,6,6.5,1.3,1.75
5,31037,1,,,
5,31041,7,111.25,18.54166667,54
5,31043,2,,,
5,31047,12,59.13,7.39125,50
5,31049,5,59,11.8,52
5,31051,1,,,
5,31053,3,3,1,1
5,31055,14,126.25,12.625,65
5,31057,6,57.63,9.605,51
5,31059,1,,,
5,31061,6,6.13,1.5325,2
5,31063,12,59.25,14.8125,52
5,31065,3,3.01,1.003333333,1.25
5,31067,6,5.5,1.375,2.5
5,31081,9,125.63,15.70375,65
5,31082,1,51,51,51
5,31083,4,3,1.5,2
5,31085,2,1,1,1
5,31087,7,10.63,1.771666667,3
5,31089,1,1,1,1
5,31091,5,6.5,1.3,1.75
5,31093,1,1.5,1.5,1.5
5,31095,10,117,14.625,54
5,31097,5,5,1.25,1.75
5,31099,2,2,1,1
5,31101,16,69,4.928571429,50
5,31103,1,1,1,1
5,31107,1,61,61,61
5,31109,25,771.75,45.39705882,80
5,31111,20,22.88,1.525333333,2.75
5,31113,1,1.25,1.25,1.25
5,31115,1,1,1,1
5,31121,3,3,1.5,1.75
5,31127,7,1,1,1
5,31129,1,,,
5,31131,2,104,52,52
5,31133,4,50.88,25.44,50
5,31135,1,1.5,1.5,1.5
5,31137,2,110,55,57
5,31141,4,,,
5,31143,3,1.76,0.88,0.88
5,31145,3,1.5,1.5,1.5
5,31147,13,53,26.5,52
5,31153,6,171.25,34.25,65
5,31155,9,131,18.71428571,73
5,31159,4,92.75,46.375,91
5,31167,1,,,
5,31171,2,2.75,1.375,1.75
5,31173,1,,,
5,31175,1,56,56,56
5,31177,1,1,1,1
5,31181,5,3.88,0.97,1
5,31185,2,0.88,0.88,0.88
5,38003,9,118.25,19.70833333,61
5,38017,1,,,
5,38027,3,65.5,21.83333333,63
5,38029,5,5.75,1.15,1.5
5,38035,4,114.75,28.6875,56
5,38039,2,112,56,56
5,38043,1,1.5,1.5,1.5
5,38047,1,1.5,1.5,1.5
5,38059,3,4.5,1.5,1.75
5,38063,1,1,1,1
5,38071,2,1,1,1
5,38077,2,57,28.5,56
5,38091,8,280.5,40.07142857,62
5,38093,1,1.75,1.75,1.75
5,38097,3,160,53.33333333,56
5,46003,1,,,
5,46005,1,,,
5,46007,2,,,
5,46009,4,,,
5,46011,7,51,25.5,50
5,46013,2,,,
5,46015,1,,,
5,46017,1,,,
5,46019,3,1.25,1.25,1.25
5,46021,1,,,
5,46023,2,,,
5,46024,2,,,
5,46025,3,,,
5,46026,2,,,
5,46027,4,,,
5,46028,2,,,
5,46029,4,,,
5,46031,1,,,
5,46033,2,,,
5,46035,2,,,
5,46037,1,,,
5,46039,1,,,
5,46041,2,,,
5,46045,2,0.75,0.75,0.75
5,46047,3,1.88,0.94,1
5,46049,1,,,
5,46051,1,,,
5,46055,3,,,
5,46057,4,1,1,1
5,46059,1,,,
5,46061,1,,,
5,46063,2,,,
5,46065,4,0.88,0.88,0.88
5,46067,2,,,
5,46069,1,,,
5,46071,2,,,
5,46072,2,,,
5,46074,2,,,
5,46075,4,,,
5,46083,6,,,
5,46085,4,,,
5,46087,1,,,
5,46089,1,,,
5,46091,2,1,1,1
5,46093,13,6,1,1
5,46095,2,,,
5,46099,9,,,
5,46101,5,,,
5,46102,3,,,
5,46103,4,,,
5,46105,2,,,
5,46107,1,,,
5,46109,2,,,
5,46111,2,,,
5,46115,4,,,
5,46117,2,,,
5,46119,1,,,
5,46121,2,1,1,1
5,46123,4,56,56,56
5,46125,6,,,
5,46127,9,0.88,0.88,0.88
5,46129,1,,,
5,46135,2,,,
5,46137,5,,,
6,20001,6,60.63,10.105,56
6,20003,7,8.75,1.458333333,1.75
6,20005,1,,,
6,20007,3,61.5,20.5,59
6,20009,8,61.5,8.785714286,52
6,20013,2,,,
6,20015,18,287.5,31.94444444,65
6,20021,1,1,1,1
6,20023,5,4.25,1.416666667,2
6,20025,2,4.25,2.125,2.75
6,20027,1,,,
6,20029,3,53.25,26.625,52
6,20031,3,52,52,52
6,20033,2,3,1.5,1.5
6,20035,2,,,
6,20037,4,54.38,18.12666667,52
6,20041,2,61,61,61
6,20043,2,56,56,56
6,20045,6,268,53.6,61
6,20047,9,62.25,7.78125,52
6,20048,1,57,57,57
6,20049,5,58,58,58
6,20050,1,55,55,55
6,20051,1,54,54,54
6,20053,8,11.25,1.40625,2
6,20055,4,223,55.75,65
6,20057,11,181,16.45454545,65
6,20059,7,177.25,35.45,87
6,20061,3,160,53.33333333,56
6,20063,5,118,23.6,61
6,20067,4,3.5,1.166666667,1.5
6,20069,7,171.25,24.46428571,61
6,20071,1,1,1,1
6,20073,1,,,
6,20075,1,,,
6,20077,8,110.5,27.625,56
6,20079,1,0.75,0.75,0.75
6,20081,6,7,1.4,1.75
6,20083,6,210,35,52
6,20085,1,52,52,52
6,20087,7,226.88,45.376,61
6,20089,9,273.88,30.43111111,57
6,20091,13,221.88,17.06769231,56
6,20093,2,50.88,25.44,50
6,20095,8,232,38.66666667,65
6,20097,4,59.5,14.875,56
6,20099,3,,,
6,20103,7,104.88,34.96,52
6,20105,3,3.5,1.75,1.75
6,20107,4,106,26.5,52
6,20109,11,60.75,7.59375,51
6,20113,4,174.75,43.6875,61
6,20115,7,1,1,1
6,20117,4,3.63,1.21,1.75
6,20119,3,2.5,0.833333333,1
6,20121,1,56,56,56
6,20123,2,54,27,53
6,20125,3,,,
6,20129,4,3.75,0.9375,1
6,20133,6,161.63,32.326,56
6,20137,1,77,77,77
6,20139,1,1,1,1
6,20141,2,2.13,1.065,1.25
6,20145,5,4.5,1.5,1.5
6,20147,1,51,51,51
6,20149,1,52,52,52
6,20151,1,1,1,1
6,20153,6,246.88,41.14666667,76
6,20155,11,232.25,25.80555556,61
6,20157,2,108,54,56
6,20159,13,277.51,23.12583333,63
6,20161,1,52,52,52
6,20165,1,,,
6,20167,3,54.25,18.08333333,52
6,20169,2,1,1,1
6,20171,3,106.88,35.62666667,55
6,20173,46,1511.5,37.7875,70
6,20175,1,1,1,1
6,20177,2,62,31,61
6,20179,2,152,76,89
6,20181,12,127,12.7,60
6,20187,10,361.25,36.125,74
6,20189,1,1,1,1
6,20191,6,282,56.4,61
6,20193,11,13.25,1.472222222,2
6,20195,1,54,54,54
6,20199,13,702,54,91
6,20203,1,0.88,0.88,0.88
6,20205,1,65,65,65
6,20209,6,56.25,11.25,52
6,31001,12,232.63,19.38583333,59
6,31007,1,52,52,52
6,31009,2,3.5,1.75,1.75
6,31011,1,1,1,1
6,31013,7,53,13.25,50
6,31014,3,,,
6,31017,1,1,1,1
6,31019,1,62,62,62
6,31029,7,9.25,1.321428571,1.75
6,31031,5,56,11.2,52
6,31033,4,161.75,40.4375,56
6,31035,9,129.13,14.34777778,65
6,31041,4,53.25,13.3125,50
6,31043,3,,,
6,31045,9,162.75,18.08333333,52
6,31051,2,,,
6,31057,2,52,52,52
6,31059,7,60.01,8.572857143,52
6,31061,3,54.25,18.08333333,51
6,31065,15,782,55.85714286,83
6,31067,3,159,53,55
6,31073,1,61,61,61
6,31077,1,61,61,61
6,31079,3,103,51.5,52
6,31081,1,70,70,70
6,31083,5,215,53.75,61
6,31085,1,52,52,52
6,31087,1,1.25,1.25,1.25
6,31093,1,,,
6,31095,2,52.88,26.44,52
6,31097,3,156,52,52
6,31099,4,264,66,83
6,31101,5,116,23.2,61
6,31105,3,2.25,1.125,1.25
6,31109,1,0.88,0.88,0.88
6,31111,14,117.25,8.375,52
6,31113,1,1.5,1.5,1.5
6,31117,2,2,1,1
6,31123,1,56,56,56
6,31127,6,6.88,1.376,1.75
6,31129,10,232,29,61
6,31131,1,53,53,53
6,31135,1,1,1,1
6,31137,10,504,50.4,65
6,31143,1,,,
6,31145,2,108,54,56
6,31147,2,51,51,51
6,31151,4,53,26.5,52
6,31155,1,,,
6,31157,14,15.51,1.107857143,1.5
6,31159,1,52,52,52
6,31161,4,106,26.5,52
6,31165,3,2.68,0.893333333,1
6,31169,3,52,52,52
6,31171,1,52,52,52
6,31175,2,125,62.5,64
6,31181,8,157.5,22.5,52
6,31185,6,112.63,22.526,56
6,38003,3,108.88,36.29333333,56
6,38005,4,165.25,41.3125,60
6,38006,1,35,35,35
6,38007,2,2.63,1.315,1.75
6,38009,3,57.88,19.29333333,56
6,38011,3,4.75,1.583333333,1.75
6,38013,1,52,52,52
6,38014,1,52,52,52
6,38015,5,197.88,39.576,56
6,38017,14,770,55,70
6,38019,2,108,54,56
6,38021,2,56,56,56
6,38027,1,60,60,60
6,38029,1,56,56,56
6,38031,1,,,
6,38035,5,156.88,39.22,52
6,38037,1,3,3,3
6,38039,3,56.75,18.91666667,55
6,38041,1,1,1,1
6,38045,1,,,
6,38053,1,,,
6,38059,3,3.63,1.21,1.75
6,38061,1,,,
6,38067,1,0.75,0.75,0.75
6,38069,1,61,61,61
6,38071,4,4,1,1.25
6,38073,1,1,1,1
6,38077,3,114,38,61
6,38079,2,1,1,1
6,38087,1,0.88,0.88,0.88
6,38091,1,61,61,61
6,38093,5,1.25,1.25,1.25
6,38097,5,55.5,13.875,52
6,38099,4,55.13,13.7825,52
6,38101,1,50,50,50
6,38103,1,,,
6,46003,3,108,54,56
6,46005,3,50,50,50
6,46007,2,1,1,1
6,46009,5,,,
6,46011,6,,,
6,46013,6,64.25,21.41666667,62
6,46015,2,,,
6,46017,1,,,
6,46019,4,165.75,41.4375,61
6,46021,1,,,
6,46023,5,1.88,0.94,1
6,46025,1,,,
6,46027,3,,,
6,46029,1,,,
6,46031,2,52,52,52
6,46033,10,17.25,1.725,2.5
6,46035,3,1,1,1
6,46037,1,,,
6,46038,1,,,
6,46039,7,124,31,61
6,46040,2,,,
6,46041,1,,,
6,46043,1,,,
6,46045,1,,,
6,46047,2,2,1,1
6,46049,2,1,1,1
6,46050,3,,,
6,46051,2,1,1,1
6,46052,1,,,
6,46053,9,59.5,9.916666667,52
6,46054,2,,,
6,46055,2,,,
6,46056,2,,,
6,46057,6,52.88,26.44,52
6,46058,2,,,
6,46059,5,52,52,52
6,46060,3,,,
6,46061,7,2,1,1
6,46062,2,,,
6,46063,8,60.13,12.026,56
6,46064,3,,,
6,46065,5,,,
6,46066,3,,,
6,46067,8,,,
6,46068,3,,,
6,46069,9,7.5,1.5,2
6,46070,3,,,
6,46071,7,115,28.75,61
6,46073,1,,,
6,46075,1,,,
6,46077,1,,,
6,46079,2,1,1,1
6,46081,7,6.38,0.911428571,1
6,46083,7,,,
6,46085,4,1,1,1
6,46087,1,,,
6,46089,3,2,1,1
6,46091,1,,,
6,46093,1,,,
6,46095,2,2,1,1
6,46097,1,,,
6,46099,12,53.25,13.3125,51
6,46101,7,55.75,27.875,55
6,46102,3,2.75,1.375,1.75
6,46103,17,73.89,4.618125,53
6,46105,4,171.5,42.875,61
6,46107,1,,,
6,46109,1,,,
6,46111,3,,,
6,46115,3,,,
6,46117,1,,,
6,46119,1,,,
6,46121,5,161,40.25,56
6,46123,9,173,21.625,65
6,46125,4,0.88,0.88,0.88
6,46127,12,,,
6,46129,2,0.88,0.88,0.88
6,46135,3,,,
6,46137,2,105,52.5,53
7,20001,1,1,1,1
7,20003,9,112.25,12.47222222,52
7,20007,2,64,32,63
7,20009,10,327,54.5,61
7,20011,1,55,55,55
7,20013,1,,,
7,20015,6,222,55.5,61
7,20019,2,,,
7,20021,1,55,55,55
7,20027,3,110,55,55
7,20028,1,,,
7,20029,1,51,51,51
7,20031,3,187,62.33333333,70
7,20033,1,0.75,0.75,0.75
7,20035,1,56,56,56
7,20037,4,156,52,52
7,20041,1,,,
7,20051,3,114,38,61
7,20055,7,61.75,30.875,61
7,20057,1,0.88,0.88,0.88
7,20059,1,52,52,52
7,20069,4,209.88,52.47,74
7,20071,4,52.88,26.44,52
7,20075,2,133,66.5,74
7,20081,1,1.75,1.75,1.75
7,20083,3,169,56.33333333,65
7,20087,2,113,56.5,61
7,20089,1,52,52,52
7,20091,3,165,55,61
7,20093,6,8.13,1.355,1.75
7,20099,2,125,62.5,67
7,20101,1,,,
7,20103,2,57,28.5,56
7,20113,3,,,
7,20115,5,,,
7,20117,6,365,60.83333333,70
7,20125,3,171,57,61
7,20129,1,,,
7,20135,2,57,28.5,56
7,20139,1,0.88,0.88,0.88
7,20149,1,52,52,52
7,20153,11,294.64,32.73777778,61
7,20157,6,353,58.83333333,65
7,20159,2,122,61,61
7,20161,3,111,55.5,59
7,20165,3,52,52,52
7,20167,1,50,50,50
7,20169,3,,,
7,20173,3,2,1,1
7,20175,1,56,56,56
7,20177,5,4.88,0.976,1
7,20179,1,61,61,61
7,20181,9,270.25,38.60714286,59
7,20187,1,52,52,52
7,20191,3,53,26.5,52
7,20201,12,850,70.83333333,85
7,20209,1,52,52,52
7,31001,4,108,54,56
7,31003,1,52,52,52
7,31009,1,53,53,53
7,31013,6,10.5,1.75,2.75
7,31015,4,54.25,18.08333333,52
7,31019,5,104,34.66666667,52
7,31031,19,248,13.05263158,70
7,31033,10,132.38,18.91142857,65
7,31035,1,52,52,52
7,31041,4,169,42.25,61
7,31045,7,116.5,16.64285714,56
7,31047,6,108,36,55
7,31049,1,,,
7,31055,3,175,58.33333333,65
7,31061,2,1,1,1
7,31063,7,1,1,1
7,31065,4,162,54,60
7,31069,4,230,57.5,61
7,31073,4,1.75,1.75,1.75
7,31083,2,55,55,55
7,31087,1,52,52,52
7,31089,2,53,26.5,52
7,31091,1,52,52,52
7,31095,2,104,52,52
7,31099,1,,,
7,31101,4,217,54.25,56
7,31103,1,,,
7,31107,2,3,1.5,1.75
7,31111,5,210.5,42.1,55
7,31119,1,1,1,1
7,31123,2,1.88,0.94,1
7,31129,1,1.25,1.25,1.25
7,31135,1,56,56,56
7,31137,5,122.88,40.96,70
7,31145,6,7.25,1.208333333,1.5
7,31157,11,341,37.88888889,61
7,31161,13,239,18.38461538,61
7,31165,4,2.75,1.375,1.75
7,31169,1,50,50,50
7,31171,3,107.75,35.91666667,54
7,31181,3,118,39.33333333,61
7,38001,2,2.75,1.375,1.75
7,38003,2,2,1,1
7,38005,1,60,60,60
7,38007,2,51,25.5,50
7,38009,5,66.5,13.3,61
7,38013,1,1.75,1.75,1.75
7,38015,7,84.25,14.04166667,78
7,38017,13,402.75,40.275,65
7,38019,10,173,19.22222222,60
7,38023,3,104.75,34.91666667,52
7,38025,3,113,37.66666667,56
7,38027,2,60,60,60
7,38029,1,,,
7,38033,2,2.5,1.25,1.5
7,38035,9,457,57.125,70
7,38037,4,4.88,1.22,2
7,38039,1,52,52,52
7,38041,9,88,11,78
7,38043,1,1,1,1
7,38045,2,2,1,1
7,38055,2,2.38,1.19,1.5
7,38057,3,58,29,57
7,38059,6,62.75,10.45833333,56
7,38061,5,57,11.4,52
7,38063,11,371.75,41.30555556,68
7,38065,2,2,1,1
7,38067,3,113,56.5,60
7,38071,1,60,60,60
7,38075,3,3.38,1.126666667,1.5
7,38077,10,56.5,28.25,55
7,38081,3,150,50,50
7,38083,1,,,
7,38085,7,5.63,0.938333333,1
7,38087,2,56,28,55
7,38089,12,318.75,26.5625,67
7,38091,2,60.88,30.44,60
7,38093,5,57.25,11.45,52
7,38095,2,1,1,1
7,38097,2,61,30.5,60
7,38099,6,53.38,13.345,50
7,38101,3,2,1,1
7,38103,3,52.88,26.44,52
7,38105,2,120,60,61
7,46003,9,405.75,45.08333333,65
7,46005,14,538.63,44.88583333,66
7,46007,11,176.5,35.3,61
7,46009,5,56,56,56
7,46011,5,65,65,65
7,46013,5,251,62.75,70
7,46015,5,157.75,39.4375,55
7,46017,4,164,54.66666667,56
7,46019,5,1.75,0.875,1
7,46021,2,2.25,1.125,1.25
7,46023,11,455,65,100
7,46025,1,52,52,52
7,46027,2,139,69.5,74
7,46031,8,65,9.285714286,56
7,46033,9,59.25,8.464285714,52
7,46035,8,333,47.57142857,61
7,46037,1,50,50,50
7,46039,1,61,61,61
7,46041,6,279,46.5,63
7,46043,4,252,63,70
7,46045,8,139.25,17.40625,70
7,46047,8,138,19.71428571,70
7,46049,2,113,56.5,61
7,46051,1,,,
7,46053,3,57.5,19.16666667,56
7,46055,6,303,60.6,70
7,46057,2,70,70,70
7,46059,9,397.88,44.20888889,63
7,46061,3,65.25,32.625,64
7,46063,11,282.25,25.65909091,61
7,46065,5,285,57,69
7,46067,10,427,71.16666667,81
7,46069,2,122,61,70
7,46071,10,298.88,37.36,71
7,46073,1,61,61,61
7,46075,2,113,56.5,61
7,46077,1,64,64,64
7,46079,6,182,30.33333333,65
7,46081,20,21.76,1.28,3
7,46083,8,159,53,56
7,46085,7,166.5,23.78571429,56
7,46087,7,250,35.71428571,65
7,46089,1,1.75,1.75,1.75
7,46091,2,53,26.5,52
7,46093,24,532.75,25.36904762,54
7,46097,1,52,52,52
7,46099,14,225.5,32.21428571,64
7,46101,6,122,61,61
7,46102,16,256.5,17.1,68
7,46103,75,986.77,14.72791045,63
7,46105,8,222.75,27.84375,61
7,46107,7,386,55.14285714,78
7,46111,4,66,33,65
7,46115,4,156,52,52
7,46117,3,218,72.66666667,94
7,46119,2,126,63,65
7,46121,4,166,41.5,61
7,46123,14,451,34.69230769,62
7,46125,2,113,56.5,61
7,46127,4,65,65,65
7,46129,6,165.5,27.58333333,58
7,46135,2,,,
7,46137,5,263,52.6,55
8,20001,11,233.5,33.35714286,61
8,20003,8,167,33.4,61
8,20007,3,54,54,54
8,20009,15,384.75,48.09375,61
8,20011,2,52,52,52
8,20013,5,6.75,1.6875,2.75
8,20015,14,684.75,52.67307692,67
8,20017,4,165,55,61
8,20021,11,330,33,65
8,20023,22,192.88,12.055,65
8,20025,3,62.88,20.96,61
8,20027,3,52,52,52
8,20029,1,50,50,50
8,20031,5,59.01,11.802,55
8,20033,3,73,24.33333333,70
8,20035,1,52,52,52
8,20039,7,255,42.5,71
8,20041,3,,,
8,20043,3,54.75,18.25,52
8,20045,8,52,52,52
8,20051,38,1523.5,54.41071429,85
8,20053,3,61,61,61
8,20055,1,50,50,50
8,20057,6,276.88,46.14666667,61
8,20059,6,169,56.33333333,61
8,20061,2,56,56,56
8,20063,7,61.13,10.18833333,54
8,20065,20,860.88,47.82666667,91
8,20067,2,62.5,31.25,61
8,20069,2,62.25,31.125,61
8,20073,1,52,52,52
8,20075,11,15.5,1.55,2.75
8,20079,12,510.75,42.5625,65
8,20081,3,54.5,18.16666667,52
8,20083,1,52,52,52
8,20085,1,56,56,56
8,20087,24,570.13,31.67388889,63
8,20089,4,217,54.25,56
8,20091,5,277,55.4,66
8,20093,2,3,1.5,1.75
8,20097,2,65,65,65
8,20099,4,52.75,26.375,52
8,20101,1,52,52,52
8,20103,6,109,36.33333333,56
8,20107,2,62.75,31.375,61
8,20109,5,113,56.5,61
8,20111,8,528,66,81
8,20113,6,210,52.5,56
8,20115,2,113,56.5,61
8,20117,1,1.75,1.75,1.75
8,20121,1,61,61,61
8,20123,4,184.88,46.22,65
8,20125,13,393,56.14285714,61
8,20127,2,122,61,61
8,20129,2,113,56.5,61
8,20131,10,325.75,32.575,56
8,20133,10,223,37.16666667,60
8,20137,3,166,55.33333333,63
8,20139,7,168.88,24.12571429,61
8,20141,3,51,51,51
8,20143,1,,,
8,20145,3,140,46.66666667,74
8,20149,3,62.88,20.96,61
8,20151,4,155,38.75,52
8,20153,14,526.75,52.675,79
8,20155,4,119.88,29.97,61
8,20159,6,105,35,52
8,20161,11,235.25,23.525,65
8,20163,9,485,60.625,70
8,20165,2,61,61,61
8,20167,10,285,47.5,61
8,20169,3,50,50,50
8,20171,3,4.5,1.5,1.75
8,20173,19,678.25,52.17307692,64
8,20175,4,57.88,19.29333333,56
8,20177,16,274.75,17.171875,53
8,20179,4,177,44.25,67
8,20181,14,372,46.5,61
8,20183,1,,,
8,20185,1,61,61,61
8,20189,1,74,74,74
8,20191,2,104,52,52
8,20193,24,914,50.77777778,68
8,20195,10,311.01,31.101,74
8,20197,11,158.75,31.75,52
8,20199,4,170,56.66666667,66
8,20203,2,53,26.5,52
8,20205,4,51.88,25.94,51
8,31001,8,380.25,54.32142857,70
8,31005,2,122,61,70
8,31007,2,1,1,1
8,31009,2,2,1,1
8,31013,4,181,45.25,67
8,31015,1,52,52,52
8,31017,2,112,56,60
8,31019,3,1.75,1.75,1.75
8,31029,6,159,26.5,52
8,31031,7,159,26.5,52
8,31033,4,103,25.75,51
8,31035,5,297,59.4,74
8,31041,4,1,1,1
8,31045,4,114,28.5,61
8,31047,3,183,61,70
8,31049,3,6.75,2.25,2.5
8,31051,1,0.88,0.88,0.88
8,31057,4,63,21,61
8,31059,1,,,
8,31060,1,52,52,52
8,31065,3,113.75,37.91666667,62
8,31067,3,111,55.5,61
8,31069,9,125,13.88888889,60
8,31071,2,60,60,60
8,31079,13,648,64.8,76
8,31085,13,110.25,15.75,52
8,31087,25,621.25,29.58333333,91
8,31089,10,265.5,26.55,52
8,31093,1,52,52,52
8,31095,4,5.25,1.3125,1.75
8,31097,1,52,52,52
8,31101,7,185.75,26.53571429,70
8,31103,1,,,
8,31105,2,2,1,1
8,31107,4,108.25,27.0625,52
8,31111,5,2.5,1.25,1.5
8,31115,2,1.25,1.25,1.25
8,31119,1,,,
8,31123,6,61.5,10.25,54
8,31129,5,236,47.2,63
8,31131,2,,,
8,31133,1,52,52,52
8,31135,10,258.25,28.69444444,70
8,31143,1,52,52,52
8,31145,7,223.25,31.89285714,59
8,31147,2,2.75,1.375,1.75
8,31149,3,53,17.66666667,51
8,31151,1,54,54,54
8,31157,27,529.75,19.62037037,79
8,31161,9,228.5,25.38888889,65
8,31163,2,,,
8,31165,3,59,19.66666667,56
8,31167,1,,,
8,31171,1,60,60,60
8,31175,4,51.88,25.94,51
8,31183,1,51,51,51
8,31185,1,52,52,52
8,38001,2,2.25,1.125,1.25
8,38005,1,1,1,1
8,38007,2,2.75,1.375,1.75
8,38011,4,68.5,17.125,65
8,38013,1,1.75,1.75,1.75
8,38015,9,181.25,20.13888889,62
8,38021,1,70,70,70
8,38025,6,8,1.333333333,1.75
8,38027,2,2.13,1.065,1.25
8,38029,3,5.5,1.833333333,2
8,38041,3,65.5,21.83333333,63
8,38043,4,5,1.25,1.5
8,38051,1,1,1,1
8,38053,8,59.14,7.3925,52
8,38055,7,112.5,18.75,56
8,38057,2,2.5,1.25,1.5
8,38059,7,62.5,8.928571429,56
8,38061,4,56.25,14.0625,52
8,38063,1,50,50,50
8,38065,5,66.5,13.3,61
8,38069,2,71,35.5,70
8,38071,1,1,1,1
8,38073,1,52,52,52
8,38075,1,1,1,1
8,38077,2,50.75,25.375,50
8,38081,3,52,52,52
8,38083,5,9.75,1.95,2.75
8,38087,2,2.75,1.375,1.75
8,38089,4,3,1,1
8,38093,4,229,57.25,61
8,38097,2,1.5,1.5,1.5
8,38099,1,52,52,52
8,38101,8,180.5,22.5625,61
8,38103,3,3.25,1.083333333,1.25
8,46003,2,109,54.5,56
8,46005,7,2.13,1.065,1.25
8,46007,4,156,52,52
8,46009,7,57.75,19.25,56
8,46011,4,,,
8,46013,2,1,1,1
8,46015,8,9.38,1.34,2
8,46021,4,157,39.25,52
8,46023,22,117.89,9.068461538,52
8,46025,2,102,51,52
8,46029,6,105.5,35.16666667,52
8,46031,7,58.75,8.392857143,52
8,46033,10,114.63,16.37571429,58
8,46035,2,53,53,53
8,46037,2,57,57,57
8,46039,1,61,61,61
8,46041,3,53.75,17.91666667,51
8,46045,1,0.88,0.88,0.88
8,46047,16,401.25,25.078125,64
8,46049,1,1,1,1
8,46051,1,,,
8,46053,16,538.63,41.43307692,88
8,46055,2,110,55,57
8,46057,1,,,
8,46059,2,1,1,1
8,46061,1,,,
8,46063,8,165.5,20.6875,54
8,46065,14,304.25,25.35416667,68
8,46067,4,1,1,1
8,46069,2,53,26.5,52
8,46071,6,156.88,26.14666667,52
8,46075,8,213.25,26.65625,52
8,46077,1,0.75,0.75,0.75
8,46079,5,161.5,32.3,56
8,46081,9,12,1.333333333,1.75
8,46083,1,1,1,1
8,46085,16,525.75,37.55357143,70
8,46091,2,51,51,51
8,46093,8,11.38,1.4225,3
8,46095,9,121.75,13.52777778,61
8,46097,2,50.88,25.44,50
8,46099,9,107.76,17.96,52
8,46101,5,173,57.66666667,65
8,46102,12,370.5,37.05,75
8,46103,12,226,20.54545455,61
8,46105,2,1.75,0.875,1
8,46107,6,138.75,23.125,70
8,46109,1,52,52,52
8,46111,2,,,
8,46115,1,,,
8,46117,4,166,41.5,61
8,46119,9,177.88,19.76444444,61
8,46121,1,0.88,0.88,0.88
8,46123,5,165,41.25,59
8,46129,9,114.75,12.75,52
8,46135,2,,,
9,20001,1,,,
9,20007,5,246,61.5,73
9,20011,2,,,
9,20013,1,61,61,61
9,20017,1,1.25,1.25,1.25
9,20019,1,,,
9,20023,2,104,52,52
9,20029,4,56,14,53
9,20037,5,104,52,52
9,20041,2,2.75,1.375,1.75
9,20045,8,6.88,0.86,1
9,20047,1,1,1,1
9,20049,2,,,
9,20051,1,54,54,54
9,20071,1,1,1,1
9,20075,1,0.88,0.88,0.88
9,20089,2,1.63,0.815,0.88
9,20091,7,7.75,1.107142857,1.75
9,20097,4,54,18,52
9,20105,1,1,1,1
9,20109,11,7.51,1.072857143,1.5
9,20111,3,2.88,0.96,1
9,20113,2,2,1,1
9,20115,7,64.25,9.178571429,56
9,20125,1,,,
9,20139,3,2.25,1.125,1.25
9,20141,1,0.75,0.75,0.75
9,20143,1,1,1,1
9,20151,26,385.5,18.35714286,70
9,20157,1,0.88,0.88,0.88
9,20165,2,104,52,52
9,20167,1,65,65,65
9,20177,3,4,1.333333333,2
9,20179,1,0.88,0.88,0.88
9,20183,1,1.25,1.25,1.25
9,20195,3,3.75,1.25,1.75
9,20199,3,111.88,37.29333333,60
9,20201,1,0.75,0.75,0.75
9,31001,1,1.25,1.25,1.25
9,31013,7,6.51,1.085,1.5
9,31015,2,3.5,1.75,1.75
9,31017,5,,,
9,31019,1,2,2,2
9,31021,5,69.25,13.85,62
9,31025,1,1.75,1.75,1.75
9,31029,9,250.75,27.86111111,70
9,31031,13,237,18.23076923,71
9,31037,1,0.75,0.75,0.75
9,31039,2,1,1,1
9,31041,4,4.63,1.1575,2
9,31043,1,,,
9,31045,1,0.88,0.88,0.88
9,31047,1,1.25,1.25,1.25
9,31051,2,0.88,0.88,0.88
9,31053,1,1.25,1.25,1.25
9,31055,2,52.75,26.375,52
9,31057,1,1,1,1
9,31061,2,2.5,1.25,1.5
9,31065,1,2.5,2.5,2.5
9,31067,1,1.5,1.5,1.5
9,31071,2,1.88,0.94,1
9,31075,2,62,31,61
9,31077,1,1.75,1.75,1.75
9,31079,2,1.88,0.94,1
9,31083,1,1,1,1
9,31085,6,195.75,32.625,70
9,31087,1,50,50,50
9,31089,5,2,1,1
9,31093,1,1.75,1.75,1.75
9,31095,1,0.88,0.88,0.88
9,31101,3,54.5,18.16666667,52
9,31107,2,1.75,0.875,1
9,31109,7,6.63,0.947142857,1
9,31111,11,181.25,16.47727273,63
9,31113,1,1.5,1.5,1.5
9,31115,1,2.5,2.5,2.5
9,31117,1,1,1,1
9,31121,1,0.88,0.88,0.88
9,31135,2,53.75,26.875,52
9,31139,1,1,1,1
9,31145,1,56,56,56
9,31149,1,,,
9,31155,9,177.63,19.73666667,65
9,31157,3,3.75,1.25,1.75
9,31161,3,3,1,1
9,31163,1,2.5,2.5,2.5
9,31165,1,52,52,52
9,31167,1,,,
9,31169,6,60.75,12.15,56
9,31173,1,,,
9,31175,2,56,28,55
9,31177,5,4.51,0.902,1
9,31179,1,1,1,1
9,31183,1,0.88,0.88,0.88
9,38003,3,166,55.33333333,60
9,38005,2,1,1,1
9,38009,3,6,2,2.75
9,38013,1,1,1,1
9,38015,2,54.75,27.375,54
9,38017,17,724.75,45.296875,78
9,38019,8,9.88,1.235,1.5
9,38029,1,1,1,1
9,38031,2,2.25,1.125,1.25
9,38033,1,1.25,1.25,1.25
9,38035,3,108,54,55
9,38039,2,51,25.5,50
9,38043,2,104,52,52
9,38045,1,1,1,1
9,38053,6,59,9.833333333,52
9,38055,2,53,26.5,52
9,38059,1,1,1,1
9,38061,3,5.5,1.833333333,2.5
9,38063,2,,,
9,38067,10,8.75,0.972222222,1.5
9,38071,3,2,1,1
9,38073,4,250,62.5,78
9,38077,4,105.25,26.3125,52
9,38081,2,51,25.5,50
9,38083,4,60.88,20.29333333,59
9,38091,3,125,62.5,70
9,38093,7,374.5,53.5,74
9,38095,2,1.25,1.25,1.25
9,38097,2,1,1,1
9,38099,1,1,1,1
9,38101,5,8.88,1.776,2.75
9,38103,2,52,52,52
9,38105,6,59.25,9.875,52
9,46003,6,247,61.75,78
9,46005,2,,,
9,46006,1,,,
9,46007,3,54.25,18.08333333,52
9,46009,7,1,1,1
9,46011,7,,,
9,46013,1,,,
9,46015,3,104,52,52
9,46019,4,4,1,1
9,46023,10,65,16.25,62
9,46027,3,,,
9,46029,3,,,
9,46031,2,61,61,61
9,46035,5,,,
9,46037,3,,,
9,46043,3,61,61,61
9,46053,1,,,
9,46055,2,2,1,1
9,46057,3,,,
9,46061,2,,,
9,46063,1,63,63,63
9,46067,4,0.88,0.88,0.88
9,46071,2,3.25,1.625,1.75
9,46073,1,,,
9,46077,1,,,
9,46079,6,,,
9,46081,6,6.75,1.125,1.5
9,46083,13,318,63.6,70
9,46085,1,1,1,1
9,46087,4,52,52,52
9,46091,1,1,1,1
9,46093,3,111,37,57
9,46095,1,1,1,1
9,46097,1,,,
9,46099,24,475,67.85714286,78
9,46101,8,,,
9,46103,6,63.63,10.605,58
9,46105,5,160,32,54
9,46109,1,52,52,52
9,46111,3,,,
9,46115,2,,,
9,46121,6,58.13,9.688333333,52
9,46123,4,55,13.75,52
9,46125,7,143,71.5,73
9,46127,8,65,65,65
9,46135,3,,,
9,46137,2,53,26.5,52
10,20001,2,102,51,51
10,20002,2,54,54,54
10,20003,3,155,51.66666667,53
10,20013,1,51,51,51
10,20014,3,161,53.66666667,57
10,20016,2,109,54.5,56
10,20017,5,262,52.4,56
10,20032,1,52,52,52
10,20035,1,0.75,0.75,0.75
10,20041,1,52,52,52
10,20055,1,50,50,50
10,20061,1,61,61,61
10,20077,1,,,
10,20113,1,52,52,52
10,20155,3,164,54.66666667,62
10,20157,1,70,70,70
10,20169,1,50,50,50
10,20173,3,3.25,1.083333333,1.5
10,20191,1,1,1,1
10,31002,2,,,
10,31003,1,,,
10,31019,1,65,65,65
10,31020,1,53,53,53
10,31024,1,52,52,52
10,31026,1,53,53,53
10,31027,1,50,50,50
10,31028,1,50,50,50
10,31036,1,58,58,58
10,31038,1,53,53,53
10,31039,1,50,50,50
10,31043,1,,,
10,31051,1,,,
10,31054,1,55,55,55
10,31055,1,52,52,52
10,31059,2,58,58,58
10,31060,1,53,53,53
10,31067,1,35,35,35
10,31069,2,51,51,51
10,31070,1,51,51,51
10,31071,1,52,52,52
10,31081,4,205,51.25,52
10,31082,3,159,53,55
10,31095,3,,,
10,31096,1,,,
10,31133,1,,,
10,31151,1,,,
10,31169,4,,,
10,38004,2,,,
10,38005,2,,,
10,38006,2,,,
10,38007,2,,,
10,38008,2,,,
10,38011,1,,,
10,38012,2,,,
10,38013,2,,,
10,38014,2,,,
10,38015,2,,,
10,38016,2,,,
10,38018,1,,,
10,38019,1,,,
10,38020,1,,,
10,38021,2,,,
10,38022,2,,,
10,38023,2,,,
10,38024,2,,,
10,38025,2,,,
10,38026,2,,,
10,38027,2,,,
10,38028,2,,,
10,38029,2,,,
10,38030,2,,,
10,38032,1,,,
10,38033,1,,,
10,38034,1,,,
10,38035,1,,,
10,38036,1,,,
10,38037,2,,,
10,38038,2,,,
10,38039,2,,,
10,38040,1,,,
10,38041,1,,,
10,38042,1,,,
10,38043,1,,,
10,38044,1,,,
10,38045,1,,,
10,38046,1,,,
10,38047,1,,,
10,38048,2,,,
10,38049,2,,,
10,38050,1,,,
10,38051,2,,,
10,38052,2,,,
10,38053,1,,,
10,38054,2,,,
10,46001,1,,,
10,46002,1,,,
10,46003,1,,,
10,46004,1,,,
10,46005,2,,,
10,46006,1,,,
10,46007,2,35,35,35
10,46008,2,52,52,52
10,46009,6,,,
10,46010,1,,,
10,46011,3,35,35,35
10,46012,1,,,
10,46013,2,,,
10,46014,1,,,
10,46015,1,,,
10,46016,1,,,
10,46017,1,,,
10,46019,1,50,50,50
10,46020,1,55,55,55
10,46021,1,52,52,52
10,46022,1,50,50,50
10,46023,3,52,52,52
10,46024,2,,,
10,46025,2,,,
10,46026,2,58,58,58
10,46027,1,,,
10,46028,2,,,
10,46029,3,73,73,73
10,46030,1,,,
10,46031,3,55,55,55
10,46032,1,,,
10,46033,1,,,
10,46034,1,,,
10,46035,2,,,
10,46036,1,,,
10,46038,1,,,
10,46039,1,,,
10,46040,2,50,50,50
10,46041,1,,,
10,46042,1,,,
10,46043,1,,,
10,46044,1,,,
10,46045,1,,,
10,46046,1,,,
10,46047,1,,,
10,46049,1,,,
10,46050,1,,,
10,46052,1,,,
10,46054,1,,,
10,46055,1,,,
10,46057,2,,,
10,46058,1,,,
10,46061,2,53,53,53
10,46062,2,102,51,52
10,46067,4,51,51,51
10,46071,1,50,50,50
10,46072,1,,,
10,46073,2,52,52,52
10,46074,2,55,55,55
10,46083,1,,,
10,46099,1,,,
10,46101,1,,,
10,46111,2,,,
10,46115,1,,,
10,46127,4,,,
10,46135,3,,,
11,20001,3,51,51,51
11,20002,2,57,57,57
11,20003,2,50,50,50
11,20004,2,50,50,50
11,20005,2,56,56,56
11,20006,1,56,56,56
11,20007,1,56,56,56
11,20013,2,59,59,59
11,20014,2,55,55,55
11,20015,2,59,59,59
11,20016,1,56,56,56
11,20017,1,59,59,59
11,20018,1,56,56,56
11,20019,1,56,56,56
11,20027,1,52,52,52
11,20028,1,50,50,50
11,20029,1,50,50,50
11,20030,1,,,
11,20031,1,,,
11,20032,2,53,53,53
11,20033,2,50,50,50
11,20035,1,,,
11,20047,2,44,44,44
11,20048,1,50,50,50
11,20049,2,35,35,35
11,20050,1,50,50,50
11,20051,2,51,51,51
11,20052,1,52,52,52
11,20053,1,54,54,54
11,20063,1,51,51,51
11,20067,2,51,51,51
11,20068,1,50,50,50
11,20069,1,52,52,52
11,20082,1,52,52,52
11,20083,2,108,54,56
11,20090,1,51,51,51
11,20091,1,46,46,46
11,20092,1,50,50,50
11,20093,1,54,54,54
11,20099,1,65,65,65
11,31002,1,,,
11,31003,1,,,
11,31004,1,,,
11,31005,1,,,
11,31006,1,,,
11,31007,1,,,
11,31008,1,,,
11,31009,1,,,
11,31010,1,,,
11,31011,1,,,
11,31012,1,,,
11,31013,2,,,
11,31014,2,,,
11,31015,1,,,
11,31016,1,,,
11,31017,1,,,
11,31018,1,,,
11,31019,2,,,
11,31020,2,,,
11,31021,2,,,
11,31022,2,,,
11,31023,1,,,
11,31024,2,,,
11,31025,3,,,
11,31026,2,56,56,56
11,31027,2,56,56,56
11,31028,2,54,54,54
11,31029,1,54,54,54
11,31030,1,,,
11,31031,1,,,
11,31032,1,,,
11,31033,1,,,
11,31034,1,,,
11,31036,1,,,
11,31037,2,51,51,51
11,31038,3,56,56,56
11,31039,2,56,56,56
11,31040,2,56,56,56
11,31041,2,56,56,56
11,31042,1,,,
11,31043,1,,,
11,31044,1,,,
11,31045,1,,,
11,31046,2,56,56,56
11,31047,2,56,56,56
11,31048,2,56,56,56
11,31049,2,56,56,56
11,31050,1,,,
11,31051,1,,,
11,31054,2,,,
11,31055,2,,,
11,31056,2,35,35,35
11,31057,2,35,35,35
11,31058,2,57,57,57
11,31059,2,51,51,51
11,31060,2,56,56,56
11,31061,2,56,56,56
11,31062,2,56,56,56
11,31063,2,56,56,56
11,31064,2,56,56,56
11,31065,1,,,
11,31069,2,57,57,57
11,31070,2,57,57,57
11,31071,2,51,51,51
11,31072,2,56,56,56
11,31073,2,56,56,56
11,31074,2,61,61,61
11,31075,2,56,56,56
11,31076,2,56,56,56
11,31077,1,59,59,59
11,31079,2,50,50,50
11,31080,2,50,50,50
11,31081,2,53,53,53
11,31082,2,58,58,58
11,31083,2,56,56,56
11,31084,2,56,56,56
11,31085,2,56,56,56
11,31086,1,56,56,56
11,31087,1,56,56,56
11,31094,1,,,
11,31095,2,,,
11,31096,1,,,
11,38001,1,,,
11,38002,1,,,
11,38007,1,,,
11,38015,1,,,
11,38019,1,,,
11,38020,1,,,
11,38021,1,,,
11,38022,1,,,
11,38023,1,,,
11,38025,1,,,
11,38026,2,,,
11,38027,1,,,
11,38028,1,,,
11,38029,1,,,
11,38030,1,,,
11,38033,1,,,
11,38034,1,,,
11,38035,1,,,
11,38036,1,,,
11,38037,1,,,
11,38038,1,,,
11,38039,1,,,
11,38040,1,,,
11,38041,1,,,
11,38042,1,,,
11,38043,1,,,
11,38044,1,,,
11,38045,1,,,
11,38047,1,,,
11,38048,1,,,
11,38049,1,,,
11,38050,1,,,
11,38051,1,,,
11,38052,1,,,
11,38053,1,,,
11,38054,1,,,
11,46001,2,,,
11,46002,2,,,
11,46003,1,,,
11,46004,1,,,
11,46005,2,,,
11,46006,1,,,
11,46007,1,,,
11,46008,1,,,
11,46009,5,,,
11,46010,1,,,
11,46011,2,,,
11,46012,2,,,
11,46013,3,,,
11,46014,2,,,
11,46015,1,,,
11,46016,1,,,
11,46017,1,,,
11,46018,1,,,
11,46019,1,,,
11,46021,1,,,
11,46023,3,,,
11,46024,2,,,
11,46025,2,,,
11,46026,2,,,
11,46027,2,,,
11,46028,2,,,
11,46029,3,,,
11,46030,2,,,
11,46031,2,,,
11,46032,2,,,
11,46033,1,,,
11,46034,1,,,
11,46035,2,,,
11,46036,1,,,
11,46037,1,,,
11,46038,2,,,
11,46039,2,,,
11,46040,3,,,
11,46041,2,,,
11,46042,2,,,
11,46043,2,,,
11,46044,2,,,
11,46045,1,,,
11,46046,1,,,
11,46047,1,,,
11,46048,1,,,
11,46049,1,,,
11,46050,2,,,
11,46051,1,,,
11,46052,2,,,
11,46053,3,,,
11,46054,3,,,
11,46055,3,,,
11,46056,3,,,
11,46057,2,,,
11,46058,1,,,
11,46059,3,,,
11,46060,3,,,
11,46061,4,,,
11,46062,3,,,
11,46063,2,,,
11,46064,2,,,
11,46065,2,,,
11,46066,3,,,
11,46067,5,,,
11,46068,2,,,
11,46069,2,,,
11,46070,2,,,
11,46071,2,,,
11,46072,2,,,
11,46073,2,,,
11,46074,2,,,
11,46111,2,,,
11,46115,1,,,
11,46135,1,,,
12,20001,1,,,
12,20002,1,,,
12,20013,1,,,
12,20014,1,,,
12,20017,1,,,
12,20018,1,,,
12,20019,1,,,
12,20022,1,,,
12,20023,1,,,
12,20024,1,,,
12,20025,1,,,
12,20027,1,,,
12,20028,1,,,
12,20029,1,,,
12,20032,1,,,
12,20033,2,55,55,55
12,20035,1,,,
12,20036,1,,,
12,20037,1,52,52,52
12,20038,1,,,
12,20049,2,50,50,50
12,20050,1,35,35,35
12,20051,1,,,
12,20052,1,37,37,37
12,20057,1,,,
12,20083,1,,,
12,20103,1,,,
12,20104,1,,,
12,20105,1,,,
12,31002,1,,,
12,31003,1,,,
12,31004,2,,,
12,31005,2,,,
12,31006,2,,,
12,31007,2,,,
12,31008,2,,,
12,31009,2,,,
12,31010,2,,,
12,31011,1,,,
12,31013,1,,,
12,31014,1,,,
12,31016,1,,,
12,31017,1,,,
12,31019,2,57,57,57
12,31020,1,,,
12,31021,1,,,
12,31024,1,,,
12,31025,2,,,
12,31026,1,,,
12,31027,1,,,
12,31028,1,,,
12,31029,1,,,
12,31036,1,,,
12,31037,1,,,
12,31038,1,,,
12,31039,2,,,
12,31040,2,,,
12,31041,2,,,
12,31046,1,,,
12,31047,1,,,
12,31048,1,,,
12,31059,1,,,
12,31060,1,,,
12,31061,1,,,
12,31062,1,,,
12,31063,1,,,
12,31071,1,,,
12,31072,1,,,
12,31073,1,,,
12,31074,1,,,
12,31075,1,,,
12,31081,1,51,51,51
12,31082,1,,,
12,31083,1,,,
12,31084,1,,,
12,31085,1,,,
12,31094,2,,,
12,31095,1,,,
12,31096,1,,,
12,38008,1,,,
12,38016,2,,,
12,38018,1,,,
12,38019,1,,,
12,38020,1,,,
12,38023,1,,,
12,38024,2,,,
12,38025,2,,,
12,38026,3,,,
12,38027,4,,,
12,38028,4,,,
12,38029,4,,,
12,38030,4,,,
12,38034,1,,,
12,38035,1,,,
12,38036,2,,,
12,38037,3,,,
12,38038,4,,,
12,38039,4,,,
12,38045,1,,,
12,38046,1,,,
12,38047,3,,,
12,38048,3,,,
12,38049,4,,,
12,38050,2,,,
12,38051,2,,,
12,38052,3,,,
12,38053,3,,,
12,46003,2,,,
12,46004,3,,,
12,46005,4,,,
12,46006,3,,,
12,46007,3,,,
12,46008,2,,,
12,46009,6,,,
12,46010,3,,,
12,46011,4,,,
12,46013,2,,,
12,46014,1,,,
12,46015,2,,,
12,46016,3,,,
12,46017,3,,,
12,46018,3,,,
12,46019,3,,,
12,46020,1,,,
12,46021,2,,,
12,46022,1,,,
12,46023,3,,,
12,46024,1,,,
12,46025,1,,,
12,46027,1,,,
12,46031,1,,,
12,46032,1,,,
12,46033,2,,,
12,46034,3,,,
12,46035,3,,,
12,46036,3,,,
12,46037,3,,,
12,46038,2,,,
12,46039,2,,,
12,46040,2,,,
12,46041,1,,,
12,46042,1,,,
12,46043,1,,,
12,46044,1,,,
12,46045,2,,,
12,46046,1,,,
12,46047,1,,,
12,46048,1,,,
12,46049,1,,,
12,46050,2,,,
12,46051,1,,,
12,46052,2,,,
12,46053,2,,,
12,46054,2,,,
12,46055,2,,,
12,46056,2,,,
12,46057,2,,,
12,46058,2,,,
12,46059,2,,,
12,46060,2,,,
12,46061,3,,,
12,46062,2,,,
12,46063,2,,,
12,46064,2,,,
12,46065,2,,,
12,46066,2,,,
12,46067,4,,,
12,46068,2,,,
12,46069,2,,,
12,46070,1,,,
12,46071,1,,,
12,46073,1,,,
12,46101,1,,,
12,46111,2,,,
12,46115,1,,,
12,46135,1,,,
